sku_id,date,weekly_units
SKU0001,2024-01-07,131
SKU0001,2024-01-14,125
SKU0001,2024-01-21,160
SKU0001,2024-01-28,102
SKU0001,2024-02-04,114
SKU0001,2024-02-11,98
SKU0001,2024-02-18,98
SKU0001,2024-02-25,113
SKU0001,2024-03-03,93
SKU0001,2024-03-10,77
SKU0001,2024-03-17,98
SKU0001,2024-03-24,101
SKU0001,2024-03-31,81
SKU0001,2024-04-07,96
SKU0001,2024-04-14,104
SKU0001,2024-04-21,88
SKU0001,2024-04-28,56
SKU0001,2024-05-05,73
SKU0001,2024-05-12,81
SKU0001,2024-05-19,71
SKU0001,2024-05-26,78
SKU0001,2024-06-02,84
SKU0001,2024-06-09,82
SKU0001,2024-06-16,68
SKU0001,2024-06-23,62
SKU0001,2024-06-30,69
SKU0001,2024-07-07,62
SKU0001,2024-07-14,60
SKU0001,2024-07-21,84
SKU0001,2024-07-28,85
SKU0001,2024-08-04,81
SKU0001,2024-08-11,96
SKU0001,2024-08-18,89
SKU0001,2024-08-25,79
SKU0001,2024-09-01,86
SKU0001,2024-09-08,101
SKU0001,2024-09-15,103
SKU0001,2024-09-22,126
SKU0001,2024-09-29,129
SKU0001,2024-10-06,136
SKU0001,2024-10-13,127
SKU0001,2024-10-20,169
SKU0001,2024-10-27,244
SKU0001,2024-11-03,168
SKU0001,2024-11-10,157
SKU0001,2024-11-17,169
SKU0001,2024-11-24,195
SKU0001,2024-12-01,254
SKU0001,2024-12-08,193
SKU0001,2024-12-15,187
SKU0001,2024-12-22,202
SKU0001,2024-12-29,184
SKU0001,2025-01-05,172
SKU0001,2025-01-12,183
SKU0001,2025-01-19,290
SKU0001,2025-01-26,190
SKU0001,2025-02-02,173
SKU0001,2025-02-09,155
SKU0001,2025-02-16,162
SKU0001,2025-02-23,181
SKU0001,2025-03-02,146
SKU0001,2025-03-09,139
SKU0001,2025-03-16,145
SKU0001,2025-03-23,133
SKU0001,2025-03-30,141
SKU0001,2025-04-06,150
SKU0001,2025-04-13,108
SKU0001,2025-04-20,135
SKU0001,2025-04-27,111
SKU0001,2025-05-04,118
SKU0001,2025-05-11,98
SKU0001,2025-05-18,81
SKU0001,2025-05-25,98
SKU0001,2025-06-01,105
SKU0001,2025-06-08,144
SKU0001,2025-06-15,91
SKU0001,2025-06-22,108
SKU0001,2025-06-29,105
SKU0001,2025-07-06,104
SKU0001,2025-07-13,121
SKU0001,2025-07-20,119
SKU0001,2025-07-27,124
SKU0001,2025-08-03,103
SKU0001,2025-08-10,132
SKU0001,2025-08-17,135
SKU0001,2025-08-24,139
SKU0001,2025-08-31,133
SKU0001,2025-09-07,142
SKU0001,2025-09-14,155
SKU0001,2025-09-21,181
SKU0001,2025-09-28,180
SKU0001,2025-10-05,47
SKU0002,2024-01-07,154
SKU0002,2024-01-14,157
SKU0002,2024-01-21,197
SKU0002,2024-01-28,141
SKU0002,2024-02-04,141
SKU0002,2024-02-11,151
SKU0002,2024-02-18,143
SKU0002,2024-02-25,148
SKU0002,2024-03-03,111
SKU0002,2024-03-10,138
SKU0002,2024-03-17,149
SKU0002,2024-03-24,145
SKU0002,2024-03-31,118
SKU0002,2024-04-07,128
SKU0002,2024-04-14,149
SKU0002,2024-04-21,129
SKU0002,2024-04-28,123
SKU0002,2024-05-05,115
SKU0002,2024-05-12,99
SKU0002,2024-05-19,113
SKU0002,2024-05-26,113
SKU0002,2024-06-02,151
SKU0002,2024-06-09,131
SKU0002,2024-06-16,102
SKU0002,2024-06-23,97
SKU0002,2024-06-30,112
SKU0002,2024-07-07,112
SKU0002,2024-07-14,122
SKU0002,2024-07-21,131
SKU0002,2024-07-28,144
SKU0002,2024-08-04,141
SKU0002,2024-08-11,146
SKU0002,2024-08-18,169
SKU0002,2024-08-25,172
SKU0002,2024-09-01,184
SKU0002,2024-09-08,177
SKU0002,2024-09-15,195
SKU0002,2024-09-22,225
SKU0002,2024-09-29,220
SKU0002,2024-10-06,223
SKU0002,2024-10-13,258
SKU0002,2024-10-20,318
SKU0002,2024-10-27,449
SKU0002,2024-11-03,289
SKU0002,2024-11-10,267
SKU0002,2024-11-17,283
SKU0002,2024-11-24,353
SKU0002,2024-12-01,447
SKU0002,2024-12-08,345
SKU0002,2024-12-15,329
SKU0002,2024-12-22,322
SKU0002,2024-12-29,336
SKU0002,2025-01-05,344
SKU0002,2025-01-12,332
SKU0002,2025-01-19,495
SKU0002,2025-01-26,343
SKU0002,2025-02-02,337
SKU0002,2025-02-09,325
SKU0002,2025-02-16,334
SKU0002,2025-02-23,312
SKU0002,2025-03-02,296
SKU0002,2025-03-09,313
SKU0002,2025-03-16,318
SKU0002,2025-03-23,270
SKU0002,2025-03-30,266
SKU0002,2025-04-06,277
SKU0002,2025-04-13,236
SKU0002,2025-04-20,239
SKU0002,2025-04-27,250
SKU0002,2025-05-04,245
SKU0002,2025-05-11,237
SKU0002,2025-05-18,197
SKU0002,2025-05-25,209
SKU0002,2025-06-01,253
SKU0002,2025-06-08,289
SKU0002,2025-06-15,226
SKU0002,2025-06-22,201
SKU0002,2025-06-29,211
SKU0002,2025-07-06,224
SKU0002,2025-07-13,231
SKU0002,2025-07-20,239
SKU0002,2025-07-27,256
SKU0002,2025-08-03,264
SKU0002,2025-08-10,270
SKU0002,2025-08-17,294
SKU0002,2025-08-24,286
SKU0002,2025-08-31,321
SKU0002,2025-09-07,322
SKU0002,2025-09-14,333
SKU0002,2025-09-21,368
SKU0002,2025-09-28,374
SKU0002,2025-10-05,97
SKU0003,2024-01-07,25
SKU0003,2024-01-14,21
SKU0003,2024-01-21,19
SKU0003,2024-01-28,18
SKU0003,2024-02-04,18
SKU0003,2024-02-11,22
SKU0003,2024-02-18,14
SKU0003,2024-02-25,16
SKU0003,2024-03-03,20
SKU0003,2024-03-10,20
SKU0003,2024-03-17,20
SKU0003,2024-03-24,21
SKU0003,2024-03-31,14
SKU0003,2024-04-07,13
SKU0003,2024-04-14,23
SKU0003,2024-04-21,17
SKU0003,2024-04-28,11
SKU0003,2024-05-05,9
SKU0003,2024-05-12,19
SKU0003,2024-05-19,9
SKU0003,2024-05-26,8
SKU0003,2024-06-02,18
SKU0003,2024-06-09,21
SKU0003,2024-06-16,17
SKU0003,2024-06-23,7
SKU0003,2024-06-30,18
SKU0003,2024-07-07,12
SKU0003,2024-07-14,16
SKU0003,2024-07-21,9
SKU0003,2024-07-28,14
SKU0003,2024-08-04,20
SKU0003,2024-08-11,19
SKU0003,2024-08-18,12
SKU0003,2024-08-25,11
SKU0003,2024-09-01,10
SKU0003,2024-09-08,13
SKU0003,2024-09-15,22
SKU0003,2024-09-22,19
SKU0003,2024-09-29,23
SKU0003,2024-10-06,15
SKU0003,2024-10-13,14
SKU0003,2024-10-20,22
SKU0003,2024-10-27,32
SKU0003,2024-11-03,20
SKU0003,2024-11-10,18
SKU0003,2024-11-17,16
SKU0003,2024-11-24,15
SKU0003,2024-12-01,18
SKU0003,2024-12-08,15
SKU0003,2024-12-15,15
SKU0003,2024-12-22,19
SKU0003,2024-12-29,18
SKU0003,2025-01-05,22
SKU0003,2025-01-12,23
SKU0003,2025-01-19,23
SKU0003,2025-01-26,12
SKU0003,2025-02-02,18
SKU0003,2025-02-09,14
SKU0003,2025-02-16,15
SKU0003,2025-02-23,16
SKU0003,2025-03-02,13
SKU0003,2025-03-09,19
SKU0003,2025-03-16,9
SKU0003,2025-03-23,14
SKU0003,2025-03-30,15
SKU0003,2025-04-06,19
SKU0003,2025-04-13,17
SKU0003,2025-04-20,9
SKU0003,2025-04-27,7
SKU0003,2025-05-04,12
SKU0003,2025-05-11,9
SKU0003,2025-05-18,11
SKU0003,2025-05-25,13
SKU0003,2025-06-01,12
SKU0003,2025-06-08,16
SKU0003,2025-06-15,12
SKU0003,2025-06-22,8
SKU0003,2025-06-29,6
SKU0003,2025-07-06,8
SKU0003,2025-07-13,11
SKU0003,2025-07-20,16
SKU0003,2025-07-27,10
SKU0003,2025-08-03,11
SKU0003,2025-08-10,12
SKU0003,2025-08-17,10
SKU0003,2025-08-24,10
SKU0003,2025-08-31,15
SKU0003,2025-09-07,12
SKU0003,2025-09-14,14
SKU0003,2025-09-21,7
SKU0003,2025-09-28,11
SKU0003,2025-10-05,2
SKU0004,2024-12-01,1
SKU0004,2024-12-08,5
SKU0004,2024-12-15,1
SKU0004,2024-12-22,3
SKU0004,2024-12-29,4
SKU0004,2025-01-05,1
SKU0004,2025-01-12,5
SKU0004,2025-01-19,2
SKU0004,2025-01-26,6
SKU0004,2025-02-02,3
SKU0004,2025-02-09,4
SKU0004,2025-02-16,2
SKU0004,2025-02-23,4
SKU0004,2025-03-02,2
SKU0004,2025-03-09,2
SKU0004,2025-03-16,4
SKU0004,2025-03-23,2
SKU0004,2025-03-30,1
SKU0004,2025-04-06,1
SKU0004,2025-04-13,3
SKU0004,2025-04-20,1
SKU0004,2025-04-27,3
SKU0004,2025-05-04,0
SKU0004,2025-05-11,2
SKU0004,2025-05-18,0
SKU0004,2025-05-25,0
SKU0004,2025-06-01,1
SKU0004,2025-06-08,1
SKU0004,2025-06-15,0
SKU0004,2025-06-22,0
SKU0004,2025-06-29,0
SKU0004,2025-07-06,2
SKU0004,2025-07-13,0
SKU0004,2025-07-20,2
SKU0004,2025-07-27,2
SKU0004,2025-08-03,0
SKU0004,2025-08-10,2
SKU0004,2025-08-17,4
SKU0004,2025-08-24,2
SKU0004,2025-08-31,0
SKU0004,2025-09-07,1
SKU0004,2025-09-14,0
SKU0004,2025-09-21,0
SKU0004,2025-09-28,0
SKU0004,2025-10-05,1
SKU0005,2024-01-07,10
SKU0005,2024-01-14,5
SKU0005,2024-01-21,8
SKU0005,2024-01-28,6
SKU0005,2024-02-04,8
SKU0005,2024-02-11,5
SKU0005,2024-02-18,4
SKU0005,2024-02-25,4
SKU0005,2024-03-03,5
SKU0005,2024-03-10,0
SKU0005,2024-03-17,7
SKU0005,2024-03-24,3
SKU0005,2024-03-31,8
SKU0005,2024-04-07,4
SKU0005,2024-04-14,8
SKU0005,2024-04-21,3
SKU0005,2024-04-28,2
SKU0005,2024-05-05,5
SKU0005,2024-05-12,5
SKU0005,2024-05-19,2
SKU0005,2024-05-26,4
SKU0005,2024-06-02,1
SKU0005,2024-06-09,5
SKU0005,2024-06-16,4
SKU0005,2024-06-23,3
SKU0005,2024-06-30,2
SKU0005,2024-07-07,5
SKU0005,2024-07-14,4
SKU0005,2024-07-21,3
SKU0005,2024-07-28,6
SKU0005,2024-08-04,3
SKU0005,2024-08-11,2
SKU0005,2024-08-18,4
SKU0005,2024-08-25,3
SKU0005,2024-09-01,4
SKU0005,2024-09-08,6
SKU0005,2024-09-15,4
SKU0005,2024-09-22,6
SKU0005,2024-09-29,9
SKU0005,2024-10-06,3
SKU0005,2024-10-13,5
SKU0005,2024-10-20,4
SKU0005,2024-10-27,6
SKU0005,2024-11-03,3
SKU0005,2024-11-10,7
SKU0005,2024-11-17,2
SKU0005,2024-11-24,10
SKU0005,2024-12-01,13
SKU0005,2024-12-08,7
SKU0005,2024-12-15,6
SKU0005,2024-12-22,6
SKU0005,2024-12-29,7
SKU0005,2025-01-05,9
SKU0005,2025-01-12,3
SKU0005,2025-01-19,6
SKU0005,2025-01-26,6
SKU0005,2025-02-02,3
SKU0005,2025-02-09,8
SKU0005,2025-02-16,6
SKU0005,2025-02-23,9
SKU0005,2025-03-02,6
SKU0005,2025-03-09,3
SKU0005,2025-03-16,4
SKU0005,2025-03-23,6
SKU0005,2025-03-30,8
SKU0005,2025-04-06,4
SKU0005,2025-04-13,4
SKU0005,2025-04-20,6
SKU0005,2025-04-27,4
SKU0005,2025-05-04,9
SKU0005,2025-05-11,3
SKU0005,2025-05-18,3
SKU0005,2025-05-25,7
SKU0005,2025-06-01,0
SKU0005,2025-06-08,3
SKU0005,2025-06-15,5
SKU0005,2025-06-22,4
SKU0005,2025-06-29,3
SKU0005,2025-07-06,3
SKU0005,2025-07-13,5
SKU0005,2025-07-20,8
SKU0005,2025-07-27,7
SKU0005,2025-08-03,2
SKU0005,2025-08-10,6
SKU0005,2025-08-17,5
SKU0005,2025-08-24,3
SKU0005,2025-08-31,4
SKU0005,2025-09-07,2
SKU0005,2025-09-14,4
SKU0005,2025-09-21,5
SKU0005,2025-09-28,4
SKU0005,2025-10-05,4
SKU0006,2024-10-13,16
SKU0006,2024-10-20,130
SKU0006,2024-10-27,145
SKU0006,2024-11-03,90
SKU0006,2024-11-10,100
SKU0006,2024-11-17,76
SKU0006,2024-11-24,115
SKU0006,2024-12-01,151
SKU0006,2024-12-08,115
SKU0006,2024-12-15,80
SKU0006,2024-12-22,104
SKU0006,2024-12-29,113
SKU0006,2025-01-05,99
SKU0006,2025-01-12,114
SKU0006,2025-01-19,154
SKU0006,2025-01-26,119
SKU0006,2025-02-02,103
SKU0006,2025-02-09,115
SKU0006,2025-02-16,108
SKU0006,2025-02-23,86
SKU0006,2025-03-02,112
SKU0006,2025-03-09,115
SKU0006,2025-03-16,100
SKU0006,2025-03-23,98
SKU0006,2025-03-30,94
SKU0006,2025-04-06,92
SKU0006,2025-04-13,86
SKU0006,2025-04-20,119
SKU0006,2025-04-27,109
SKU0006,2025-05-04,97
SKU0006,2025-05-11,114
SKU0006,2025-05-18,108
SKU0006,2025-05-25,99
SKU0006,2025-06-01,109
SKU0006,2025-06-08,120
SKU0006,2025-06-15,94
SKU0006,2025-06-22,102
SKU0006,2025-06-29,96
SKU0006,2025-07-06,98
SKU0006,2025-07-13,105
SKU0006,2025-07-20,100
SKU0006,2025-07-27,103
SKU0006,2025-08-03,108
SKU0006,2025-08-10,115
SKU0006,2025-08-17,135
SKU0006,2025-08-24,110
SKU0006,2025-08-31,123
SKU0006,2025-09-07,127
SKU0006,2025-09-14,128
SKU0006,2025-09-21,138
SKU0006,2025-09-28,131
SKU0006,2025-10-05,28
SKU0007,2024-01-07,53
SKU0007,2024-01-14,56
SKU0007,2024-01-21,65
SKU0007,2024-01-28,62
SKU0007,2024-02-04,51
SKU0007,2024-02-11,42
SKU0007,2024-02-18,52
SKU0007,2024-02-25,49
SKU0007,2024-03-03,48
SKU0007,2024-03-10,43
SKU0007,2024-03-17,34
SKU0007,2024-03-24,45
SKU0007,2024-03-31,29
SKU0007,2024-04-07,34
SKU0007,2024-04-14,33
SKU0007,2024-04-21,43
SKU0007,2024-04-28,29
SKU0007,2024-05-05,32
SKU0007,2024-05-12,33
SKU0007,2024-05-19,31
SKU0007,2024-05-26,28
SKU0007,2024-06-02,40
SKU0007,2024-06-09,33
SKU0007,2024-06-16,27
SKU0007,2024-06-23,25
SKU0007,2024-06-30,40
SKU0007,2024-07-07,32
SKU0007,2024-07-14,36
SKU0007,2024-07-21,38
SKU0007,2024-07-28,46
SKU0007,2024-08-04,53
SKU0007,2024-08-11,43
SKU0007,2024-08-18,61
SKU0007,2024-08-25,44
SKU0007,2024-09-01,48
SKU0007,2024-09-08,51
SKU0007,2024-09-15,52
SKU0007,2024-09-22,65
SKU0007,2024-09-29,62
SKU0007,2024-10-06,67
SKU0007,2024-10-13,67
SKU0007,2024-10-20,76
SKU0007,2024-10-27,112
SKU0007,2024-11-03,64
SKU0007,2024-11-10,72
SKU0007,2024-11-17,81
SKU0007,2024-11-24,93
SKU0007,2024-12-01,111
SKU0007,2024-12-08,69
SKU0007,2024-12-15,88
SKU0007,2024-12-22,80
SKU0007,2024-12-29,67
SKU0007,2025-01-05,68
SKU0007,2025-01-12,78
SKU0007,2025-01-19,116
SKU0007,2025-01-26,65
SKU0007,2025-02-02,81
SKU0007,2025-02-09,70
SKU0007,2025-02-16,78
SKU0007,2025-02-23,71
SKU0007,2025-03-02,77
SKU0007,2025-03-09,62
SKU0007,2025-03-16,72
SKU0007,2025-03-23,65
SKU0007,2025-03-30,54
SKU0007,2025-04-06,60
SKU0007,2025-04-13,51
SKU0007,2025-04-20,46
SKU0007,2025-04-27,65
SKU0007,2025-05-04,48
SKU0007,2025-05-11,48
SKU0007,2025-05-18,44
SKU0007,2025-05-25,51
SKU0007,2025-06-01,53
SKU0007,2025-06-08,66
SKU0007,2025-06-15,52
SKU0007,2025-06-22,45
SKU0007,2025-06-29,41
SKU0007,2025-07-06,55
SKU0007,2025-07-13,55
SKU0007,2025-07-20,52
SKU0007,2025-07-27,45
SKU0007,2025-08-03,63
SKU0007,2025-08-10,49
SKU0007,2025-08-17,56
SKU0007,2025-08-24,68
SKU0007,2025-08-31,72
SKU0007,2025-09-07,71
SKU0007,2025-09-14,63
SKU0007,2025-09-21,78
SKU0007,2025-09-28,89
SKU0007,2025-10-05,18
SKU0008,2024-01-07,108
SKU0008,2024-01-14,123
SKU0008,2024-01-21,172
SKU0008,2024-01-28,113
SKU0008,2024-02-04,107
SKU0008,2024-02-11,96
SKU0008,2024-02-18,82
SKU0008,2024-02-25,102
SKU0008,2024-03-03,98
SKU0008,2024-03-10,112
SKU0008,2024-03-17,106
SKU0008,2024-03-24,118
SKU0008,2024-03-31,108
SKU0008,2024-04-07,93
SKU0008,2024-04-14,106
SKU0008,2024-04-21,106
SKU0008,2024-04-28,97
SKU0008,2024-05-05,84
SKU0008,2024-05-12,112
SKU0008,2024-05-19,96
SKU0008,2024-05-26,107
SKU0008,2024-06-02,146
SKU0008,2024-06-09,119
SKU0008,2024-06-16,112
SKU0008,2024-06-23,88
SKU0008,2024-06-30,100
SKU0008,2024-07-07,85
SKU0008,2024-07-14,94
SKU0008,2024-07-21,114
SKU0008,2024-07-28,92
SKU0008,2024-08-04,102
SKU0008,2024-08-11,98
SKU0008,2024-08-18,99
SKU0008,2024-08-25,123
SKU0008,2024-09-01,102
SKU0008,2024-09-08,129
SKU0008,2024-09-15,114
SKU0008,2024-09-22,124
SKU0008,2024-09-29,120
SKU0008,2024-10-06,135
SKU0008,2024-10-13,143
SKU0008,2024-10-20,168
SKU0008,2024-10-27,231
SKU0008,2024-11-03,136
SKU0008,2024-11-10,153
SKU0008,2024-11-17,115
SKU0008,2024-11-24,164
SKU0008,2024-12-01,196
SKU0008,2024-12-08,163
SKU0008,2024-12-15,154
SKU0008,2024-12-22,165
SKU0008,2024-12-29,159
SKU0008,2025-01-05,132
SKU0008,2025-01-12,151
SKU0008,2025-01-19,228
SKU0008,2025-01-26,155
SKU0008,2025-02-02,154
SKU0008,2025-02-09,147
SKU0008,2025-02-16,150
SKU0008,2025-02-23,149
SKU0008,2025-03-02,129
SKU0008,2025-03-09,152
SKU0008,2025-03-16,149
SKU0008,2025-03-23,131
SKU0008,2025-03-30,133
SKU0008,2025-04-06,120
SKU0008,2025-04-13,134
SKU0008,2025-04-20,145
SKU0008,2025-04-27,140
SKU0008,2025-05-04,147
SKU0008,2025-05-11,138
SKU0008,2025-05-18,134
SKU0008,2025-05-25,120
SKU0008,2025-06-01,129
SKU0008,2025-06-08,185
SKU0008,2025-06-15,157
SKU0008,2025-06-22,158
SKU0008,2025-06-29,127
SKU0008,2025-07-06,150
SKU0008,2025-07-13,124
SKU0008,2025-07-20,144
SKU0008,2025-07-27,145
SKU0008,2025-08-03,124
SKU0008,2025-08-10,133
SKU0008,2025-08-17,139
SKU0008,2025-08-24,132
SKU0008,2025-08-31,173
SKU0008,2025-09-07,143
SKU0008,2025-09-14,163
SKU0008,2025-09-21,148
SKU0008,2025-09-28,169
SKU0008,2025-10-05,57
SKU0009,2024-01-07,132
SKU0009,2024-01-14,127
SKU0009,2024-01-21,160
SKU0009,2024-01-28,158
SKU0009,2024-02-04,136
SKU0009,2024-02-11,117
SKU0009,2024-02-18,114
SKU0009,2024-02-25,102
SKU0009,2024-03-03,107
SKU0009,2024-03-10,118
SKU0009,2024-03-17,102
SKU0009,2024-03-24,106
SKU0009,2024-03-31,90
SKU0009,2024-04-07,105
SKU0009,2024-04-14,94
SKU0009,2024-04-21,110
SKU0009,2024-04-28,92
SKU0009,2024-05-05,115
SKU0009,2024-05-12,101
SKU0009,2024-05-19,83
SKU0009,2024-05-26,79
SKU0009,2024-06-02,108
SKU0009,2024-06-09,91
SKU0009,2024-06-16,101
SKU0009,2024-06-23,99
SKU0009,2024-06-30,94
SKU0009,2024-07-07,91
SKU0009,2024-07-14,90
SKU0009,2024-07-21,109
SKU0009,2024-07-28,96
SKU0009,2024-08-04,84
SKU0009,2024-08-11,99
SKU0009,2024-08-18,74
SKU0009,2024-08-25,104
SKU0009,2024-09-01,99
SKU0009,2024-09-08,123
SKU0009,2024-09-15,125
SKU0009,2024-09-22,107
SKU0009,2024-09-29,115
SKU0009,2024-10-06,125
SKU0009,2024-10-13,110
SKU0009,2024-10-20,118
SKU0009,2024-10-27,172
SKU0009,2024-11-03,124
SKU0009,2024-11-10,137
SKU0009,2024-11-17,118
SKU0009,2024-11-24,136
SKU0009,2024-12-01,176
SKU0009,2024-12-08,138
SKU0009,2024-12-15,124
SKU0009,2024-12-22,135
SKU0009,2024-12-29,121
SKU0009,2025-01-05,137
SKU0009,2025-01-12,103
SKU0009,2025-01-19,181
SKU0009,2025-01-26,130
SKU0009,2025-02-02,108
SKU0009,2025-02-09,109
SKU0009,2025-02-16,130
SKU0009,2025-02-23,113
SKU0009,2025-03-02,116
SKU0009,2025-03-09,102
SKU0009,2025-03-16,109
SKU0009,2025-03-23,109
SKU0009,2025-03-30,98
SKU0009,2025-04-06,103
SKU0009,2025-04-13,99
SKU0009,2025-04-20,104
SKU0009,2025-04-27,108
SKU0009,2025-05-04,102
SKU0009,2025-05-11,75
SKU0009,2025-05-18,86
SKU0009,2025-05-25,81
SKU0009,2025-06-01,90
SKU0009,2025-06-08,132
SKU0009,2025-06-15,90
SKU0009,2025-06-22,101
SKU0009,2025-06-29,86
SKU0009,2025-07-06,86
SKU0009,2025-07-13,83
SKU0009,2025-07-20,102
SKU0009,2025-07-27,100
SKU0009,2025-08-03,100
SKU0009,2025-08-10,106
SKU0009,2025-08-17,80
SKU0009,2025-08-24,85
SKU0009,2025-08-31,67
SKU0009,2025-09-07,99
SKU0009,2025-09-14,117
SKU0009,2025-09-21,104
SKU0009,2025-09-28,132
SKU0009,2025-10-05,26
SKU0010,2024-01-07,133
SKU0010,2024-01-14,152
SKU0010,2024-01-21,171
SKU0010,2024-01-28,159
SKU0010,2024-02-04,148
SKU0010,2024-02-11,149
SKU0010,2024-02-18,137
SKU0010,2024-02-25,128
SKU0010,2024-03-03,135
SKU0010,2024-03-10,136
SKU0010,2024-03-17,128
SKU0010,2024-03-24,131
SKU0010,2024-03-31,136
SKU0010,2024-04-07,127
SKU0010,2024-04-14,104
SKU0010,2024-04-21,111
SKU0010,2024-04-28,116
SKU0010,2024-05-05,106
SKU0010,2024-05-12,105
SKU0010,2024-05-19,108
SKU0010,2024-05-26,117
SKU0010,2024-06-02,150
SKU0010,2024-06-09,147
SKU0010,2024-06-16,118
SKU0010,2024-06-23,99
SKU0010,2024-06-30,130
SKU0010,2024-07-07,124
SKU0010,2024-07-14,126
SKU0010,2024-07-21,141
SKU0010,2024-07-28,132
SKU0010,2024-08-04,157
SKU0010,2024-08-11,143
SKU0010,2024-08-18,142
SKU0010,2024-08-25,166
SKU0010,2024-09-01,198
SKU0010,2024-09-08,191
SKU0010,2024-09-15,210
SKU0010,2024-09-22,209
SKU0010,2024-09-29,210
SKU0010,2024-10-06,243
SKU0010,2024-10-13,222
SKU0010,2024-10-20,298
SKU0010,2024-10-27,438
SKU0010,2024-11-03,294
SKU0010,2024-11-10,268
SKU0010,2024-11-17,282
SKU0010,2024-11-24,343
SKU0010,2024-12-01,389
SKU0010,2024-12-08,311
SKU0010,2024-12-15,296
SKU0010,2024-12-22,302
SKU0010,2024-12-29,347
SKU0010,2025-01-05,340
SKU0010,2025-01-12,314
SKU0010,2025-01-19,423
SKU0010,2025-01-26,372
SKU0010,2025-02-02,308
SKU0010,2025-02-09,322
SKU0010,2025-02-16,293
SKU0010,2025-02-23,303
SKU0010,2025-03-02,303
SKU0010,2025-03-09,285
SKU0010,2025-03-16,298
SKU0010,2025-03-23,262
SKU0010,2025-03-30,295
SKU0010,2025-04-06,263
SKU0010,2025-04-13,248
SKU0010,2025-04-20,251
SKU0010,2025-04-27,214
SKU0010,2025-05-04,234
SKU0010,2025-05-11,225
SKU0010,2025-05-18,215
SKU0010,2025-05-25,198
SKU0010,2025-06-01,245
SKU0010,2025-06-08,305
SKU0010,2025-06-15,191
SKU0010,2025-06-22,225
SKU0010,2025-06-29,215
SKU0010,2025-07-06,202
SKU0010,2025-07-13,196
SKU0010,2025-07-20,233
SKU0010,2025-07-27,229
SKU0010,2025-08-03,223
SKU0010,2025-08-10,249
SKU0010,2025-08-17,270
SKU0010,2025-08-24,275
SKU0010,2025-08-31,261
SKU0010,2025-09-07,308
SKU0010,2025-09-14,320
SKU0010,2025-09-21,365
SKU0010,2025-09-28,382
SKU0010,2025-10-05,96
SKU0011,2024-01-07,110
SKU0011,2024-01-14,133
SKU0011,2024-01-21,136
SKU0011,2024-01-28,89
SKU0011,2024-02-04,115
SKU0011,2024-02-11,116
SKU0011,2024-02-18,111
SKU0011,2024-02-25,104
SKU0011,2024-03-03,119
SKU0011,2024-03-10,93
SKU0011,2024-03-17,96
SKU0011,2024-03-24,91
SKU0011,2024-03-31,83
SKU0011,2024-04-07,99
SKU0011,2024-04-14,88
SKU0011,2024-04-21,78
SKU0011,2024-04-28,82
SKU0011,2024-05-05,83
SKU0011,2024-05-12,75
SKU0011,2024-05-19,75
SKU0011,2024-05-26,76
SKU0011,2024-06-02,95
SKU0011,2024-06-09,95
SKU0011,2024-06-16,59
SKU0011,2024-06-23,76
SKU0011,2024-06-30,55
SKU0011,2024-07-07,81
SKU0011,2024-07-14,80
SKU0011,2024-07-21,88
SKU0011,2024-07-28,76
SKU0011,2024-08-04,120
SKU0011,2024-08-11,112
SKU0011,2024-08-18,95
SKU0011,2024-08-25,115
SKU0011,2024-09-01,118
SKU0011,2024-09-08,122
SKU0011,2024-09-15,138
SKU0011,2024-09-22,139
SKU0011,2024-09-29,150
SKU0011,2024-10-06,157
SKU0011,2024-10-13,152
SKU0011,2024-10-20,195
SKU0011,2024-10-27,288
SKU0011,2024-11-03,195
SKU0011,2024-11-10,213
SKU0011,2024-11-17,180
SKU0011,2024-11-24,232
SKU0011,2024-12-01,244
SKU0011,2024-12-08,220
SKU0011,2024-12-15,242
SKU0011,2024-12-22,209
SKU0011,2024-12-29,235
SKU0011,2025-01-05,217
SKU0011,2025-01-12,233
SKU0011,2025-01-19,302
SKU0011,2025-01-26,212
SKU0011,2025-02-02,235
SKU0011,2025-02-09,191
SKU0011,2025-02-16,205
SKU0011,2025-02-23,211
SKU0011,2025-03-02,196
SKU0011,2025-03-09,172
SKU0011,2025-03-16,209
SKU0011,2025-03-23,158
SKU0011,2025-03-30,204
SKU0011,2025-04-06,173
SKU0011,2025-04-13,156
SKU0011,2025-04-20,156
SKU0011,2025-04-27,155
SKU0011,2025-05-04,137
SKU0011,2025-05-11,136
SKU0011,2025-05-18,148
SKU0011,2025-05-25,116
SKU0011,2025-06-01,170
SKU0011,2025-06-08,198
SKU0011,2025-06-15,130
SKU0011,2025-06-22,118
SKU0011,2025-06-29,119
SKU0011,2025-07-06,150
SKU0011,2025-07-13,140
SKU0011,2025-07-20,131
SKU0011,2025-07-27,162
SKU0011,2025-08-03,173
SKU0011,2025-08-10,137
SKU0011,2025-08-17,168
SKU0011,2025-08-24,179
SKU0011,2025-08-31,190
SKU0011,2025-09-07,208
SKU0011,2025-09-14,219
SKU0011,2025-09-21,215
SKU0011,2025-09-28,233
SKU0011,2025-10-05,80
SKU0012,2024-01-07,215
SKU0012,2024-01-14,244
SKU0012,2024-01-21,294
SKU0012,2024-01-28,214
SKU0012,2024-02-04,198
SKU0012,2024-02-11,180
SKU0012,2024-02-18,204
SKU0012,2024-02-25,194
SKU0012,2024-03-03,176
SKU0012,2024-03-10,158
SKU0012,2024-03-17,171
SKU0012,2024-03-24,161
SKU0012,2024-03-31,118
SKU0012,2024-04-07,112
SKU0012,2024-04-14,147
SKU0012,2024-04-21,104
SKU0012,2024-04-28,104
SKU0012,2024-05-05,88
SKU0012,2024-05-12,94
SKU0012,2024-05-19,95
SKU0012,2024-05-26,94
SKU0012,2024-06-02,105
SKU0012,2024-06-09,79
SKU0012,2024-06-16,79
SKU0012,2024-06-23,82
SKU0012,2024-06-30,72
SKU0012,2024-07-07,86
SKU0012,2024-07-14,77
SKU0012,2024-07-21,77
SKU0012,2024-07-28,87
SKU0012,2024-08-04,75
SKU0012,2024-08-11,82
SKU0012,2024-08-18,100
SKU0012,2024-08-25,108
SKU0012,2024-09-01,98
SKU0012,2024-09-08,110
SKU0012,2024-09-15,95
SKU0012,2024-09-22,117
SKU0012,2024-09-29,106
SKU0012,2024-10-06,124
SKU0012,2024-10-13,98
SKU0012,2024-10-20,117
SKU0012,2024-10-27,175
SKU0012,2024-11-03,102
SKU0012,2024-11-10,100
SKU0012,2024-11-17,120
SKU0012,2024-11-24,148
SKU0012,2024-12-01,156
SKU0012,2024-12-08,115
SKU0012,2024-12-15,96
SKU0012,2024-12-22,97
SKU0012,2024-12-29,118
SKU0012,2025-01-05,119
SKU0012,2025-01-12,104
SKU0012,2025-01-19,133
SKU0012,2025-01-26,104
SKU0012,2025-02-02,51
SKU0012,2025-02-09,98
SKU0012,2025-02-16,75
SKU0012,2025-02-23,65
SKU0012,2025-03-02,87
SKU0012,2025-03-09,51
SKU0012,2025-03-16,67
SKU0012,2025-03-23,52
SKU0012,2025-03-30,48
SKU0012,2025-04-06,40
SKU0012,2025-04-13,33
SKU0012,2025-04-20,39
SKU0012,2025-04-27,29
SKU0012,2025-05-04,28
SKU0012,2025-05-11,35
SKU0012,2025-05-18,35
SKU0012,2025-05-25,27
SKU0012,2025-06-01,30
SKU0012,2025-06-08,31
SKU0012,2025-06-15,21
SKU0012,2025-06-22,14
SKU0012,2025-06-29,24
SKU0012,2025-07-06,13
SKU0012,2025-07-13,19
SKU0012,2025-07-20,13
SKU0012,2025-07-27,25
SKU0012,2025-08-03,24
SKU0012,2025-08-10,14
SKU0012,2025-08-17,16
SKU0012,2025-08-24,13
SKU0012,2025-08-31,19
SKU0012,2025-09-07,14
SKU0012,2025-09-14,7
SKU0012,2025-09-21,6
SKU0012,2025-09-28,9
SKU0012,2025-10-05,5
SKU0013,2024-01-07,8
SKU0013,2024-01-14,24
SKU0013,2024-01-21,25
SKU0013,2024-01-28,21
SKU0013,2024-02-04,22
SKU0013,2024-02-11,21
SKU0013,2024-02-18,18
SKU0013,2024-02-25,16
SKU0013,2024-03-03,14
SKU0013,2024-03-10,15
SKU0013,2024-03-17,18
SKU0013,2024-03-24,19
SKU0013,2024-03-31,5
SKU0013,2024-04-07,24
SKU0013,2024-04-14,17
SKU0013,2024-04-21,11
SKU0013,2024-04-28,18
SKU0013,2024-05-05,12
SKU0013,2024-05-12,11
SKU0013,2024-05-19,10
SKU0013,2024-05-26,11
SKU0013,2024-06-02,20
SKU0013,2024-06-09,22
SKU0013,2024-06-16,9
SKU0013,2024-06-23,14
SKU0013,2024-06-30,14
SKU0013,2024-07-07,14
SKU0013,2024-07-14,15
SKU0013,2024-07-21,20
SKU0013,2024-07-28,18
SKU0013,2024-08-04,9
SKU0013,2024-08-11,16
SKU0013,2024-08-18,15
SKU0013,2024-08-25,23
SKU0013,2024-09-01,14
SKU0013,2024-09-08,16
SKU0013,2024-09-15,20
SKU0013,2024-09-22,25
SKU0013,2024-09-29,23
SKU0013,2024-10-06,18
SKU0013,2024-10-13,30
SKU0013,2024-10-20,26
SKU0013,2024-10-27,37
SKU0013,2024-11-03,21
SKU0013,2024-11-10,22
SKU0013,2024-11-17,16
SKU0013,2024-11-24,27
SKU0013,2024-12-01,43
SKU0013,2024-12-08,32
SKU0013,2024-12-15,38
SKU0013,2024-12-22,30
SKU0013,2024-12-29,21
SKU0013,2025-01-05,30
SKU0013,2025-01-12,42
SKU0013,2025-01-19,31
SKU0013,2025-01-26,23
SKU0013,2025-02-02,24
SKU0013,2025-02-09,23
SKU0013,2025-02-16,22
SKU0013,2025-02-23,21
SKU0013,2025-03-02,27
SKU0013,2025-03-09,28
SKU0013,2025-03-16,13
SKU0013,2025-03-23,23
SKU0013,2025-03-30,22
SKU0013,2025-04-06,26
SKU0013,2025-04-13,24
SKU0013,2025-04-20,16
SKU0013,2025-04-27,14
SKU0013,2025-05-04,14
SKU0013,2025-05-11,23
SKU0013,2025-05-18,16
SKU0013,2025-05-25,17
SKU0013,2025-06-01,16
SKU0013,2025-06-08,12
SKU0013,2025-06-15,18
SKU0013,2025-06-22,15
SKU0013,2025-06-29,14
SKU0013,2025-07-06,11
SKU0013,2025-07-13,14
SKU0013,2025-07-20,14
SKU0013,2025-07-27,17
SKU0013,2025-08-03,25
SKU0013,2025-08-10,25
SKU0013,2025-08-17,21
SKU0013,2025-08-24,20
SKU0013,2025-08-31,24
SKU0013,2025-09-07,21
SKU0013,2025-09-14,24
SKU0013,2025-09-21,29
SKU0013,2025-09-28,33
SKU0013,2025-10-05,10
SKU0014,2024-01-07,142
SKU0014,2024-01-14,146
SKU0014,2024-01-21,157
SKU0014,2024-01-28,139
SKU0014,2024-02-04,125
SKU0014,2024-02-11,108
SKU0014,2024-02-18,139
SKU0014,2024-02-25,101
SKU0014,2024-03-03,107
SKU0014,2024-03-10,102
SKU0014,2024-03-17,100
SKU0014,2024-03-24,98
SKU0014,2024-03-31,87
SKU0014,2024-04-07,84
SKU0014,2024-04-14,86
SKU0014,2024-04-21,84
SKU0014,2024-04-28,84
SKU0014,2024-05-05,95
SKU0014,2024-05-12,88
SKU0014,2024-05-19,87
SKU0014,2024-05-26,83
SKU0014,2024-06-02,78
SKU0014,2024-06-09,105
SKU0014,2024-06-16,71
SKU0014,2024-06-23,73
SKU0014,2024-06-30,71
SKU0014,2024-07-07,70
SKU0014,2024-07-14,74
SKU0014,2024-07-21,56
SKU0014,2024-07-28,78
SKU0014,2024-08-04,79
SKU0014,2024-08-11,85
SKU0014,2024-08-18,74
SKU0014,2024-08-25,97
SKU0014,2024-09-01,96
SKU0014,2024-09-08,77
SKU0014,2024-09-15,77
SKU0014,2024-09-22,93
SKU0014,2024-09-29,99
SKU0014,2024-10-06,95
SKU0014,2024-10-13,119
SKU0014,2024-10-20,127
SKU0014,2024-10-27,161
SKU0014,2024-11-03,93
SKU0014,2024-11-10,100
SKU0014,2024-11-17,106
SKU0014,2024-11-24,127
SKU0014,2024-12-01,149
SKU0014,2024-12-08,105
SKU0014,2024-12-15,98
SKU0014,2024-12-22,110
SKU0014,2024-12-29,121
SKU0014,2025-01-05,122
SKU0014,2025-01-12,110
SKU0014,2025-01-19,162
SKU0014,2025-01-26,96
SKU0014,2025-02-02,101
SKU0014,2025-02-09,133
SKU0014,2025-02-16,102
SKU0014,2025-02-23,99
SKU0014,2025-03-02,93
SKU0014,2025-03-09,107
SKU0014,2025-03-16,65
SKU0014,2025-03-23,81
SKU0014,2025-03-30,98
SKU0014,2025-04-06,72
SKU0014,2025-04-13,68
SKU0014,2025-04-20,69
SKU0014,2025-04-27,70
SKU0014,2025-05-04,72
SKU0014,2025-05-11,77
SKU0014,2025-05-18,66
SKU0014,2025-05-25,63
SKU0014,2025-06-01,84
SKU0014,2025-06-08,88
SKU0014,2025-06-15,69
SKU0014,2025-06-22,50
SKU0014,2025-06-29,64
SKU0014,2025-07-06,54
SKU0014,2025-07-13,61
SKU0014,2025-07-20,66
SKU0014,2025-07-27,72
SKU0014,2025-08-03,66
SKU0014,2025-08-10,84
SKU0014,2025-08-17,76
SKU0014,2025-08-24,57
SKU0014,2025-08-31,77
SKU0014,2025-09-07,82
SKU0014,2025-09-14,91
SKU0014,2025-09-21,90
SKU0014,2025-09-28,82
SKU0014,2025-10-05,24
SKU0015,2024-01-07,55
SKU0015,2024-01-14,51
SKU0015,2024-01-21,75
SKU0015,2024-01-28,59
SKU0015,2024-02-04,58
SKU0015,2024-02-11,54
SKU0015,2024-02-18,63
SKU0015,2024-02-25,44
SKU0015,2024-03-03,48
SKU0015,2024-03-10,55
SKU0015,2024-03-17,57
SKU0015,2024-03-24,68
SKU0015,2024-03-31,54
SKU0015,2024-04-07,44
SKU0015,2024-04-14,45
SKU0015,2024-04-21,50
SKU0015,2024-04-28,45
SKU0015,2024-05-05,45
SKU0015,2024-05-12,48
SKU0015,2024-05-19,60
SKU0015,2024-05-26,28
SKU0015,2024-06-02,60
SKU0015,2024-06-09,70
SKU0015,2024-06-16,55
SKU0015,2024-06-23,51
SKU0015,2024-06-30,53
SKU0015,2024-07-07,47
SKU0015,2024-07-14,35
SKU0015,2024-07-21,60
SKU0015,2024-07-28,54
SKU0015,2024-08-04,54
SKU0015,2024-08-11,46
SKU0015,2024-08-18,69
SKU0015,2024-08-25,77
SKU0015,2024-09-01,64
SKU0015,2024-09-08,58
SKU0015,2024-09-15,66
SKU0015,2024-09-22,75
SKU0015,2024-09-29,71
SKU0015,2024-10-06,73
SKU0015,2024-10-13,75
SKU0015,2024-10-20,101
SKU0015,2024-10-27,125
SKU0015,2024-11-03,102
SKU0015,2024-11-10,91
SKU0015,2024-11-17,112
SKU0015,2024-11-24,107
SKU0015,2024-12-01,129
SKU0015,2024-12-08,96
SKU0015,2024-12-15,130
SKU0015,2024-12-22,91
SKU0015,2024-12-29,78
SKU0015,2025-01-05,111
SKU0015,2025-01-12,108
SKU0015,2025-01-19,144
SKU0015,2025-01-26,109
SKU0015,2025-02-02,91
SKU0015,2025-02-09,112
SKU0015,2025-02-16,111
SKU0015,2025-02-23,100
SKU0015,2025-03-02,101
SKU0015,2025-03-09,89
SKU0015,2025-03-16,90
SKU0015,2025-03-23,89
SKU0015,2025-03-30,95
SKU0015,2025-04-06,78
SKU0015,2025-04-13,101
SKU0015,2025-04-20,66
SKU0015,2025-04-27,91
SKU0015,2025-05-04,88
SKU0015,2025-05-11,81
SKU0015,2025-05-18,72
SKU0015,2025-05-25,71
SKU0015,2025-06-01,88
SKU0015,2025-06-08,133
SKU0015,2025-06-15,88
SKU0015,2025-06-22,90
SKU0015,2025-06-29,73
SKU0015,2025-07-06,90
SKU0015,2025-07-13,83
SKU0015,2025-07-20,93
SKU0015,2025-07-27,90
SKU0015,2025-08-03,78
SKU0015,2025-08-10,100
SKU0015,2025-08-17,108
SKU0015,2025-08-24,95
SKU0015,2025-08-31,102
SKU0015,2025-09-07,117
SKU0015,2025-09-14,125
SKU0015,2025-09-21,106
SKU0015,2025-09-28,112
SKU0015,2025-10-05,25
SKU0016,2024-01-07,124
SKU0016,2024-01-14,139
SKU0016,2024-01-21,145
SKU0016,2024-01-28,89
SKU0016,2024-02-04,91
SKU0016,2024-02-11,117
SKU0016,2024-02-18,115
SKU0016,2024-02-25,126
SKU0016,2024-03-03,88
SKU0016,2024-03-10,91
SKU0016,2024-03-17,94
SKU0016,2024-03-24,99
SKU0016,2024-03-31,95
SKU0016,2024-04-07,69
SKU0016,2024-04-14,83
SKU0016,2024-04-21,92
SKU0016,2024-04-28,85
SKU0016,2024-05-05,88
SKU0016,2024-05-12,77
SKU0016,2024-05-19,76
SKU0016,2024-05-26,85
SKU0016,2024-06-02,96
SKU0016,2024-06-09,88
SKU0016,2024-06-16,99
SKU0016,2024-06-23,71
SKU0016,2024-06-30,81
SKU0016,2024-07-07,79
SKU0016,2024-07-14,71
SKU0016,2024-07-21,88
SKU0016,2024-07-28,88
SKU0016,2024-08-04,85
SKU0016,2024-08-11,104
SKU0016,2024-08-18,112
SKU0016,2024-08-25,117
SKU0016,2024-09-01,136
SKU0016,2024-09-08,112
SKU0016,2024-09-15,125
SKU0016,2024-09-22,140
SKU0016,2024-09-29,139
SKU0016,2024-10-06,144
SKU0016,2024-10-13,161
SKU0016,2024-10-20,188
SKU0016,2024-10-27,267
SKU0016,2024-11-03,181
SKU0016,2024-11-10,176
SKU0016,2024-11-17,197
SKU0016,2024-11-24,232
SKU0016,2024-12-01,244
SKU0016,2024-12-08,196
SKU0016,2024-12-15,198
SKU0016,2024-12-22,197
SKU0016,2024-12-29,203
SKU0016,2025-01-05,183
SKU0016,2025-01-12,210
SKU0016,2025-01-19,301
SKU0016,2025-01-26,167
SKU0016,2025-02-02,181
SKU0016,2025-02-09,178
SKU0016,2025-02-16,167
SKU0016,2025-02-23,173
SKU0016,2025-03-02,191
SKU0016,2025-03-09,203
SKU0016,2025-03-16,166
SKU0016,2025-03-23,183
SKU0016,2025-03-30,156
SKU0016,2025-04-06,159
SKU0016,2025-04-13,153
SKU0016,2025-04-20,151
SKU0016,2025-04-27,161
SKU0016,2025-05-04,133
SKU0016,2025-05-11,130
SKU0016,2025-05-18,125
SKU0016,2025-05-25,132
SKU0016,2025-06-01,157
SKU0016,2025-06-08,165
SKU0016,2025-06-15,119
SKU0016,2025-06-22,128
SKU0016,2025-06-29,127
SKU0016,2025-07-06,121
SKU0016,2025-07-13,124
SKU0016,2025-07-20,135
SKU0016,2025-07-27,136
SKU0016,2025-08-03,141
SKU0016,2025-08-10,165
SKU0016,2025-08-17,160
SKU0016,2025-08-24,149
SKU0016,2025-08-31,171
SKU0016,2025-09-07,205
SKU0016,2025-09-14,210
SKU0016,2025-09-21,195
SKU0016,2025-09-28,226
SKU0016,2025-10-05,54
SKU0017,2024-01-07,23
SKU0017,2024-01-14,29
SKU0017,2024-01-21,23
SKU0017,2024-01-28,18
SKU0017,2024-02-04,19
SKU0017,2024-02-11,19
SKU0017,2024-02-18,16
SKU0017,2024-02-25,15
SKU0017,2024-03-03,15
SKU0017,2024-03-10,12
SKU0017,2024-03-17,7
SKU0017,2024-03-24,15
SKU0017,2024-03-31,20
SKU0017,2024-04-07,17
SKU0017,2024-04-14,12
SKU0017,2024-04-21,6
SKU0017,2024-04-28,16
SKU0017,2024-05-05,21
SKU0017,2024-05-12,9
SKU0017,2024-05-19,9
SKU0017,2024-05-26,13
SKU0017,2024-06-02,18
SKU0017,2024-06-09,18
SKU0017,2024-06-16,12
SKU0017,2024-06-23,20
SKU0017,2024-06-30,10
SKU0017,2024-07-07,13
SKU0017,2024-07-14,10
SKU0017,2024-07-21,10
SKU0017,2024-07-28,14
SKU0017,2024-08-04,8
SKU0017,2024-08-11,7
SKU0017,2024-08-18,11
SKU0017,2024-08-25,12
SKU0017,2024-09-01,19
SKU0017,2024-09-08,15
SKU0017,2024-09-15,13
SKU0017,2024-09-22,11
SKU0017,2024-09-29,8
SKU0017,2024-10-06,13
SKU0017,2024-10-13,5
SKU0017,2024-10-20,10
SKU0017,2024-10-27,22
SKU0017,2024-11-03,10
SKU0017,2024-11-10,15
SKU0017,2024-11-17,11
SKU0017,2024-11-24,11
SKU0017,2024-12-01,16
SKU0017,2024-12-08,10
SKU0017,2024-12-15,11
SKU0017,2024-12-22,7
SKU0017,2024-12-29,11
SKU0017,2025-01-05,12
SKU0017,2025-01-12,8
SKU0017,2025-01-19,17
SKU0017,2025-01-26,10
SKU0017,2025-02-02,9
SKU0017,2025-02-09,13
SKU0017,2025-02-16,6
SKU0017,2025-02-23,9
SKU0017,2025-03-02,10
SKU0017,2025-03-09,8
SKU0017,2025-03-16,8
SKU0017,2025-03-23,5
SKU0017,2025-03-30,13
SKU0017,2025-04-06,7
SKU0017,2025-04-13,4
SKU0017,2025-04-20,6
SKU0017,2025-04-27,5
SKU0017,2025-05-04,6
SKU0017,2025-05-11,4
SKU0017,2025-05-18,4
SKU0017,2025-05-25,4
SKU0017,2025-06-01,4
SKU0017,2025-06-08,13
SKU0017,2025-06-15,9
SKU0017,2025-06-22,1
SKU0017,2025-06-29,4
SKU0017,2025-07-06,5
SKU0017,2025-07-13,4
SKU0017,2025-07-20,3
SKU0017,2025-07-27,4
SKU0017,2025-08-03,6
SKU0017,2025-08-10,3
SKU0017,2025-08-17,8
SKU0017,2025-08-24,1
SKU0017,2025-08-31,3
SKU0017,2025-09-07,4
SKU0017,2025-09-14,5
SKU0017,2025-09-21,2
SKU0017,2025-09-28,5
SKU0017,2025-10-05,2
SKU0018,2024-01-07,23
SKU0018,2024-01-14,25
SKU0018,2024-01-21,20
SKU0018,2024-01-28,17
SKU0018,2024-02-04,20
SKU0018,2024-02-11,19
SKU0018,2024-02-18,15
SKU0018,2024-02-25,19
SKU0018,2024-03-03,21
SKU0018,2024-03-10,17
SKU0018,2024-03-17,20
SKU0018,2024-03-24,12
SKU0018,2024-03-31,20
SKU0018,2024-04-07,17
SKU0018,2024-04-14,10
SKU0018,2024-04-21,11
SKU0018,2024-04-28,18
SKU0018,2024-05-05,15
SKU0018,2024-05-12,16
SKU0018,2024-05-19,20
SKU0018,2024-05-26,11
SKU0018,2024-06-02,7
SKU0018,2024-06-09,19
SKU0018,2024-06-16,9
SKU0018,2024-06-23,10
SKU0018,2024-06-30,7
SKU0018,2024-07-07,11
SKU0018,2024-07-14,12
SKU0018,2024-07-21,7
SKU0018,2024-07-28,12
SKU0018,2024-08-04,9
SKU0018,2024-08-11,13
SKU0018,2024-08-18,11
SKU0018,2024-08-25,9
SKU0018,2024-09-01,7
SKU0018,2024-09-08,15
SKU0018,2024-09-15,7
SKU0018,2024-09-22,9
SKU0018,2024-09-29,10
SKU0018,2024-10-06,15
SKU0018,2024-10-13,6
SKU0018,2024-10-20,6
SKU0018,2024-10-27,16
SKU0018,2024-11-03,9
SKU0018,2024-11-10,6
SKU0018,2024-11-17,12
SKU0018,2024-11-24,6
SKU0018,2024-12-01,13
SKU0018,2024-12-08,12
SKU0018,2024-12-15,8
SKU0018,2024-12-22,7
SKU0018,2024-12-29,10
SKU0018,2025-01-05,7
SKU0018,2025-01-12,4
SKU0018,2025-01-19,7
SKU0018,2025-01-26,9
SKU0018,2025-02-02,4
SKU0018,2025-02-09,11
SKU0018,2025-02-16,2
SKU0018,2025-02-23,5
SKU0018,2025-03-02,4
SKU0018,2025-03-09,9
SKU0018,2025-03-16,4
SKU0018,2025-03-23,6
SKU0018,2025-03-30,2
SKU0018,2025-04-06,3
SKU0018,2025-04-13,7
SKU0018,2025-04-20,2
SKU0018,2025-04-27,6
SKU0018,2025-05-04,1
SKU0018,2025-05-11,5
SKU0018,2025-05-18,3
SKU0018,2025-05-25,3
SKU0018,2025-06-01,2
SKU0018,2025-06-08,4
SKU0018,2025-06-15,3
SKU0018,2025-06-22,0
SKU0018,2025-06-29,0
SKU0018,2025-07-06,0
SKU0018,2025-07-13,1
SKU0018,2025-07-20,1
SKU0018,2025-07-27,2
SKU0018,2025-08-03,0
SKU0018,2025-08-10,1
SKU0018,2025-08-17,0
SKU0018,2025-08-24,0
SKU0018,2025-08-31,0
SKU0018,2025-09-07,0
SKU0018,2025-09-14,1
SKU0018,2025-09-21,1
SKU0018,2025-09-28,1
SKU0018,2025-10-05,0
SKU0019,2024-01-07,122
SKU0019,2024-01-14,121
SKU0019,2024-01-21,196
SKU0019,2024-01-28,109
SKU0019,2024-02-04,102
SKU0019,2024-02-11,91
SKU0019,2024-02-18,105
SKU0019,2024-02-25,93
SKU0019,2024-03-03,101
SKU0019,2024-03-10,107
SKU0019,2024-03-17,93
SKU0019,2024-03-24,91
SKU0019,2024-03-31,93
SKU0019,2024-04-07,77
SKU0019,2024-04-14,61
SKU0019,2024-04-21,73
SKU0019,2024-04-28,78
SKU0019,2024-05-05,59
SKU0019,2024-05-12,57
SKU0019,2024-05-19,54
SKU0019,2024-05-26,61
SKU0019,2024-06-02,62
SKU0019,2024-06-09,74
SKU0019,2024-06-16,52
SKU0019,2024-06-23,57
SKU0019,2024-06-30,48
SKU0019,2024-07-07,44
SKU0019,2024-07-14,57
SKU0019,2024-07-21,54
SKU0019,2024-07-28,42
SKU0019,2024-08-04,49
SKU0019,2024-08-11,41
SKU0019,2024-08-18,58
SKU0019,2024-08-25,64
SKU0019,2024-09-01,60
SKU0019,2024-09-08,63
SKU0019,2024-09-15,63
SKU0019,2024-09-22,68
SKU0019,2024-09-29,70
SKU0019,2024-10-06,70
SKU0019,2024-10-13,72
SKU0019,2024-10-20,73
SKU0019,2024-10-27,108
SKU0019,2024-11-03,71
SKU0019,2024-11-10,71
SKU0019,2024-11-17,56
SKU0019,2024-11-24,72
SKU0019,2024-12-01,85
SKU0019,2024-12-08,60
SKU0019,2024-12-15,50
SKU0019,2024-12-22,62
SKU0019,2024-12-29,70
SKU0019,2025-01-05,53
SKU0019,2025-01-12,62
SKU0019,2025-01-19,77
SKU0019,2025-01-26,58
SKU0019,2025-02-02,57
SKU0019,2025-02-09,64
SKU0019,2025-02-16,41
SKU0019,2025-02-23,49
SKU0019,2025-03-02,40
SKU0019,2025-03-09,36
SKU0019,2025-03-16,37
SKU0019,2025-03-23,28
SKU0019,2025-03-30,28
SKU0019,2025-04-06,33
SKU0019,2025-04-13,23
SKU0019,2025-04-20,27
SKU0019,2025-04-27,21
SKU0019,2025-05-04,17
SKU0019,2025-05-11,24
SKU0019,2025-05-18,23
SKU0019,2025-05-25,12
SKU0019,2025-06-01,22
SKU0019,2025-06-08,22
SKU0019,2025-06-15,21
SKU0019,2025-06-22,14
SKU0019,2025-06-29,11
SKU0019,2025-07-06,17
SKU0019,2025-07-13,11
SKU0019,2025-07-20,18
SKU0019,2025-07-27,9
SKU0019,2025-08-03,10
SKU0019,2025-08-10,9
SKU0019,2025-08-17,12
SKU0019,2025-08-24,11
SKU0019,2025-08-31,9
SKU0019,2025-09-07,12
SKU0019,2025-09-14,14
SKU0019,2025-09-21,8
SKU0019,2025-09-28,10
SKU0019,2025-10-05,3
SKU0020,2024-08-18,17
SKU0020,2024-08-25,63
SKU0020,2024-09-01,47
SKU0020,2024-09-08,58
SKU0020,2024-09-15,57
SKU0020,2024-09-22,58
SKU0020,2024-09-29,73
SKU0020,2024-10-06,71
SKU0020,2024-10-13,78
SKU0020,2024-10-20,65
SKU0020,2024-10-27,105
SKU0020,2024-11-03,76
SKU0020,2024-11-10,69
SKU0020,2024-11-17,53
SKU0020,2024-11-24,78
SKU0020,2024-12-01,106
SKU0020,2024-12-08,66
SKU0020,2024-12-15,95
SKU0020,2024-12-22,67
SKU0020,2024-12-29,74
SKU0020,2025-01-05,90
SKU0020,2025-01-12,65
SKU0020,2025-01-19,91
SKU0020,2025-01-26,79
SKU0020,2025-02-02,70
SKU0020,2025-02-09,46
SKU0020,2025-02-16,71
SKU0020,2025-02-23,57
SKU0020,2025-03-02,62
SKU0020,2025-03-09,50
SKU0020,2025-03-16,54
SKU0020,2025-03-23,49
SKU0020,2025-03-30,48
SKU0020,2025-04-06,47
SKU0020,2025-04-13,45
SKU0020,2025-04-20,34
SKU0020,2025-04-27,37
SKU0020,2025-05-04,30
SKU0020,2025-05-11,34
SKU0020,2025-05-18,40
SKU0020,2025-05-25,29
SKU0020,2025-06-01,35
SKU0020,2025-06-08,37
SKU0020,2025-06-15,27
SKU0020,2025-06-22,24
SKU0020,2025-06-29,15
SKU0020,2025-07-06,32
SKU0020,2025-07-13,27
SKU0020,2025-07-20,31
SKU0020,2025-07-27,39
SKU0020,2025-08-03,36
SKU0020,2025-08-10,35
SKU0020,2025-08-17,36
SKU0020,2025-08-24,26
SKU0020,2025-08-31,19
SKU0020,2025-09-07,43
SKU0020,2025-09-14,37
SKU0020,2025-09-21,39
SKU0020,2025-09-28,38
SKU0020,2025-10-05,11
SKU0021,2024-01-07,9
SKU0021,2024-01-14,20
SKU0021,2024-01-21,21
SKU0021,2024-01-28,19
SKU0021,2024-02-04,14
SKU0021,2024-02-11,16
SKU0021,2024-02-18,22
SKU0021,2024-02-25,20
SKU0021,2024-03-03,23
SKU0021,2024-03-10,16
SKU0021,2024-03-17,21
SKU0021,2024-03-24,20
SKU0021,2024-03-31,21
SKU0021,2024-04-07,27
SKU0021,2024-04-14,24
SKU0021,2024-04-21,22
SKU0021,2024-04-28,28
SKU0021,2024-05-05,20
SKU0021,2024-05-12,23
SKU0021,2024-05-19,15
SKU0021,2024-05-26,13
SKU0021,2024-06-02,26
SKU0021,2024-06-09,25
SKU0021,2024-06-16,12
SKU0021,2024-06-23,13
SKU0021,2024-06-30,19
SKU0021,2024-07-07,27
SKU0021,2024-07-14,17
SKU0021,2024-07-21,21
SKU0021,2024-07-28,20
SKU0021,2024-08-04,19
SKU0021,2024-08-11,18
SKU0021,2024-08-18,20
SKU0021,2024-08-25,25
SKU0021,2024-09-01,17
SKU0021,2024-09-08,36
SKU0021,2024-09-15,39
SKU0021,2024-09-22,32
SKU0021,2024-09-29,32
SKU0021,2024-10-06,38
SKU0021,2024-10-13,42
SKU0021,2024-10-20,54
SKU0021,2024-10-27,61
SKU0021,2024-11-03,48
SKU0021,2024-11-10,41
SKU0021,2024-11-17,34
SKU0021,2024-11-24,51
SKU0021,2024-12-01,67
SKU0021,2024-12-08,51
SKU0021,2024-12-15,42
SKU0021,2024-12-22,54
SKU0021,2024-12-29,39
SKU0021,2025-01-05,58
SKU0021,2025-01-12,48
SKU0021,2025-01-19,67
SKU0021,2025-01-26,48
SKU0021,2025-02-02,51
SKU0021,2025-02-09,38
SKU0021,2025-02-16,56
SKU0021,2025-02-23,44
SKU0021,2025-03-02,51
SKU0021,2025-03-09,42
SKU0021,2025-03-16,52
SKU0021,2025-03-23,30
SKU0021,2025-03-30,49
SKU0021,2025-04-06,52
SKU0021,2025-04-13,43
SKU0021,2025-04-20,38
SKU0021,2025-04-27,39
SKU0021,2025-05-04,41
SKU0021,2025-05-11,34
SKU0021,2025-05-18,31
SKU0021,2025-05-25,38
SKU0021,2025-06-01,39
SKU0021,2025-06-08,57
SKU0021,2025-06-15,34
SKU0021,2025-06-22,36
SKU0021,2025-06-29,30
SKU0021,2025-07-06,44
SKU0021,2025-07-13,32
SKU0021,2025-07-20,43
SKU0021,2025-07-27,34
SKU0021,2025-08-03,42
SKU0021,2025-08-10,44
SKU0021,2025-08-17,37
SKU0021,2025-08-24,59
SKU0021,2025-08-31,43
SKU0021,2025-09-07,55
SKU0021,2025-09-14,61
SKU0021,2025-09-21,58
SKU0021,2025-09-28,51
SKU0021,2025-10-05,13
SKU0022,2024-01-07,59
SKU0022,2024-01-14,97
SKU0022,2024-01-21,100
SKU0022,2024-01-28,70
SKU0022,2024-02-04,90
SKU0022,2024-02-11,77
SKU0022,2024-02-18,68
SKU0022,2024-02-25,69
SKU0022,2024-03-03,65
SKU0022,2024-03-10,75
SKU0022,2024-03-17,75
SKU0022,2024-03-24,65
SKU0022,2024-03-31,75
SKU0022,2024-04-07,70
SKU0022,2024-04-14,69
SKU0022,2024-04-21,70
SKU0022,2024-04-28,81
SKU0022,2024-05-05,89
SKU0022,2024-05-12,76
SKU0022,2024-05-19,65
SKU0022,2024-05-26,57
SKU0022,2024-06-02,95
SKU0022,2024-06-09,96
SKU0022,2024-06-16,83
SKU0022,2024-06-23,75
SKU0022,2024-06-30,75
SKU0022,2024-07-07,81
SKU0022,2024-07-14,77
SKU0022,2024-07-21,77
SKU0022,2024-07-28,88
SKU0022,2024-08-04,93
SKU0022,2024-08-11,86
SKU0022,2024-08-18,89
SKU0022,2024-08-25,105
SKU0022,2024-09-01,103
SKU0022,2024-09-08,139
SKU0022,2024-09-15,121
SKU0022,2024-09-22,125
SKU0022,2024-09-29,129
SKU0022,2024-10-06,117
SKU0022,2024-10-13,141
SKU0022,2024-10-20,162
SKU0022,2024-10-27,224
SKU0022,2024-11-03,158
SKU0022,2024-11-10,143
SKU0022,2024-11-17,156
SKU0022,2024-11-24,171
SKU0022,2024-12-01,212
SKU0022,2024-12-08,152
SKU0022,2024-12-15,174
SKU0022,2024-12-22,151
SKU0022,2024-12-29,169
SKU0022,2025-01-05,141
SKU0022,2025-01-12,176
SKU0022,2025-01-19,243
SKU0022,2025-01-26,163
SKU0022,2025-02-02,164
SKU0022,2025-02-09,195
SKU0022,2025-02-16,124
SKU0022,2025-02-23,152
SKU0022,2025-03-02,172
SKU0022,2025-03-09,150
SKU0022,2025-03-16,171
SKU0022,2025-03-23,157
SKU0022,2025-03-30,166
SKU0022,2025-04-06,137
SKU0022,2025-04-13,144
SKU0022,2025-04-20,135
SKU0022,2025-04-27,137
SKU0022,2025-05-04,143
SKU0022,2025-05-11,151
SKU0022,2025-05-18,134
SKU0022,2025-05-25,137
SKU0022,2025-06-01,147
SKU0022,2025-06-08,189
SKU0022,2025-06-15,140
SKU0022,2025-06-22,135
SKU0022,2025-06-29,131
SKU0022,2025-07-06,148
SKU0022,2025-07-13,132
SKU0022,2025-07-20,158
SKU0022,2025-07-27,162
SKU0022,2025-08-03,158
SKU0022,2025-08-10,147
SKU0022,2025-08-17,152
SKU0022,2025-08-24,199
SKU0022,2025-08-31,181
SKU0022,2025-09-07,171
SKU0022,2025-09-14,214
SKU0022,2025-09-21,197
SKU0022,2025-09-28,202
SKU0022,2025-10-05,57
SKU0023,2024-01-07,74
SKU0023,2024-01-14,78
SKU0023,2024-01-21,101
SKU0023,2024-01-28,83
SKU0023,2024-02-04,62
SKU0023,2024-02-11,82
SKU0023,2024-02-18,55
SKU0023,2024-02-25,70
SKU0023,2024-03-03,66
SKU0023,2024-03-10,57
SKU0023,2024-03-17,65
SKU0023,2024-03-24,81
SKU0023,2024-03-31,76
SKU0023,2024-04-07,44
SKU0023,2024-04-14,77
SKU0023,2024-04-21,74
SKU0023,2024-04-28,68
SKU0023,2024-05-05,67
SKU0023,2024-05-12,73
SKU0023,2024-05-19,67
SKU0023,2024-05-26,61
SKU0023,2024-06-02,87
SKU0023,2024-06-09,97
SKU0023,2024-06-16,62
SKU0023,2024-06-23,88
SKU0023,2024-06-30,71
SKU0023,2024-07-07,60
SKU0023,2024-07-14,70
SKU0023,2024-07-21,75
SKU0023,2024-07-28,78
SKU0023,2024-08-04,84
SKU0023,2024-08-11,80
SKU0023,2024-08-18,81
SKU0023,2024-08-25,101
SKU0023,2024-09-01,102
SKU0023,2024-09-08,128
SKU0023,2024-09-15,133
SKU0023,2024-09-22,110
SKU0023,2024-09-29,108
SKU0023,2024-10-06,102
SKU0023,2024-10-13,99
SKU0023,2024-10-20,115
SKU0023,2024-10-27,160
SKU0023,2024-11-03,101
SKU0023,2024-11-10,124
SKU0023,2024-11-17,132
SKU0023,2024-11-24,129
SKU0023,2024-12-01,188
SKU0023,2024-12-08,125
SKU0023,2024-12-15,127
SKU0023,2024-12-22,132
SKU0023,2024-12-29,132
SKU0023,2025-01-05,127
SKU0023,2025-01-12,129
SKU0023,2025-01-19,166
SKU0023,2025-01-26,115
SKU0023,2025-02-02,136
SKU0023,2025-02-09,114
SKU0023,2025-02-16,135
SKU0023,2025-02-23,118
SKU0023,2025-03-02,142
SKU0023,2025-03-09,134
SKU0023,2025-03-16,126
SKU0023,2025-03-23,135
SKU0023,2025-03-30,131
SKU0023,2025-04-06,132
SKU0023,2025-04-13,106
SKU0023,2025-04-20,117
SKU0023,2025-04-27,121
SKU0023,2025-05-04,137
SKU0023,2025-05-11,112
SKU0023,2025-05-18,110
SKU0023,2025-05-25,112
SKU0023,2025-06-01,134
SKU0023,2025-06-08,199
SKU0023,2025-06-15,114
SKU0023,2025-06-22,115
SKU0023,2025-06-29,116
SKU0023,2025-07-06,110
SKU0023,2025-07-13,118
SKU0023,2025-07-20,137
SKU0023,2025-07-27,112
SKU0023,2025-08-03,124
SKU0023,2025-08-10,138
SKU0023,2025-08-17,146
SKU0023,2025-08-24,143
SKU0023,2025-08-31,159
SKU0023,2025-09-07,139
SKU0023,2025-09-14,149
SKU0023,2025-09-21,144
SKU0023,2025-09-28,143
SKU0023,2025-10-05,48
SKU0024,2024-01-07,9
SKU0024,2024-01-14,11
SKU0024,2024-01-21,14
SKU0024,2024-01-28,9
SKU0024,2024-02-04,15
SKU0024,2024-02-11,13
SKU0024,2024-02-18,10
SKU0024,2024-02-25,11
SKU0024,2024-03-03,7
SKU0024,2024-03-10,11
SKU0024,2024-03-17,10
SKU0024,2024-03-24,16
SKU0024,2024-03-31,18
SKU0024,2024-04-07,6
SKU0024,2024-04-14,10
SKU0024,2024-04-21,9
SKU0024,2024-04-28,9
SKU0024,2024-05-05,4
SKU0024,2024-05-12,8
SKU0024,2024-05-19,6
SKU0024,2024-05-26,5
SKU0024,2024-06-02,8
SKU0024,2024-06-09,16
SKU0024,2024-06-16,15
SKU0024,2024-06-23,7
SKU0024,2024-06-30,6
SKU0024,2024-07-07,4
SKU0024,2024-07-14,11
SKU0024,2024-07-21,8
SKU0024,2024-07-28,9
SKU0024,2024-08-04,6
SKU0024,2024-08-11,12
SKU0024,2024-08-18,8
SKU0024,2024-08-25,10
SKU0024,2024-09-01,8
SKU0024,2024-09-08,7
SKU0024,2024-09-15,5
SKU0024,2024-09-22,4
SKU0024,2024-09-29,8
SKU0024,2024-10-06,8
SKU0024,2024-10-13,7
SKU0024,2024-10-20,10
SKU0024,2024-10-27,16
SKU0024,2024-11-03,3
SKU0024,2024-11-10,8
SKU0024,2024-11-17,9
SKU0024,2024-11-24,13
SKU0024,2024-12-01,11
SKU0024,2024-12-08,10
SKU0024,2024-12-15,13
SKU0024,2024-12-22,8
SKU0024,2024-12-29,9
SKU0024,2025-01-05,7
SKU0024,2025-01-12,6
SKU0024,2025-01-19,14
SKU0024,2025-01-26,6
SKU0024,2025-02-02,5
SKU0024,2025-02-09,9
SKU0024,2025-02-16,10
SKU0024,2025-02-23,5
SKU0024,2025-03-02,5
SKU0024,2025-03-09,5
SKU0024,2025-03-16,8
SKU0024,2025-03-23,5
SKU0024,2025-03-30,10
SKU0024,2025-04-06,6
SKU0024,2025-04-13,2
SKU0024,2025-04-20,2
SKU0024,2025-04-27,5
SKU0024,2025-05-04,6
SKU0024,2025-05-11,4
SKU0024,2025-05-18,5
SKU0024,2025-05-25,6
SKU0024,2025-06-01,10
SKU0024,2025-06-08,6
SKU0024,2025-06-15,9
SKU0024,2025-06-22,3
SKU0024,2025-06-29,9
SKU0024,2025-07-06,1
SKU0024,2025-07-13,4
SKU0024,2025-07-20,3
SKU0024,2025-07-27,6
SKU0024,2025-08-03,4
SKU0024,2025-08-10,1
SKU0024,2025-08-17,3
SKU0024,2025-08-24,5
SKU0024,2025-08-31,7
SKU0024,2025-09-07,7
SKU0024,2025-09-14,4
SKU0024,2025-09-21,5
SKU0024,2025-09-28,5
SKU0024,2025-10-05,3
SKU0025,2025-01-26,7
SKU0025,2025-02-02,5
SKU0025,2025-02-09,7
SKU0025,2025-02-16,3
SKU0025,2025-02-23,5
SKU0025,2025-03-02,10
SKU0025,2025-03-09,2
SKU0025,2025-03-16,10
SKU0025,2025-03-23,8
SKU0025,2025-03-30,7
SKU0025,2025-04-06,8
SKU0025,2025-04-13,9
SKU0025,2025-04-20,8
SKU0025,2025-04-27,8
SKU0025,2025-05-04,8
SKU0025,2025-05-11,8
SKU0025,2025-05-18,6
SKU0025,2025-05-25,3
SKU0025,2025-06-01,2
SKU0025,2025-06-08,6
SKU0025,2025-06-15,4
SKU0025,2025-06-22,2
SKU0025,2025-06-29,4
SKU0025,2025-07-06,3
SKU0025,2025-07-13,7
SKU0025,2025-07-20,3
SKU0025,2025-07-27,3
SKU0025,2025-08-03,7
SKU0025,2025-08-10,7
SKU0025,2025-08-17,7
SKU0025,2025-08-24,6
SKU0025,2025-08-31,6
SKU0025,2025-09-07,4
SKU0025,2025-09-14,6
SKU0025,2025-09-21,7
SKU0025,2025-09-28,7
SKU0025,2025-10-05,3
SKU0026,2024-01-07,260
SKU0026,2024-01-14,329
SKU0026,2024-01-21,353
SKU0026,2024-01-28,251
SKU0026,2024-02-04,281
SKU0026,2024-02-11,293
SKU0026,2024-02-18,262
SKU0026,2024-02-25,241
SKU0026,2024-03-03,265
SKU0026,2024-03-10,246
SKU0026,2024-03-17,239
SKU0026,2024-03-24,226
SKU0026,2024-03-31,225
SKU0026,2024-04-07,231
SKU0026,2024-04-14,211
SKU0026,2024-04-21,223
SKU0026,2024-04-28,200
SKU0026,2024-05-05,205
SKU0026,2024-05-12,195
SKU0026,2024-05-19,174
SKU0026,2024-05-26,172
SKU0026,2024-06-02,233
SKU0026,2024-06-09,210
SKU0026,2024-06-16,173
SKU0026,2024-06-23,125
SKU0026,2024-06-30,159
SKU0026,2024-07-07,162
SKU0026,2024-07-14,218
SKU0026,2024-07-21,198
SKU0026,2024-07-28,220
SKU0026,2024-08-04,229
SKU0026,2024-08-11,225
SKU0026,2024-08-18,268
SKU0026,2024-08-25,279
SKU0026,2024-09-01,289
SKU0026,2024-09-08,311
SKU0026,2024-09-15,318
SKU0026,2024-09-22,314
SKU0026,2024-09-29,335
SKU0026,2024-10-06,393
SKU0026,2024-10-13,397
SKU0026,2024-10-20,421
SKU0026,2024-10-27,640
SKU0026,2024-11-03,465
SKU0026,2024-11-10,441
SKU0026,2024-11-17,462
SKU0026,2024-11-24,549
SKU0026,2024-12-01,683
SKU0026,2024-12-08,429
SKU0026,2024-12-15,496
SKU0026,2024-12-22,464
SKU0026,2024-12-29,496
SKU0026,2025-01-05,488
SKU0026,2025-01-12,478
SKU0026,2025-01-19,716
SKU0026,2025-01-26,507
SKU0026,2025-02-02,504
SKU0026,2025-02-09,480
SKU0026,2025-02-16,515
SKU0026,2025-02-23,479
SKU0026,2025-03-02,467
SKU0026,2025-03-09,412
SKU0026,2025-03-16,411
SKU0026,2025-03-23,405
SKU0026,2025-03-30,405
SKU0026,2025-04-06,374
SKU0026,2025-04-13,330
SKU0026,2025-04-20,381
SKU0026,2025-04-27,346
SKU0026,2025-05-04,344
SKU0026,2025-05-11,325
SKU0026,2025-05-18,313
SKU0026,2025-05-25,294
SKU0026,2025-06-01,335
SKU0026,2025-06-08,405
SKU0026,2025-06-15,263
SKU0026,2025-06-22,303
SKU0026,2025-06-29,288
SKU0026,2025-07-06,317
SKU0026,2025-07-13,294
SKU0026,2025-07-20,329
SKU0026,2025-07-27,337
SKU0026,2025-08-03,343
SKU0026,2025-08-10,373
SKU0026,2025-08-17,384
SKU0026,2025-08-24,386
SKU0026,2025-08-31,438
SKU0026,2025-09-07,467
SKU0026,2025-09-14,498
SKU0026,2025-09-21,489
SKU0026,2025-09-28,510
SKU0026,2025-10-05,152
SKU0027,2024-01-07,7
SKU0027,2024-01-14,14
SKU0027,2024-01-21,16
SKU0027,2024-01-28,10
SKU0027,2024-02-04,13
SKU0027,2024-02-11,14
SKU0027,2024-02-18,8
SKU0027,2024-02-25,18
SKU0027,2024-03-03,11
SKU0027,2024-03-10,10
SKU0027,2024-03-17,8
SKU0027,2024-03-24,26
SKU0027,2024-03-31,20
SKU0027,2024-04-07,14
SKU0027,2024-04-14,16
SKU0027,2024-04-21,15
SKU0027,2024-04-28,16
SKU0027,2024-05-05,11
SKU0027,2024-05-12,15
SKU0027,2024-05-19,24
SKU0027,2024-05-26,19
SKU0027,2024-06-02,17
SKU0027,2024-06-09,16
SKU0027,2024-06-16,13
SKU0027,2024-06-23,28
SKU0027,2024-06-30,21
SKU0027,2024-07-07,15
SKU0027,2024-07-14,12
SKU0027,2024-07-21,17
SKU0027,2024-07-28,19
SKU0027,2024-08-04,13
SKU0027,2024-08-11,22
SKU0027,2024-08-18,12
SKU0027,2024-08-25,20
SKU0027,2024-09-01,11
SKU0027,2024-09-08,21
SKU0027,2024-09-15,22
SKU0027,2024-09-22,20
SKU0027,2024-09-29,18
SKU0027,2024-10-06,27
SKU0027,2024-10-13,27
SKU0027,2024-10-20,37
SKU0027,2024-10-27,40
SKU0027,2024-11-03,23
SKU0027,2024-11-10,39
SKU0027,2024-11-17,32
SKU0027,2024-11-24,27
SKU0027,2024-12-01,33
SKU0027,2024-12-08,31
SKU0027,2024-12-15,35
SKU0027,2024-12-22,32
SKU0027,2024-12-29,35
SKU0027,2025-01-05,40
SKU0027,2025-01-12,41
SKU0027,2025-01-19,44
SKU0027,2025-01-26,30
SKU0027,2025-02-02,42
SKU0027,2025-02-09,34
SKU0027,2025-02-16,33
SKU0027,2025-02-23,25
SKU0027,2025-03-02,23
SKU0027,2025-03-09,30
SKU0027,2025-03-16,25
SKU0027,2025-03-23,30
SKU0027,2025-03-30,28
SKU0027,2025-04-06,37
SKU0027,2025-04-13,32
SKU0027,2025-04-20,25
SKU0027,2025-04-27,26
SKU0027,2025-05-04,23
SKU0027,2025-05-11,34
SKU0027,2025-05-18,38
SKU0027,2025-05-25,35
SKU0027,2025-06-01,28
SKU0027,2025-06-08,40
SKU0027,2025-06-15,32
SKU0027,2025-06-22,28
SKU0027,2025-06-29,27
SKU0027,2025-07-06,32
SKU0027,2025-07-13,25
SKU0027,2025-07-20,28
SKU0027,2025-07-27,30
SKU0027,2025-08-03,30
SKU0027,2025-08-10,30
SKU0027,2025-08-17,27
SKU0027,2025-08-24,41
SKU0027,2025-08-31,37
SKU0027,2025-09-07,32
SKU0027,2025-09-14,43
SKU0027,2025-09-21,38
SKU0027,2025-09-28,34
SKU0027,2025-10-05,8
SKU0028,2024-01-07,118
SKU0028,2024-01-14,131
SKU0028,2024-01-21,130
SKU0028,2024-01-28,92
SKU0028,2024-02-04,100
SKU0028,2024-02-11,82
SKU0028,2024-02-18,97
SKU0028,2024-02-25,92
SKU0028,2024-03-03,70
SKU0028,2024-03-10,69
SKU0028,2024-03-17,71
SKU0028,2024-03-24,67
SKU0028,2024-03-31,69
SKU0028,2024-04-07,49
SKU0028,2024-04-14,58
SKU0028,2024-04-21,62
SKU0028,2024-04-28,48
SKU0028,2024-05-05,37
SKU0028,2024-05-12,39
SKU0028,2024-05-19,29
SKU0028,2024-05-26,39
SKU0028,2024-06-02,50
SKU0028,2024-06-09,58
SKU0028,2024-06-16,45
SKU0028,2024-06-23,31
SKU0028,2024-06-30,32
SKU0028,2024-07-07,30
SKU0028,2024-07-14,38
SKU0028,2024-07-21,43
SKU0028,2024-07-28,44
SKU0028,2024-08-04,55
SKU0028,2024-08-11,37
SKU0028,2024-08-18,42
SKU0028,2024-08-25,51
SKU0028,2024-09-01,47
SKU0028,2024-09-08,51
SKU0028,2024-09-15,43
SKU0028,2024-09-22,53
SKU0028,2024-09-29,58
SKU0028,2024-10-06,48
SKU0028,2024-10-13,68
SKU0028,2024-10-20,54
SKU0028,2024-10-27,98
SKU0028,2024-11-03,56
SKU0028,2024-11-10,60
SKU0028,2024-11-17,61
SKU0028,2024-11-24,67
SKU0028,2024-12-01,73
SKU0028,2024-12-08,65
SKU0028,2024-12-15,61
SKU0028,2024-12-22,56
SKU0028,2024-12-29,66
SKU0028,2025-01-05,56
SKU0028,2025-01-12,68
SKU0028,2025-01-19,67
SKU0028,2025-01-26,55
SKU0028,2025-02-02,53
SKU0028,2025-02-09,52
SKU0028,2025-02-16,35
SKU0028,2025-02-23,50
SKU0028,2025-03-02,34
SKU0028,2025-03-09,42
SKU0028,2025-03-16,40
SKU0028,2025-03-23,45
SKU0028,2025-03-30,32
SKU0028,2025-04-06,37
SKU0028,2025-04-13,28
SKU0028,2025-04-20,26
SKU0028,2025-04-27,27
SKU0028,2025-05-04,14
SKU0028,2025-05-11,22
SKU0028,2025-05-18,30
SKU0028,2025-05-25,18
SKU0028,2025-06-01,27
SKU0028,2025-06-08,18
SKU0028,2025-06-15,19
SKU0028,2025-06-22,19
SKU0028,2025-06-29,15
SKU0028,2025-07-06,17
SKU0028,2025-07-13,13
SKU0028,2025-07-20,17
SKU0028,2025-07-27,15
SKU0028,2025-08-03,10
SKU0028,2025-08-10,10
SKU0028,2025-08-17,16
SKU0028,2025-08-24,24
SKU0028,2025-08-31,22
SKU0028,2025-09-07,19
SKU0028,2025-09-14,18
SKU0028,2025-09-21,15
SKU0028,2025-09-28,24
SKU0028,2025-10-05,3
SKU0029,2024-01-07,19
SKU0029,2024-01-14,34
SKU0029,2024-01-21,33
SKU0029,2024-01-28,25
SKU0029,2024-02-04,26
SKU0029,2024-02-11,20
SKU0029,2024-02-18,21
SKU0029,2024-02-25,26
SKU0029,2024-03-03,17
SKU0029,2024-03-10,27
SKU0029,2024-03-17,16
SKU0029,2024-03-24,24
SKU0029,2024-03-31,15
SKU0029,2024-04-07,26
SKU0029,2024-04-14,19
SKU0029,2024-04-21,21
SKU0029,2024-04-28,21
SKU0029,2024-05-05,15
SKU0029,2024-05-12,27
SKU0029,2024-05-19,13
SKU0029,2024-05-26,24
SKU0029,2024-06-02,18
SKU0029,2024-06-09,19
SKU0029,2024-06-16,13
SKU0029,2024-06-23,14
SKU0029,2024-06-30,15
SKU0029,2024-07-07,22
SKU0029,2024-07-14,11
SKU0029,2024-07-21,15
SKU0029,2024-07-28,21
SKU0029,2024-08-04,15
SKU0029,2024-08-11,17
SKU0029,2024-08-18,19
SKU0029,2024-08-25,22
SKU0029,2024-09-01,26
SKU0029,2024-09-08,19
SKU0029,2024-09-15,28
SKU0029,2024-09-22,31
SKU0029,2024-09-29,35
SKU0029,2024-10-06,26
SKU0029,2024-10-13,37
SKU0029,2024-10-20,37
SKU0029,2024-10-27,65
SKU0029,2024-11-03,43
SKU0029,2024-11-10,47
SKU0029,2024-11-17,44
SKU0029,2024-11-24,45
SKU0029,2024-12-01,47
SKU0029,2024-12-08,59
SKU0029,2024-12-15,36
SKU0029,2024-12-22,38
SKU0029,2024-12-29,49
SKU0029,2025-01-05,52
SKU0029,2025-01-12,54
SKU0029,2025-01-19,48
SKU0029,2025-01-26,52
SKU0029,2025-02-02,38
SKU0029,2025-02-09,35
SKU0029,2025-02-16,40
SKU0029,2025-02-23,35
SKU0029,2025-03-02,47
SKU0029,2025-03-09,43
SKU0029,2025-03-16,42
SKU0029,2025-03-23,25
SKU0029,2025-03-30,37
SKU0029,2025-04-06,25
SKU0029,2025-04-13,27
SKU0029,2025-04-20,30
SKU0029,2025-04-27,27
SKU0029,2025-05-04,19
SKU0029,2025-05-11,33
SKU0029,2025-05-18,21
SKU0029,2025-05-25,29
SKU0029,2025-06-01,32
SKU0029,2025-06-08,32
SKU0029,2025-06-15,25
SKU0029,2025-06-22,17
SKU0029,2025-06-29,18
SKU0029,2025-07-06,28
SKU0029,2025-07-13,25
SKU0029,2025-07-20,28
SKU0029,2025-07-27,19
SKU0029,2025-08-03,29
SKU0029,2025-08-10,24
SKU0029,2025-08-17,29
SKU0029,2025-08-24,37
SKU0029,2025-08-31,35
SKU0029,2025-09-07,44
SKU0029,2025-09-14,33
SKU0029,2025-09-21,50
SKU0029,2025-09-28,37
SKU0029,2025-10-05,8
SKU0030,2024-01-07,27
SKU0030,2024-01-14,16
SKU0030,2024-01-21,20
SKU0030,2024-01-28,14
SKU0030,2024-02-04,19
SKU0030,2024-02-11,26
SKU0030,2024-02-18,27
SKU0030,2024-02-25,16
SKU0030,2024-03-03,23
SKU0030,2024-03-10,14
SKU0030,2024-03-17,26
SKU0030,2024-03-24,18
SKU0030,2024-03-31,18
SKU0030,2024-04-07,17
SKU0030,2024-04-14,19
SKU0030,2024-04-21,33
SKU0030,2024-04-28,11
SKU0030,2024-05-05,25
SKU0030,2024-05-12,23
SKU0030,2024-05-19,18
SKU0030,2024-05-26,14
SKU0030,2024-06-02,36
SKU0030,2024-06-09,26
SKU0030,2024-06-16,23
SKU0030,2024-06-23,25
SKU0030,2024-06-30,17
SKU0030,2024-07-07,32
SKU0030,2024-07-14,19
SKU0030,2024-07-21,25
SKU0030,2024-07-28,30
SKU0030,2024-08-04,30
SKU0030,2024-08-11,25
SKU0030,2024-08-18,21
SKU0030,2024-08-25,26
SKU0030,2024-09-01,35
SKU0030,2024-09-08,26
SKU0030,2024-09-15,25
SKU0030,2024-09-22,26
SKU0030,2024-09-29,28
SKU0030,2024-10-06,36
SKU0030,2024-10-13,37
SKU0030,2024-10-20,56
SKU0030,2024-10-27,53
SKU0030,2024-11-03,33
SKU0030,2024-11-10,37
SKU0030,2024-11-17,39
SKU0030,2024-11-24,57
SKU0030,2024-12-01,65
SKU0030,2024-12-08,44
SKU0030,2024-12-15,35
SKU0030,2024-12-22,45
SKU0030,2024-12-29,44
SKU0030,2025-01-05,44
SKU0030,2025-01-12,47
SKU0030,2025-01-19,67
SKU0030,2025-01-26,59
SKU0030,2025-02-02,43
SKU0030,2025-02-09,36
SKU0030,2025-02-16,39
SKU0030,2025-02-23,38
SKU0030,2025-03-02,36
SKU0030,2025-03-09,39
SKU0030,2025-03-16,31
SKU0030,2025-03-23,48
SKU0030,2025-03-30,45
SKU0030,2025-04-06,46
SKU0030,2025-04-13,40
SKU0030,2025-04-20,47
SKU0030,2025-04-27,53
SKU0030,2025-05-04,27
SKU0030,2025-05-11,33
SKU0030,2025-05-18,35
SKU0030,2025-05-25,44
SKU0030,2025-06-01,56
SKU0030,2025-06-08,55
SKU0030,2025-06-15,40
SKU0030,2025-06-22,31
SKU0030,2025-06-29,40
SKU0030,2025-07-06,43
SKU0030,2025-07-13,41
SKU0030,2025-07-20,34
SKU0030,2025-07-27,50
SKU0030,2025-08-03,33
SKU0030,2025-08-10,53
SKU0030,2025-08-17,42
SKU0030,2025-08-24,46
SKU0030,2025-08-31,55
SKU0030,2025-09-07,50
SKU0030,2025-09-14,66
SKU0030,2025-09-21,49
SKU0030,2025-09-28,61
SKU0030,2025-10-05,21
SKU0031,2024-01-07,51
SKU0031,2024-01-14,49
SKU0031,2024-01-21,57
SKU0031,2024-01-28,40
SKU0031,2024-02-04,49
SKU0031,2024-02-11,35
SKU0031,2024-02-18,43
SKU0031,2024-02-25,30
SKU0031,2024-03-03,38
SKU0031,2024-03-10,39
SKU0031,2024-03-17,33
SKU0031,2024-03-24,23
SKU0031,2024-03-31,27
SKU0031,2024-04-07,32
SKU0031,2024-04-14,38
SKU0031,2024-04-21,22
SKU0031,2024-04-28,22
SKU0031,2024-05-05,36
SKU0031,2024-05-12,26
SKU0031,2024-05-19,15
SKU0031,2024-05-26,31
SKU0031,2024-06-02,29
SKU0031,2024-06-09,27
SKU0031,2024-06-16,15
SKU0031,2024-06-23,20
SKU0031,2024-06-30,20
SKU0031,2024-07-07,20
SKU0031,2024-07-14,21
SKU0031,2024-07-21,18
SKU0031,2024-07-28,28
SKU0031,2024-08-04,23
SKU0031,2024-08-11,15
SKU0031,2024-08-18,19
SKU0031,2024-08-25,19
SKU0031,2024-09-01,21
SKU0031,2024-09-08,24
SKU0031,2024-09-15,22
SKU0031,2024-09-22,18
SKU0031,2024-09-29,13
SKU0031,2024-10-06,12
SKU0031,2024-10-13,14
SKU0031,2024-10-20,15
SKU0031,2024-10-27,31
SKU0031,2024-11-03,22
SKU0031,2024-11-10,12
SKU0031,2024-11-17,15
SKU0031,2024-11-24,16
SKU0031,2024-12-01,21
SKU0031,2024-12-08,11
SKU0031,2024-12-15,8
SKU0031,2024-12-22,15
SKU0031,2024-12-29,17
SKU0031,2025-01-05,15
SKU0031,2025-01-12,13
SKU0031,2025-01-19,13
SKU0031,2025-01-26,5
SKU0031,2025-02-02,12
SKU0031,2025-02-09,8
SKU0031,2025-02-16,7
SKU0031,2025-02-23,7
SKU0031,2025-03-02,4
SKU0031,2025-03-09,3
SKU0031,2025-03-16,7
SKU0031,2025-03-23,7
SKU0031,2025-03-30,8
SKU0031,2025-04-06,3
SKU0031,2025-04-13,3
SKU0031,2025-04-20,1
SKU0031,2025-04-27,2
SKU0031,2025-05-04,2
SKU0031,2025-05-11,1
SKU0031,2025-05-18,0
SKU0031,2025-05-25,0
SKU0031,2025-06-01,1
SKU0031,2025-06-08,0
SKU0031,2025-06-15,1
SKU0031,2025-06-22,1
SKU0031,2025-06-29,0
SKU0031,2025-07-06,1
SKU0031,2025-07-13,0
SKU0031,2025-07-20,0
SKU0031,2025-07-27,1
SKU0031,2025-08-03,2
SKU0031,2025-08-10,0
SKU0031,2025-08-17,0
SKU0031,2025-08-24,1
SKU0031,2025-08-31,0
SKU0031,2025-09-07,0
SKU0031,2025-09-14,0
SKU0031,2025-09-21,0
SKU0031,2025-09-28,1
SKU0031,2025-10-05,0
SKU0032,2024-01-07,115
SKU0032,2024-01-14,117
SKU0032,2024-01-21,159
SKU0032,2024-01-28,131
SKU0032,2024-02-04,123
SKU0032,2024-02-11,117
SKU0032,2024-02-18,125
SKU0032,2024-02-25,118
SKU0032,2024-03-03,137
SKU0032,2024-03-10,138
SKU0032,2024-03-17,107
SKU0032,2024-03-24,136
SKU0032,2024-03-31,149
SKU0032,2024-04-07,119
SKU0032,2024-04-14,128
SKU0032,2024-04-21,107
SKU0032,2024-04-28,132
SKU0032,2024-05-05,126
SKU0032,2024-05-12,126
SKU0032,2024-05-19,124
SKU0032,2024-05-26,110
SKU0032,2024-06-02,179
SKU0032,2024-06-09,159
SKU0032,2024-06-16,131
SKU0032,2024-06-23,148
SKU0032,2024-06-30,153
SKU0032,2024-07-07,154
SKU0032,2024-07-14,129
SKU0032,2024-07-21,145
SKU0032,2024-07-28,167
SKU0032,2024-08-04,172
SKU0032,2024-08-11,153
SKU0032,2024-08-18,176
SKU0032,2024-08-25,176
SKU0032,2024-09-01,176
SKU0032,2024-09-08,175
SKU0032,2024-09-15,200
SKU0032,2024-09-22,224
SKU0032,2024-09-29,191
SKU0032,2024-10-06,199
SKU0032,2024-10-13,189
SKU0032,2024-10-20,253
SKU0032,2024-10-27,343
SKU0032,2024-11-03,246
SKU0032,2024-11-10,225
SKU0032,2024-11-17,211
SKU0032,2024-11-24,295
SKU0032,2024-12-01,335
SKU0032,2024-12-08,244
SKU0032,2024-12-15,257
SKU0032,2024-12-22,293
SKU0032,2024-12-29,231
SKU0032,2025-01-05,246
SKU0032,2025-01-12,257
SKU0032,2025-01-19,372
SKU0032,2025-01-26,270
SKU0032,2025-02-02,268
SKU0032,2025-02-09,250
SKU0032,2025-02-16,273
SKU0032,2025-02-23,256
SKU0032,2025-03-02,254
SKU0032,2025-03-09,270
SKU0032,2025-03-16,256
SKU0032,2025-03-23,269
SKU0032,2025-03-30,262
SKU0032,2025-04-06,246
SKU0032,2025-04-13,241
SKU0032,2025-04-20,251
SKU0032,2025-04-27,247
SKU0032,2025-05-04,255
SKU0032,2025-05-11,237
SKU0032,2025-05-18,238
SKU0032,2025-05-25,226
SKU0032,2025-06-01,272
SKU0032,2025-06-08,324
SKU0032,2025-06-15,230
SKU0032,2025-06-22,258
SKU0032,2025-06-29,268
SKU0032,2025-07-06,243
SKU0032,2025-07-13,261
SKU0032,2025-07-20,285
SKU0032,2025-07-27,263
SKU0032,2025-08-03,293
SKU0032,2025-08-10,291
SKU0032,2025-08-17,277
SKU0032,2025-08-24,266
SKU0032,2025-08-31,301
SKU0032,2025-09-07,293
SKU0032,2025-09-14,325
SKU0032,2025-09-21,322
SKU0032,2025-09-28,325
SKU0032,2025-10-05,103
SKU0033,2024-01-07,72
SKU0033,2024-01-14,70
SKU0033,2024-01-21,80
SKU0033,2024-01-28,60
SKU0033,2024-02-04,60
SKU0033,2024-02-11,56
SKU0033,2024-02-18,55
SKU0033,2024-02-25,54
SKU0033,2024-03-03,43
SKU0033,2024-03-10,51
SKU0033,2024-03-17,56
SKU0033,2024-03-24,44
SKU0033,2024-03-31,52
SKU0033,2024-04-07,31
SKU0033,2024-04-14,53
SKU0033,2024-04-21,46
SKU0033,2024-04-28,46
SKU0033,2024-05-05,55
SKU0033,2024-05-12,40
SKU0033,2024-05-19,39
SKU0033,2024-05-26,28
SKU0033,2024-06-02,68
SKU0033,2024-06-09,52
SKU0033,2024-06-16,35
SKU0033,2024-06-23,41
SKU0033,2024-06-30,39
SKU0033,2024-07-07,42
SKU0033,2024-07-14,43
SKU0033,2024-07-21,41
SKU0033,2024-07-28,40
SKU0033,2024-08-04,36
SKU0033,2024-08-11,57
SKU0033,2024-08-18,46
SKU0033,2024-08-25,45
SKU0033,2024-09-01,45
SKU0033,2024-09-08,41
SKU0033,2024-09-15,45
SKU0033,2024-09-22,48
SKU0033,2024-09-29,48
SKU0033,2024-10-06,48
SKU0033,2024-10-13,41
SKU0033,2024-10-20,54
SKU0033,2024-10-27,84
SKU0033,2024-11-03,45
SKU0033,2024-11-10,48
SKU0033,2024-11-17,60
SKU0033,2024-11-24,59
SKU0033,2024-12-01,67
SKU0033,2024-12-08,32
SKU0033,2024-12-15,57
SKU0033,2024-12-22,42
SKU0033,2024-12-29,41
SKU0033,2025-01-05,49
SKU0033,2025-01-12,48
SKU0033,2025-01-19,68
SKU0033,2025-01-26,56
SKU0033,2025-02-02,44
SKU0033,2025-02-09,38
SKU0033,2025-02-16,39
SKU0033,2025-02-23,52
SKU0033,2025-03-02,26
SKU0033,2025-03-09,35
SKU0033,2025-03-16,35
SKU0033,2025-03-23,45
SKU0033,2025-03-30,36
SKU0033,2025-04-06,32
SKU0033,2025-04-13,29
SKU0033,2025-04-20,23
SKU0033,2025-04-27,24
SKU0033,2025-05-04,35
SKU0033,2025-05-11,33
SKU0033,2025-05-18,33
SKU0033,2025-05-25,28
SKU0033,2025-06-01,30
SKU0033,2025-06-08,37
SKU0033,2025-06-15,23
SKU0033,2025-06-22,34
SKU0033,2025-06-29,36
SKU0033,2025-07-06,31
SKU0033,2025-07-13,30
SKU0033,2025-07-20,19
SKU0033,2025-07-27,30
SKU0033,2025-08-03,24
SKU0033,2025-08-10,29
SKU0033,2025-08-17,32
SKU0033,2025-08-24,36
SKU0033,2025-08-31,34
SKU0033,2025-09-07,35
SKU0033,2025-09-14,31
SKU0033,2025-09-21,38
SKU0033,2025-09-28,32
SKU0033,2025-10-05,14
SKU0034,2024-01-07,36
SKU0034,2024-01-14,25
SKU0034,2024-01-21,58
SKU0034,2024-01-28,43
SKU0034,2024-02-04,29
SKU0034,2024-02-11,34
SKU0034,2024-02-18,42
SKU0034,2024-02-25,33
SKU0034,2024-03-03,34
SKU0034,2024-03-10,38
SKU0034,2024-03-17,42
SKU0034,2024-03-24,37
SKU0034,2024-03-31,38
SKU0034,2024-04-07,43
SKU0034,2024-04-14,42
SKU0034,2024-04-21,33
SKU0034,2024-04-28,32
SKU0034,2024-05-05,40
SKU0034,2024-05-12,60
SKU0034,2024-05-19,37
SKU0034,2024-05-26,42
SKU0034,2024-06-02,51
SKU0034,2024-06-09,57
SKU0034,2024-06-16,43
SKU0034,2024-06-23,44
SKU0034,2024-06-30,46
SKU0034,2024-07-07,35
SKU0034,2024-07-14,47
SKU0034,2024-07-21,51
SKU0034,2024-07-28,49
SKU0034,2024-08-04,50
SKU0034,2024-08-11,63
SKU0034,2024-08-18,58
SKU0034,2024-08-25,48
SKU0034,2024-09-01,55
SKU0034,2024-09-08,54
SKU0034,2024-09-15,56
SKU0034,2024-09-22,60
SKU0034,2024-09-29,54
SKU0034,2024-10-06,62
SKU0034,2024-10-13,59
SKU0034,2024-10-20,55
SKU0034,2024-10-27,107
SKU0034,2024-11-03,52
SKU0034,2024-11-10,83
SKU0034,2024-11-17,79
SKU0034,2024-11-24,78
SKU0034,2024-12-01,97
SKU0034,2024-12-08,84
SKU0034,2024-12-15,66
SKU0034,2024-12-22,86
SKU0034,2024-12-29,90
SKU0034,2025-01-05,69
SKU0034,2025-01-12,79
SKU0034,2025-01-19,103
SKU0034,2025-01-26,89
SKU0034,2025-02-02,86
SKU0034,2025-02-09,83
SKU0034,2025-02-16,79
SKU0034,2025-02-23,81
SKU0034,2025-03-02,94
SKU0034,2025-03-09,72
SKU0034,2025-03-16,86
SKU0034,2025-03-23,76
SKU0034,2025-03-30,79
SKU0034,2025-04-06,71
SKU0034,2025-04-13,87
SKU0034,2025-04-20,73
SKU0034,2025-04-27,80
SKU0034,2025-05-04,89
SKU0034,2025-05-11,73
SKU0034,2025-05-18,74
SKU0034,2025-05-25,67
SKU0034,2025-06-01,80
SKU0034,2025-06-08,98
SKU0034,2025-06-15,74
SKU0034,2025-06-22,76
SKU0034,2025-06-29,77
SKU0034,2025-07-06,83
SKU0034,2025-07-13,78
SKU0034,2025-07-20,89
SKU0034,2025-07-27,81
SKU0034,2025-08-03,102
SKU0034,2025-08-10,101
SKU0034,2025-08-17,104
SKU0034,2025-08-24,95
SKU0034,2025-08-31,96
SKU0034,2025-09-07,110
SKU0034,2025-09-14,113
SKU0034,2025-09-21,95
SKU0034,2025-09-28,104
SKU0034,2025-10-05,30
SKU0035,2024-01-07,307
SKU0035,2024-01-14,336
SKU0035,2024-01-21,366
SKU0035,2024-01-28,289
SKU0035,2024-02-04,296
SKU0035,2024-02-11,266
SKU0035,2024-02-18,243
SKU0035,2024-02-25,284
SKU0035,2024-03-03,254
SKU0035,2024-03-10,235
SKU0035,2024-03-17,200
SKU0035,2024-03-24,189
SKU0035,2024-03-31,224
SKU0035,2024-04-07,193
SKU0035,2024-04-14,202
SKU0035,2024-04-21,163
SKU0035,2024-04-28,191
SKU0035,2024-05-05,152
SKU0035,2024-05-12,138
SKU0035,2024-05-19,131
SKU0035,2024-05-26,128
SKU0035,2024-06-02,164
SKU0035,2024-06-09,193
SKU0035,2024-06-16,121
SKU0035,2024-06-23,148
SKU0035,2024-06-30,118
SKU0035,2024-07-07,127
SKU0035,2024-07-14,145
SKU0035,2024-07-21,117
SKU0035,2024-07-28,129
SKU0035,2024-08-04,144
SKU0035,2024-08-11,131
SKU0035,2024-08-18,159
SKU0035,2024-08-25,132
SKU0035,2024-09-01,151
SKU0035,2024-09-08,171
SKU0035,2024-09-15,154
SKU0035,2024-09-22,169
SKU0035,2024-09-29,166
SKU0035,2024-10-06,183
SKU0035,2024-10-13,172
SKU0035,2024-10-20,220
SKU0035,2024-10-27,297
SKU0035,2024-11-03,181
SKU0035,2024-11-10,148
SKU0035,2024-11-17,186
SKU0035,2024-11-24,208
SKU0035,2024-12-01,280
SKU0035,2024-12-08,193
SKU0035,2024-12-15,166
SKU0035,2024-12-22,199
SKU0035,2024-12-29,215
SKU0035,2025-01-05,169
SKU0035,2025-01-12,176
SKU0035,2025-01-19,220
SKU0035,2025-01-26,148
SKU0035,2025-02-02,136
SKU0035,2025-02-09,144
SKU0035,2025-02-16,140
SKU0035,2025-02-23,122
SKU0035,2025-03-02,126
SKU0035,2025-03-09,133
SKU0035,2025-03-16,102
SKU0035,2025-03-23,108
SKU0035,2025-03-30,113
SKU0035,2025-04-06,91
SKU0035,2025-04-13,80
SKU0035,2025-04-20,88
SKU0035,2025-04-27,93
SKU0035,2025-05-04,77
SKU0035,2025-05-11,83
SKU0035,2025-05-18,57
SKU0035,2025-05-25,69
SKU0035,2025-06-01,73
SKU0035,2025-06-08,96
SKU0035,2025-06-15,55
SKU0035,2025-06-22,48
SKU0035,2025-06-29,58
SKU0035,2025-07-06,62
SKU0035,2025-07-13,70
SKU0035,2025-07-20,57
SKU0035,2025-07-27,48
SKU0035,2025-08-03,67
SKU0035,2025-08-10,53
SKU0035,2025-08-17,60
SKU0035,2025-08-24,49
SKU0035,2025-08-31,70
SKU0035,2025-09-07,67
SKU0035,2025-09-14,61
SKU0035,2025-09-21,60
SKU0035,2025-09-28,55
SKU0035,2025-10-05,14
SKU0036,2024-01-07,16
SKU0036,2024-01-14,25
SKU0036,2024-01-21,33
SKU0036,2024-01-28,17
SKU0036,2024-02-04,19
SKU0036,2024-02-11,20
SKU0036,2024-02-18,19
SKU0036,2024-02-25,16
SKU0036,2024-03-03,14
SKU0036,2024-03-10,14
SKU0036,2024-03-17,17
SKU0036,2024-03-24,13
SKU0036,2024-03-31,12
SKU0036,2024-04-07,13
SKU0036,2024-04-14,12
SKU0036,2024-04-21,19
SKU0036,2024-04-28,13
SKU0036,2024-05-05,15
SKU0036,2024-05-12,13
SKU0036,2024-05-19,19
SKU0036,2024-05-26,12
SKU0036,2024-06-02,18
SKU0036,2024-06-09,17
SKU0036,2024-06-16,19
SKU0036,2024-06-23,17
SKU0036,2024-06-30,12
SKU0036,2024-07-07,14
SKU0036,2024-07-14,16
SKU0036,2024-07-21,8
SKU0036,2024-07-28,17
SKU0036,2024-08-04,11
SKU0036,2024-08-11,17
SKU0036,2024-08-18,9
SKU0036,2024-08-25,16
SKU0036,2024-09-01,21
SKU0036,2024-09-08,18
SKU0036,2024-09-15,14
SKU0036,2024-09-22,20
SKU0036,2024-09-29,17
SKU0036,2024-10-06,17
SKU0036,2024-10-13,15
SKU0036,2024-10-20,18
SKU0036,2024-10-27,29
SKU0036,2024-11-03,19
SKU0036,2024-11-10,22
SKU0036,2024-11-17,15
SKU0036,2024-11-24,30
SKU0036,2024-12-01,30
SKU0036,2024-12-08,21
SKU0036,2024-12-15,22
SKU0036,2024-12-22,26
SKU0036,2024-12-29,16
SKU0036,2025-01-05,17
SKU0036,2025-01-12,22
SKU0036,2025-01-19,38
SKU0036,2025-01-26,16
SKU0036,2025-02-02,24
SKU0036,2025-02-09,19
SKU0036,2025-02-16,25
SKU0036,2025-02-23,15
SKU0036,2025-03-02,21
SKU0036,2025-03-09,18
SKU0036,2025-03-16,23
SKU0036,2025-03-23,26
SKU0036,2025-03-30,19
SKU0036,2025-04-06,20
SKU0036,2025-04-13,16
SKU0036,2025-04-20,12
SKU0036,2025-04-27,15
SKU0036,2025-05-04,13
SKU0036,2025-05-11,14
SKU0036,2025-05-18,7
SKU0036,2025-05-25,13
SKU0036,2025-06-01,13
SKU0036,2025-06-08,16
SKU0036,2025-06-15,16
SKU0036,2025-06-22,13
SKU0036,2025-06-29,13
SKU0036,2025-07-06,10
SKU0036,2025-07-13,18
SKU0036,2025-07-20,11
SKU0036,2025-07-27,16
SKU0036,2025-08-03,21
SKU0036,2025-08-10,13
SKU0036,2025-08-17,20
SKU0036,2025-08-24,19
SKU0036,2025-08-31,13
SKU0036,2025-09-07,20
SKU0036,2025-09-14,16
SKU0036,2025-09-21,16
SKU0036,2025-09-28,17
SKU0036,2025-10-05,7
SKU0037,2024-01-07,10
SKU0037,2024-01-14,9
SKU0037,2024-01-21,14
SKU0037,2024-01-28,12
SKU0037,2024-02-04,11
SKU0037,2024-02-11,12
SKU0037,2024-02-18,14
SKU0037,2024-02-25,11
SKU0037,2024-03-03,6
SKU0037,2024-03-10,11
SKU0037,2024-03-17,15
SKU0037,2024-03-24,10
SKU0037,2024-03-31,9
SKU0037,2024-04-07,7
SKU0037,2024-04-14,7
SKU0037,2024-04-21,5
SKU0037,2024-04-28,11
SKU0037,2024-05-05,3
SKU0037,2024-05-12,7
SKU0037,2024-05-19,14
SKU0037,2024-05-26,12
SKU0037,2024-06-02,16
SKU0037,2024-06-09,5
SKU0037,2024-06-16,6
SKU0037,2024-06-23,9
SKU0037,2024-06-30,13
SKU0037,2024-07-07,8
SKU0037,2024-07-14,11
SKU0037,2024-07-21,9
SKU0037,2024-07-28,12
SKU0037,2024-08-04,9
SKU0037,2024-08-11,11
SKU0037,2024-08-18,13
SKU0037,2024-08-25,10
SKU0037,2024-09-01,10
SKU0037,2024-09-08,11
SKU0037,2024-09-15,13
SKU0037,2024-09-22,21
SKU0037,2024-09-29,17
SKU0037,2024-10-06,16
SKU0037,2024-10-13,26
SKU0037,2024-10-20,21
SKU0037,2024-10-27,24
SKU0037,2024-11-03,23
SKU0037,2024-11-10,19
SKU0037,2024-11-17,17
SKU0037,2024-11-24,19
SKU0037,2024-12-01,25
SKU0037,2024-12-08,20
SKU0037,2024-12-15,20
SKU0037,2024-12-22,29
SKU0037,2024-12-29,20
SKU0037,2025-01-05,15
SKU0037,2025-01-12,15
SKU0037,2025-01-19,32
SKU0037,2025-01-26,25
SKU0037,2025-02-02,28
SKU0037,2025-02-09,22
SKU0037,2025-02-16,21
SKU0037,2025-02-23,18
SKU0037,2025-03-02,23
SKU0037,2025-03-09,14
SKU0037,2025-03-16,20
SKU0037,2025-03-23,12
SKU0037,2025-03-30,12
SKU0037,2025-04-06,26
SKU0037,2025-04-13,22
SKU0037,2025-04-20,22
SKU0037,2025-04-27,19
SKU0037,2025-05-04,16
SKU0037,2025-05-11,17
SKU0037,2025-05-18,11
SKU0037,2025-05-25,18
SKU0037,2025-06-01,22
SKU0037,2025-06-08,20
SKU0037,2025-06-15,14
SKU0037,2025-06-22,12
SKU0037,2025-06-29,15
SKU0037,2025-07-06,12
SKU0037,2025-07-13,19
SKU0037,2025-07-20,10
SKU0037,2025-07-27,16
SKU0037,2025-08-03,15
SKU0037,2025-08-10,14
SKU0037,2025-08-17,18
SKU0037,2025-08-24,20
SKU0037,2025-08-31,18
SKU0037,2025-09-07,18
SKU0037,2025-09-14,24
SKU0037,2025-09-21,21
SKU0037,2025-09-28,27
SKU0037,2025-10-05,4
SKU0038,2024-08-25,62
SKU0038,2024-09-01,126
SKU0038,2024-09-08,121
SKU0038,2024-09-15,138
SKU0038,2024-09-22,143
SKU0038,2024-09-29,169
SKU0038,2024-10-06,163
SKU0038,2024-10-13,164
SKU0038,2024-10-20,229
SKU0038,2024-10-27,310
SKU0038,2024-11-03,181
SKU0038,2024-11-10,182
SKU0038,2024-11-17,198
SKU0038,2024-11-24,250
SKU0038,2024-12-01,347
SKU0038,2024-12-08,232
SKU0038,2024-12-15,229
SKU0038,2024-12-22,206
SKU0038,2024-12-29,232
SKU0038,2025-01-05,199
SKU0038,2025-01-12,219
SKU0038,2025-01-19,292
SKU0038,2025-01-26,223
SKU0038,2025-02-02,213
SKU0038,2025-02-09,213
SKU0038,2025-02-16,188
SKU0038,2025-02-23,197
SKU0038,2025-03-02,197
SKU0038,2025-03-09,194
SKU0038,2025-03-16,163
SKU0038,2025-03-23,169
SKU0038,2025-03-30,174
SKU0038,2025-04-06,140
SKU0038,2025-04-13,144
SKU0038,2025-04-20,144
SKU0038,2025-04-27,136
SKU0038,2025-05-04,123
SKU0038,2025-05-11,131
SKU0038,2025-05-18,104
SKU0038,2025-05-25,110
SKU0038,2025-06-01,136
SKU0038,2025-06-08,186
SKU0038,2025-06-15,128
SKU0038,2025-06-22,133
SKU0038,2025-06-29,113
SKU0038,2025-07-06,95
SKU0038,2025-07-13,129
SKU0038,2025-07-20,121
SKU0038,2025-07-27,121
SKU0038,2025-08-03,129
SKU0038,2025-08-10,128
SKU0038,2025-08-17,149
SKU0038,2025-08-24,157
SKU0038,2025-08-31,171
SKU0038,2025-09-07,171
SKU0038,2025-09-14,171
SKU0038,2025-09-21,200
SKU0038,2025-09-28,240
SKU0038,2025-10-05,60
SKU0039,2024-01-07,1
SKU0039,2024-01-14,7
SKU0039,2024-01-21,4
SKU0039,2024-01-28,6
SKU0039,2024-02-04,1
SKU0039,2024-02-11,4
SKU0039,2024-02-18,2
SKU0039,2024-02-25,6
SKU0039,2024-03-03,2
SKU0039,2024-03-10,6
SKU0039,2024-03-17,1
SKU0039,2024-03-24,3
SKU0039,2024-03-31,5
SKU0039,2024-04-07,2
SKU0039,2024-04-14,3
SKU0039,2024-04-21,3
SKU0039,2024-04-28,4
SKU0039,2024-05-05,9
SKU0039,2024-05-12,1
SKU0039,2024-05-19,2
SKU0039,2024-05-26,7
SKU0039,2024-06-02,0
SKU0039,2024-06-09,3
SKU0039,2024-06-16,1
SKU0039,2024-06-23,4
SKU0039,2024-06-30,1
SKU0039,2024-07-07,3
SKU0039,2024-07-14,4
SKU0039,2024-07-21,3
SKU0039,2024-07-28,3
SKU0039,2024-08-04,5
SKU0039,2024-08-11,0
SKU0039,2024-08-18,7
SKU0039,2024-08-25,0
SKU0039,2024-09-01,5
SKU0039,2024-09-08,2
SKU0039,2024-09-15,6
SKU0039,2024-09-22,3
SKU0039,2024-09-29,3
SKU0039,2024-10-06,5
SKU0039,2024-10-13,6
SKU0039,2024-10-20,5
SKU0039,2024-10-27,8
SKU0039,2024-11-03,5
SKU0039,2024-11-10,8
SKU0039,2024-11-17,7
SKU0039,2024-11-24,8
SKU0039,2024-12-01,6
SKU0039,2024-12-08,13
SKU0039,2024-12-15,6
SKU0039,2024-12-22,10
SKU0039,2024-12-29,2
SKU0039,2025-01-05,6
SKU0039,2025-01-12,5
SKU0039,2025-01-19,7
SKU0039,2025-01-26,7
SKU0039,2025-02-02,6
SKU0039,2025-02-09,11
SKU0039,2025-02-16,5
SKU0039,2025-02-23,8
SKU0039,2025-03-02,6
SKU0039,2025-03-09,2
SKU0039,2025-03-16,7
SKU0039,2025-03-23,8
SKU0039,2025-03-30,0
SKU0039,2025-04-06,5
SKU0039,2025-04-13,4
SKU0039,2025-04-20,3
SKU0039,2025-04-27,7
SKU0039,2025-05-04,2
SKU0039,2025-05-11,2
SKU0039,2025-05-18,3
SKU0039,2025-05-25,1
SKU0039,2025-06-01,3
SKU0039,2025-06-08,6
SKU0039,2025-06-15,3
SKU0039,2025-06-22,3
SKU0039,2025-06-29,4
SKU0039,2025-07-06,5
SKU0039,2025-07-13,1
SKU0039,2025-07-20,3
SKU0039,2025-07-27,3
SKU0039,2025-08-03,5
SKU0039,2025-08-10,6
SKU0039,2025-08-17,1
SKU0039,2025-08-24,4
SKU0039,2025-08-31,7
SKU0039,2025-09-07,5
SKU0039,2025-09-14,8
SKU0039,2025-09-21,3
SKU0039,2025-09-28,7
SKU0039,2025-10-05,2
SKU0040,2024-01-07,260
SKU0040,2024-01-14,273
SKU0040,2024-01-21,368
SKU0040,2024-01-28,307
SKU0040,2024-02-04,252
SKU0040,2024-02-11,233
SKU0040,2024-02-18,241
SKU0040,2024-02-25,258
SKU0040,2024-03-03,266
SKU0040,2024-03-10,248
SKU0040,2024-03-17,240
SKU0040,2024-03-24,255
SKU0040,2024-03-31,254
SKU0040,2024-04-07,222
SKU0040,2024-04-14,205
SKU0040,2024-04-21,210
SKU0040,2024-04-28,226
SKU0040,2024-05-05,221
SKU0040,2024-05-12,195
SKU0040,2024-05-19,214
SKU0040,2024-05-26,220
SKU0040,2024-06-02,238
SKU0040,2024-06-09,270
SKU0040,2024-06-16,199
SKU0040,2024-06-23,212
SKU0040,2024-06-30,197
SKU0040,2024-07-07,202
SKU0040,2024-07-14,228
SKU0040,2024-07-21,231
SKU0040,2024-07-28,248
SKU0040,2024-08-04,263
SKU0040,2024-08-11,269
SKU0040,2024-08-18,271
SKU0040,2024-08-25,300
SKU0040,2024-09-01,289
SKU0040,2024-09-08,320
SKU0040,2024-09-15,339
SKU0040,2024-09-22,385
SKU0040,2024-09-29,347
SKU0040,2024-10-06,389
SKU0040,2024-10-13,359
SKU0040,2024-10-20,441
SKU0040,2024-10-27,660
SKU0040,2024-11-03,458
SKU0040,2024-11-10,450
SKU0040,2024-11-17,494
SKU0040,2024-11-24,526
SKU0040,2024-12-01,650
SKU0040,2024-12-08,488
SKU0040,2024-12-15,482
SKU0040,2024-12-22,512
SKU0040,2024-12-29,548
SKU0040,2025-01-05,523
SKU0040,2025-01-12,538
SKU0040,2025-01-19,720
SKU0040,2025-01-26,522
SKU0040,2025-02-02,488
SKU0040,2025-02-09,491
SKU0040,2025-02-16,479
SKU0040,2025-02-23,488
SKU0040,2025-03-02,484
SKU0040,2025-03-09,429
SKU0040,2025-03-16,416
SKU0040,2025-03-23,420
SKU0040,2025-03-30,424
SKU0040,2025-04-06,426
SKU0040,2025-04-13,435
SKU0040,2025-04-20,388
SKU0040,2025-04-27,368
SKU0040,2025-05-04,354
SKU0040,2025-05-11,357
SKU0040,2025-05-18,363
SKU0040,2025-05-25,360
SKU0040,2025-06-01,362
SKU0040,2025-06-08,467
SKU0040,2025-06-15,333
SKU0040,2025-06-22,382
SKU0040,2025-06-29,376
SKU0040,2025-07-06,356
SKU0040,2025-07-13,321
SKU0040,2025-07-20,378
SKU0040,2025-07-27,382
SKU0040,2025-08-03,375
SKU0040,2025-08-10,430
SKU0040,2025-08-17,432
SKU0040,2025-08-24,433
SKU0040,2025-08-31,453
SKU0040,2025-09-07,503
SKU0040,2025-09-14,497
SKU0040,2025-09-21,540
SKU0040,2025-09-28,543
SKU0040,2025-10-05,142
SKU0041,2024-01-07,85
SKU0041,2024-01-14,83
SKU0041,2024-01-21,112
SKU0041,2024-01-28,102
SKU0041,2024-02-04,75
SKU0041,2024-02-11,60
SKU0041,2024-02-18,75
SKU0041,2024-02-25,72
SKU0041,2024-03-03,65
SKU0041,2024-03-10,52
SKU0041,2024-03-17,66
SKU0041,2024-03-24,60
SKU0041,2024-03-31,56
SKU0041,2024-04-07,52
SKU0041,2024-04-14,54
SKU0041,2024-04-21,56
SKU0041,2024-04-28,41
SKU0041,2024-05-05,60
SKU0041,2024-05-12,52
SKU0041,2024-05-19,49
SKU0041,2024-05-26,57
SKU0041,2024-06-02,48
SKU0041,2024-06-09,47
SKU0041,2024-06-16,54
SKU0041,2024-06-23,41
SKU0041,2024-06-30,53
SKU0041,2024-07-07,31
SKU0041,2024-07-14,42
SKU0041,2024-07-21,58
SKU0041,2024-07-28,32
SKU0041,2024-08-04,39
SKU0041,2024-08-11,43
SKU0041,2024-08-18,59
SKU0041,2024-08-25,49
SKU0041,2024-09-01,44
SKU0041,2024-09-08,61
SKU0041,2024-09-15,49
SKU0041,2024-09-22,61
SKU0041,2024-09-29,63
SKU0041,2024-10-06,54
SKU0041,2024-10-13,49
SKU0041,2024-10-20,58
SKU0041,2024-10-27,100
SKU0041,2024-11-03,52
SKU0041,2024-11-10,61
SKU0041,2024-11-17,50
SKU0041,2024-11-24,67
SKU0041,2024-12-01,85
SKU0041,2024-12-08,59
SKU0041,2024-12-15,64
SKU0041,2024-12-22,62
SKU0041,2024-12-29,61
SKU0041,2025-01-05,51
SKU0041,2025-01-12,64
SKU0041,2025-01-19,78
SKU0041,2025-01-26,55
SKU0041,2025-02-02,47
SKU0041,2025-02-09,49
SKU0041,2025-02-16,40
SKU0041,2025-02-23,39
SKU0041,2025-03-02,49
SKU0041,2025-03-09,56
SKU0041,2025-03-16,39
SKU0041,2025-03-23,60
SKU0041,2025-03-30,32
SKU0041,2025-04-06,24
SKU0041,2025-04-13,36
SKU0041,2025-04-20,21
SKU0041,2025-04-27,37
SKU0041,2025-05-04,38
SKU0041,2025-05-11,36
SKU0041,2025-05-18,36
SKU0041,2025-05-25,24
SKU0041,2025-06-01,36
SKU0041,2025-06-08,51
SKU0041,2025-06-15,35
SKU0041,2025-06-22,37
SKU0041,2025-06-29,29
SKU0041,2025-07-06,36
SKU0041,2025-07-13,26
SKU0041,2025-07-20,20
SKU0041,2025-07-27,38
SKU0041,2025-08-03,46
SKU0041,2025-08-10,26
SKU0041,2025-08-17,27
SKU0041,2025-08-24,37
SKU0041,2025-08-31,36
SKU0041,2025-09-07,40
SKU0041,2025-09-14,48
SKU0041,2025-09-21,49
SKU0041,2025-09-28,30
SKU0041,2025-10-05,7
SKU0042,2024-01-07,52
SKU0042,2024-01-14,71
SKU0042,2024-01-21,65
SKU0042,2024-01-28,50
SKU0042,2024-02-04,46
SKU0042,2024-02-11,44
SKU0042,2024-02-18,62
SKU0042,2024-02-25,56
SKU0042,2024-03-03,62
SKU0042,2024-03-10,50
SKU0042,2024-03-17,60
SKU0042,2024-03-24,42
SKU0042,2024-03-31,41
SKU0042,2024-04-07,43
SKU0042,2024-04-14,40
SKU0042,2024-04-21,45
SKU0042,2024-04-28,64
SKU0042,2024-05-05,45
SKU0042,2024-05-12,39
SKU0042,2024-05-19,53
SKU0042,2024-05-26,57
SKU0042,2024-06-02,62
SKU0042,2024-06-09,65
SKU0042,2024-06-16,41
SKU0042,2024-06-23,45
SKU0042,2024-06-30,48
SKU0042,2024-07-07,55
SKU0042,2024-07-14,45
SKU0042,2024-07-21,48
SKU0042,2024-07-28,48
SKU0042,2024-08-04,44
SKU0042,2024-08-11,49
SKU0042,2024-08-18,57
SKU0042,2024-08-25,58
SKU0042,2024-09-01,66
SKU0042,2024-09-08,65
SKU0042,2024-09-15,65
SKU0042,2024-09-22,44
SKU0042,2024-09-29,59
SKU0042,2024-10-06,53
SKU0042,2024-10-13,60
SKU0042,2024-10-20,92
SKU0042,2024-10-27,96
SKU0042,2024-11-03,70
SKU0042,2024-11-10,64
SKU0042,2024-11-17,64
SKU0042,2024-11-24,77
SKU0042,2024-12-01,89
SKU0042,2024-12-08,67
SKU0042,2024-12-15,68
SKU0042,2024-12-22,77
SKU0042,2024-12-29,70
SKU0042,2025-01-05,59
SKU0042,2025-01-12,62
SKU0042,2025-01-19,118
SKU0042,2025-01-26,64
SKU0042,2025-02-02,57
SKU0042,2025-02-09,67
SKU0042,2025-02-16,62
SKU0042,2025-02-23,72
SKU0042,2025-03-02,68
SKU0042,2025-03-09,52
SKU0042,2025-03-16,66
SKU0042,2025-03-23,71
SKU0042,2025-03-30,63
SKU0042,2025-04-06,75
SKU0042,2025-04-13,64
SKU0042,2025-04-20,62
SKU0042,2025-04-27,48
SKU0042,2025-05-04,67
SKU0042,2025-05-11,79
SKU0042,2025-05-18,86
SKU0042,2025-05-25,68
SKU0042,2025-06-01,78
SKU0042,2025-06-08,97
SKU0042,2025-06-15,65
SKU0042,2025-06-22,62
SKU0042,2025-06-29,60
SKU0042,2025-07-06,59
SKU0042,2025-07-13,67
SKU0042,2025-07-20,79
SKU0042,2025-07-27,71
SKU0042,2025-08-03,60
SKU0042,2025-08-10,62
SKU0042,2025-08-17,75
SKU0042,2025-08-24,91
SKU0042,2025-08-31,71
SKU0042,2025-09-07,94
SKU0042,2025-09-14,61
SKU0042,2025-09-21,76
SKU0042,2025-09-28,91
SKU0042,2025-10-05,22
SKU0043,2024-01-07,66
SKU0043,2024-01-14,82
SKU0043,2024-01-21,96
SKU0043,2024-01-28,83
SKU0043,2024-02-04,67
SKU0043,2024-02-11,87
SKU0043,2024-02-18,72
SKU0043,2024-02-25,82
SKU0043,2024-03-03,81
SKU0043,2024-03-10,80
SKU0043,2024-03-17,98
SKU0043,2024-03-24,97
SKU0043,2024-03-31,67
SKU0043,2024-04-07,80
SKU0043,2024-04-14,72
SKU0043,2024-04-21,90
SKU0043,2024-04-28,64
SKU0043,2024-05-05,81
SKU0043,2024-05-12,72
SKU0043,2024-05-19,92
SKU0043,2024-05-26,57
SKU0043,2024-06-02,85
SKU0043,2024-06-09,92
SKU0043,2024-06-16,60
SKU0043,2024-06-23,80
SKU0043,2024-06-30,94
SKU0043,2024-07-07,93
SKU0043,2024-07-14,102
SKU0043,2024-07-21,78
SKU0043,2024-07-28,74
SKU0043,2024-08-04,84
SKU0043,2024-08-11,100
SKU0043,2024-08-18,86
SKU0043,2024-08-25,96
SKU0043,2024-09-01,112
SKU0043,2024-09-08,100
SKU0043,2024-09-15,116
SKU0043,2024-09-22,123
SKU0043,2024-09-29,108
SKU0043,2024-10-06,129
SKU0043,2024-10-13,134
SKU0043,2024-10-20,183
SKU0043,2024-10-27,228
SKU0043,2024-11-03,173
SKU0043,2024-11-10,172
SKU0043,2024-11-17,156
SKU0043,2024-11-24,213
SKU0043,2024-12-01,245
SKU0043,2024-12-08,182
SKU0043,2024-12-15,157
SKU0043,2024-12-22,166
SKU0043,2024-12-29,171
SKU0043,2025-01-05,179
SKU0043,2025-01-12,174
SKU0043,2025-01-19,261
SKU0043,2025-01-26,187
SKU0043,2025-02-02,159
SKU0043,2025-02-09,187
SKU0043,2025-02-16,178
SKU0043,2025-02-23,168
SKU0043,2025-03-02,171
SKU0043,2025-03-09,184
SKU0043,2025-03-16,166
SKU0043,2025-03-23,156
SKU0043,2025-03-30,174
SKU0043,2025-04-06,163
SKU0043,2025-04-13,152
SKU0043,2025-04-20,158
SKU0043,2025-04-27,168
SKU0043,2025-05-04,150
SKU0043,2025-05-11,128
SKU0043,2025-05-18,135
SKU0043,2025-05-25,104
SKU0043,2025-06-01,141
SKU0043,2025-06-08,196
SKU0043,2025-06-15,118
SKU0043,2025-06-22,153
SKU0043,2025-06-29,121
SKU0043,2025-07-06,134
SKU0043,2025-07-13,147
SKU0043,2025-07-20,133
SKU0043,2025-07-27,130
SKU0043,2025-08-03,146
SKU0043,2025-08-10,148
SKU0043,2025-08-17,167
SKU0043,2025-08-24,169
SKU0043,2025-08-31,183
SKU0043,2025-09-07,170
SKU0043,2025-09-14,164
SKU0043,2025-09-21,178
SKU0043,2025-09-28,198
SKU0043,2025-10-05,64
SKU0044,2024-01-07,109
SKU0044,2024-01-14,141
SKU0044,2024-01-21,155
SKU0044,2024-01-28,101
SKU0044,2024-02-04,105
SKU0044,2024-02-11,105
SKU0044,2024-02-18,97
SKU0044,2024-02-25,104
SKU0044,2024-03-03,90
SKU0044,2024-03-10,90
SKU0044,2024-03-17,100
SKU0044,2024-03-24,83
SKU0044,2024-03-31,70
SKU0044,2024-04-07,73
SKU0044,2024-04-14,65
SKU0044,2024-04-21,53
SKU0044,2024-04-28,47
SKU0044,2024-05-05,57
SKU0044,2024-05-12,60
SKU0044,2024-05-19,53
SKU0044,2024-05-26,37
SKU0044,2024-06-02,63
SKU0044,2024-06-09,66
SKU0044,2024-06-16,37
SKU0044,2024-06-23,56
SKU0044,2024-06-30,42
SKU0044,2024-07-07,35
SKU0044,2024-07-14,50
SKU0044,2024-07-21,27
SKU0044,2024-07-28,54
SKU0044,2024-08-04,42
SKU0044,2024-08-11,44
SKU0044,2024-08-18,49
SKU0044,2024-08-25,38
SKU0044,2024-09-01,48
SKU0044,2024-09-08,49
SKU0044,2024-09-15,44
SKU0044,2024-09-22,45
SKU0044,2024-09-29,49
SKU0044,2024-10-06,39
SKU0044,2024-10-13,42
SKU0044,2024-10-20,43
SKU0044,2024-10-27,53
SKU0044,2024-11-03,47
SKU0044,2024-11-10,50
SKU0044,2024-11-17,48
SKU0044,2024-11-24,47
SKU0044,2024-12-01,70
SKU0044,2024-12-08,48
SKU0044,2024-12-15,35
SKU0044,2024-12-22,39
SKU0044,2024-12-29,33
SKU0044,2025-01-05,22
SKU0044,2025-01-12,35
SKU0044,2025-01-19,39
SKU0044,2025-01-26,28
SKU0044,2025-02-02,29
SKU0044,2025-02-09,25
SKU0044,2025-02-16,21
SKU0044,2025-02-23,19
SKU0044,2025-03-02,24
SKU0044,2025-03-09,17
SKU0044,2025-03-16,19
SKU0044,2025-03-23,10
SKU0044,2025-03-30,11
SKU0044,2025-04-06,7
SKU0044,2025-04-13,4
SKU0044,2025-04-20,4
SKU0044,2025-04-27,4
SKU0044,2025-05-04,3
SKU0044,2025-05-11,1
SKU0044,2025-05-18,2
SKU0044,2025-05-25,0
SKU0044,2025-06-01,0
SKU0044,2025-06-08,1
SKU0044,2025-06-15,1
SKU0044,2025-06-22,1
SKU0044,2025-06-29,0
SKU0044,2025-07-06,0
SKU0044,2025-07-13,1
SKU0044,2025-07-20,0
SKU0044,2025-07-27,0
SKU0044,2025-08-03,1
SKU0044,2025-08-10,0
SKU0044,2025-08-17,1
SKU0044,2025-08-24,1
SKU0044,2025-08-31,0
SKU0044,2025-09-07,0
SKU0044,2025-09-14,0
SKU0044,2025-09-21,1
SKU0044,2025-09-28,0
SKU0044,2025-10-05,0
SKU0045,2024-01-07,10
SKU0045,2024-01-14,18
SKU0045,2024-01-21,24
SKU0045,2024-01-28,15
SKU0045,2024-02-04,10
SKU0045,2024-02-11,16
SKU0045,2024-02-18,17
SKU0045,2024-02-25,14
SKU0045,2024-03-03,16
SKU0045,2024-03-10,13
SKU0045,2024-03-17,18
SKU0045,2024-03-24,10
SKU0045,2024-03-31,13
SKU0045,2024-04-07,15
SKU0045,2024-04-14,21
SKU0045,2024-04-21,13
SKU0045,2024-04-28,16
SKU0045,2024-05-05,9
SKU0045,2024-05-12,11
SKU0045,2024-05-19,9
SKU0045,2024-05-26,14
SKU0045,2024-06-02,12
SKU0045,2024-06-09,15
SKU0045,2024-06-16,12
SKU0045,2024-06-23,5
SKU0045,2024-06-30,17
SKU0045,2024-07-07,11
SKU0045,2024-07-14,10
SKU0045,2024-07-21,11
SKU0045,2024-07-28,13
SKU0045,2024-08-04,11
SKU0045,2024-08-11,17
SKU0045,2024-08-18,23
SKU0045,2024-08-25,19
SKU0045,2024-09-01,16
SKU0045,2024-09-08,26
SKU0045,2024-09-15,22
SKU0045,2024-09-22,16
SKU0045,2024-09-29,24
SKU0045,2024-10-06,21
SKU0045,2024-10-13,29
SKU0045,2024-10-20,33
SKU0045,2024-10-27,45
SKU0045,2024-11-03,30
SKU0045,2024-11-10,29
SKU0045,2024-11-17,40
SKU0045,2024-11-24,35
SKU0045,2024-12-01,47
SKU0045,2024-12-08,36
SKU0045,2024-12-15,43
SKU0045,2024-12-22,27
SKU0045,2024-12-29,54
SKU0045,2025-01-05,33
SKU0045,2025-01-12,43
SKU0045,2025-01-19,54
SKU0045,2025-01-26,35
SKU0045,2025-02-02,32
SKU0045,2025-02-09,43
SKU0045,2025-02-16,39
SKU0045,2025-02-23,36
SKU0045,2025-03-02,52
SKU0045,2025-03-09,29
SKU0045,2025-03-16,26
SKU0045,2025-03-23,29
SKU0045,2025-03-30,27
SKU0045,2025-04-06,30
SKU0045,2025-04-13,31
SKU0045,2025-04-20,32
SKU0045,2025-04-27,30
SKU0045,2025-05-04,18
SKU0045,2025-05-11,21
SKU0045,2025-05-18,22
SKU0045,2025-05-25,29
SKU0045,2025-06-01,31
SKU0045,2025-06-08,21
SKU0045,2025-06-15,14
SKU0045,2025-06-22,23
SKU0045,2025-06-29,24
SKU0045,2025-07-06,28
SKU0045,2025-07-13,15
SKU0045,2025-07-20,25
SKU0045,2025-07-27,23
SKU0045,2025-08-03,37
SKU0045,2025-08-10,21
SKU0045,2025-08-17,36
SKU0045,2025-08-24,34
SKU0045,2025-08-31,38
SKU0045,2025-09-07,30
SKU0045,2025-09-14,39
SKU0045,2025-09-21,33
SKU0045,2025-09-28,47
SKU0045,2025-10-05,7
SKU0046,2024-01-07,67
SKU0046,2024-01-14,65
SKU0046,2024-01-21,78
SKU0046,2024-01-28,68
SKU0046,2024-02-04,61
SKU0046,2024-02-11,68
SKU0046,2024-02-18,69
SKU0046,2024-02-25,81
SKU0046,2024-03-03,59
SKU0046,2024-03-10,52
SKU0046,2024-03-17,70
SKU0046,2024-03-24,61
SKU0046,2024-03-31,59
SKU0046,2024-04-07,51
SKU0046,2024-04-14,74
SKU0046,2024-04-21,57
SKU0046,2024-04-28,72
SKU0046,2024-05-05,59
SKU0046,2024-05-12,73
SKU0046,2024-05-19,51
SKU0046,2024-05-26,66
SKU0046,2024-06-02,92
SKU0046,2024-06-09,81
SKU0046,2024-06-16,63
SKU0046,2024-06-23,62
SKU0046,2024-06-30,82
SKU0046,2024-07-07,84
SKU0046,2024-07-14,84
SKU0046,2024-07-21,80
SKU0046,2024-07-28,75
SKU0046,2024-08-04,82
SKU0046,2024-08-11,75
SKU0046,2024-08-18,96
SKU0046,2024-08-25,103
SKU0046,2024-09-01,85
SKU0046,2024-09-08,80
SKU0046,2024-09-15,101
SKU0046,2024-09-22,84
SKU0046,2024-09-29,106
SKU0046,2024-10-06,98
SKU0046,2024-10-13,110
SKU0046,2024-10-20,125
SKU0046,2024-10-27,208
SKU0046,2024-11-03,127
SKU0046,2024-11-10,121
SKU0046,2024-11-17,120
SKU0046,2024-11-24,134
SKU0046,2024-12-01,172
SKU0046,2024-12-08,123
SKU0046,2024-12-15,109
SKU0046,2024-12-22,139
SKU0046,2024-12-29,138
SKU0046,2025-01-05,142
SKU0046,2025-01-12,142
SKU0046,2025-01-19,214
SKU0046,2025-01-26,151
SKU0046,2025-02-02,154
SKU0046,2025-02-09,146
SKU0046,2025-02-16,131
SKU0046,2025-02-23,134
SKU0046,2025-03-02,169
SKU0046,2025-03-09,161
SKU0046,2025-03-16,137
SKU0046,2025-03-23,126
SKU0046,2025-03-30,156
SKU0046,2025-04-06,134
SKU0046,2025-04-13,139
SKU0046,2025-04-20,134
SKU0046,2025-04-27,147
SKU0046,2025-05-04,133
SKU0046,2025-05-11,116
SKU0046,2025-05-18,119
SKU0046,2025-05-25,133
SKU0046,2025-06-01,156
SKU0046,2025-06-08,199
SKU0046,2025-06-15,113
SKU0046,2025-06-22,131
SKU0046,2025-06-29,126
SKU0046,2025-07-06,130
SKU0046,2025-07-13,145
SKU0046,2025-07-20,124
SKU0046,2025-07-27,150
SKU0046,2025-08-03,146
SKU0046,2025-08-10,151
SKU0046,2025-08-17,149
SKU0046,2025-08-24,153
SKU0046,2025-08-31,164
SKU0046,2025-09-07,171
SKU0046,2025-09-14,182
SKU0046,2025-09-21,170
SKU0046,2025-09-28,181
SKU0046,2025-10-05,50
SKU0047,2024-01-07,164
SKU0047,2024-01-14,154
SKU0047,2024-01-21,157
SKU0047,2024-01-28,133
SKU0047,2024-02-04,135
SKU0047,2024-02-11,148
SKU0047,2024-02-18,129
SKU0047,2024-02-25,112
SKU0047,2024-03-03,115
SKU0047,2024-03-10,123
SKU0047,2024-03-17,116
SKU0047,2024-03-24,119
SKU0047,2024-03-31,87
SKU0047,2024-04-07,101
SKU0047,2024-04-14,95
SKU0047,2024-04-21,85
SKU0047,2024-04-28,78
SKU0047,2024-05-05,67
SKU0047,2024-05-12,69
SKU0047,2024-05-19,71
SKU0047,2024-05-26,64
SKU0047,2024-06-02,84
SKU0047,2024-06-09,95
SKU0047,2024-06-16,71
SKU0047,2024-06-23,61
SKU0047,2024-06-30,65
SKU0047,2024-07-07,84
SKU0047,2024-07-14,59
SKU0047,2024-07-21,80
SKU0047,2024-07-28,55
SKU0047,2024-08-04,66
SKU0047,2024-08-11,66
SKU0047,2024-08-18,69
SKU0047,2024-08-25,101
SKU0047,2024-09-01,86
SKU0047,2024-09-08,80
SKU0047,2024-09-15,78
SKU0047,2024-09-22,91
SKU0047,2024-09-29,85
SKU0047,2024-10-06,92
SKU0047,2024-10-13,96
SKU0047,2024-10-20,98
SKU0047,2024-10-27,162
SKU0047,2024-11-03,93
SKU0047,2024-11-10,113
SKU0047,2024-11-17,121
SKU0047,2024-11-24,121
SKU0047,2024-12-01,137
SKU0047,2024-12-08,111
SKU0047,2024-12-15,95
SKU0047,2024-12-22,107
SKU0047,2024-12-29,113
SKU0047,2025-01-05,111
SKU0047,2025-01-12,106
SKU0047,2025-01-19,157
SKU0047,2025-01-26,113
SKU0047,2025-02-02,104
SKU0047,2025-02-09,95
SKU0047,2025-02-16,66
SKU0047,2025-02-23,97
SKU0047,2025-03-02,83
SKU0047,2025-03-09,78
SKU0047,2025-03-16,84
SKU0047,2025-03-23,84
SKU0047,2025-03-30,77
SKU0047,2025-04-06,61
SKU0047,2025-04-13,62
SKU0047,2025-04-20,64
SKU0047,2025-04-27,54
SKU0047,2025-05-04,65
SKU0047,2025-05-11,71
SKU0047,2025-05-18,46
SKU0047,2025-05-25,38
SKU0047,2025-06-01,48
SKU0047,2025-06-08,53
SKU0047,2025-06-15,63
SKU0047,2025-06-22,34
SKU0047,2025-06-29,46
SKU0047,2025-07-06,39
SKU0047,2025-07-13,48
SKU0047,2025-07-20,38
SKU0047,2025-07-27,48
SKU0047,2025-08-03,66
SKU0047,2025-08-10,47
SKU0047,2025-08-17,49
SKU0047,2025-08-24,48
SKU0047,2025-08-31,61
SKU0047,2025-09-07,59
SKU0047,2025-09-14,71
SKU0047,2025-09-21,62
SKU0047,2025-09-28,73
SKU0047,2025-10-05,15
SKU0048,2024-01-07,14
SKU0048,2024-01-14,13
SKU0048,2024-01-21,4
SKU0048,2024-01-28,9
SKU0048,2024-02-04,8
SKU0048,2024-02-11,10
SKU0048,2024-02-18,12
SKU0048,2024-02-25,20
SKU0048,2024-03-03,7
SKU0048,2024-03-10,11
SKU0048,2024-03-17,17
SKU0048,2024-03-24,15
SKU0048,2024-03-31,14
SKU0048,2024-04-07,8
SKU0048,2024-04-14,10
SKU0048,2024-04-21,16
SKU0048,2024-04-28,7
SKU0048,2024-05-05,17
SKU0048,2024-05-12,11
SKU0048,2024-05-19,8
SKU0048,2024-05-26,9
SKU0048,2024-06-02,12
SKU0048,2024-06-09,14
SKU0048,2024-06-16,7
SKU0048,2024-06-23,8
SKU0048,2024-06-30,10
SKU0048,2024-07-07,5
SKU0048,2024-07-14,10
SKU0048,2024-07-21,13
SKU0048,2024-07-28,8
SKU0048,2024-08-04,9
SKU0048,2024-08-11,7
SKU0048,2024-08-18,13
SKU0048,2024-08-25,17
SKU0048,2024-09-01,16
SKU0048,2024-09-08,11
SKU0048,2024-09-15,14
SKU0048,2024-09-22,13
SKU0048,2024-09-29,23
SKU0048,2024-10-06,9
SKU0048,2024-10-13,7
SKU0048,2024-10-20,28
SKU0048,2024-10-27,19
SKU0048,2024-11-03,14
SKU0048,2024-11-10,16
SKU0048,2024-11-17,16
SKU0048,2024-11-24,17
SKU0048,2024-12-01,20
SKU0048,2024-12-08,20
SKU0048,2024-12-15,18
SKU0048,2024-12-22,18
SKU0048,2024-12-29,17
SKU0048,2025-01-05,13
SKU0048,2025-01-12,17
SKU0048,2025-01-19,24
SKU0048,2025-01-26,19
SKU0048,2025-02-02,26
SKU0048,2025-02-09,25
SKU0048,2025-02-16,9
SKU0048,2025-02-23,11
SKU0048,2025-03-02,15
SKU0048,2025-03-09,24
SKU0048,2025-03-16,22
SKU0048,2025-03-23,18
SKU0048,2025-03-30,22
SKU0048,2025-04-06,17
SKU0048,2025-04-13,22
SKU0048,2025-04-20,11
SKU0048,2025-04-27,16
SKU0048,2025-05-04,19
SKU0048,2025-05-11,15
SKU0048,2025-05-18,23
SKU0048,2025-05-25,11
SKU0048,2025-06-01,16
SKU0048,2025-06-08,26
SKU0048,2025-06-15,19
SKU0048,2025-06-22,12
SKU0048,2025-06-29,16
SKU0048,2025-07-06,13
SKU0048,2025-07-13,18
SKU0048,2025-07-20,16
SKU0048,2025-07-27,17
SKU0048,2025-08-03,27
SKU0048,2025-08-10,24
SKU0048,2025-08-17,20
SKU0048,2025-08-24,18
SKU0048,2025-08-31,26
SKU0048,2025-09-07,21
SKU0048,2025-09-14,25
SKU0048,2025-09-21,26
SKU0048,2025-09-28,15
SKU0048,2025-10-05,3
SKU0049,2024-01-07,114
SKU0049,2024-01-14,137
SKU0049,2024-01-21,169
SKU0049,2024-01-28,117
SKU0049,2024-02-04,113
SKU0049,2024-02-11,113
SKU0049,2024-02-18,105
SKU0049,2024-02-25,122
SKU0049,2024-03-03,120
SKU0049,2024-03-10,104
SKU0049,2024-03-17,111
SKU0049,2024-03-24,107
SKU0049,2024-03-31,123
SKU0049,2024-04-07,113
SKU0049,2024-04-14,130
SKU0049,2024-04-21,133
SKU0049,2024-04-28,94
SKU0049,2024-05-05,101
SKU0049,2024-05-12,108
SKU0049,2024-05-19,115
SKU0049,2024-05-26,117
SKU0049,2024-06-02,139
SKU0049,2024-06-09,146
SKU0049,2024-06-16,113
SKU0049,2024-06-23,125
SKU0049,2024-06-30,94
SKU0049,2024-07-07,124
SKU0049,2024-07-14,112
SKU0049,2024-07-21,117
SKU0049,2024-07-28,120
SKU0049,2024-08-04,128
SKU0049,2024-08-11,136
SKU0049,2024-08-18,152
SKU0049,2024-08-25,158
SKU0049,2024-09-01,136
SKU0049,2024-09-08,131
SKU0049,2024-09-15,139
SKU0049,2024-09-22,150
SKU0049,2024-09-29,147
SKU0049,2024-10-06,144
SKU0049,2024-10-13,185
SKU0049,2024-10-20,191
SKU0049,2024-10-27,244
SKU0049,2024-11-03,148
SKU0049,2024-11-10,163
SKU0049,2024-11-17,191
SKU0049,2024-11-24,224
SKU0049,2024-12-01,240
SKU0049,2024-12-08,168
SKU0049,2024-12-15,149
SKU0049,2024-12-22,176
SKU0049,2024-12-29,207
SKU0049,2025-01-05,171
SKU0049,2025-01-12,181
SKU0049,2025-01-19,258
SKU0049,2025-01-26,178
SKU0049,2025-02-02,177
SKU0049,2025-02-09,178
SKU0049,2025-02-16,186
SKU0049,2025-02-23,174
SKU0049,2025-03-02,189
SKU0049,2025-03-09,176
SKU0049,2025-03-16,170
SKU0049,2025-03-23,209
SKU0049,2025-03-30,187
SKU0049,2025-04-06,171
SKU0049,2025-04-13,172
SKU0049,2025-04-20,153
SKU0049,2025-04-27,146
SKU0049,2025-05-04,171
SKU0049,2025-05-11,174
SKU0049,2025-05-18,155
SKU0049,2025-05-25,166
SKU0049,2025-06-01,180
SKU0049,2025-06-08,220
SKU0049,2025-06-15,185
SKU0049,2025-06-22,180
SKU0049,2025-06-29,179
SKU0049,2025-07-06,164
SKU0049,2025-07-13,169
SKU0049,2025-07-20,172
SKU0049,2025-07-27,163
SKU0049,2025-08-03,184
SKU0049,2025-08-10,186
SKU0049,2025-08-17,184
SKU0049,2025-08-24,180
SKU0049,2025-08-31,192
SKU0049,2025-09-07,190
SKU0049,2025-09-14,200
SKU0049,2025-09-21,206
SKU0049,2025-09-28,226
SKU0049,2025-10-05,54
SKU0050,2024-01-07,56
SKU0050,2024-01-14,61
SKU0050,2024-01-21,71
SKU0050,2024-01-28,69
SKU0050,2024-02-04,54
SKU0050,2024-02-11,50
SKU0050,2024-02-18,56
SKU0050,2024-02-25,55
SKU0050,2024-03-03,58
SKU0050,2024-03-10,48
SKU0050,2024-03-17,42
SKU0050,2024-03-24,34
SKU0050,2024-03-31,36
SKU0050,2024-04-07,45
SKU0050,2024-04-14,26
SKU0050,2024-04-21,36
SKU0050,2024-04-28,38
SKU0050,2024-05-05,37
SKU0050,2024-05-12,36
SKU0050,2024-05-19,28
SKU0050,2024-05-26,32
SKU0050,2024-06-02,32
SKU0050,2024-06-09,48
SKU0050,2024-06-16,37
SKU0050,2024-06-23,30
SKU0050,2024-06-30,36
SKU0050,2024-07-07,26
SKU0050,2024-07-14,33
SKU0050,2024-07-21,31
SKU0050,2024-07-28,31
SKU0050,2024-08-04,32
SKU0050,2024-08-11,35
SKU0050,2024-08-18,38
SKU0050,2024-08-25,39
SKU0050,2024-09-01,45
SKU0050,2024-09-08,40
SKU0050,2024-09-15,51
SKU0050,2024-09-22,53
SKU0050,2024-09-29,49
SKU0050,2024-10-06,44
SKU0050,2024-10-13,54
SKU0050,2024-10-20,52
SKU0050,2024-10-27,78
SKU0050,2024-11-03,47
SKU0050,2024-11-10,63
SKU0050,2024-11-17,60
SKU0050,2024-11-24,78
SKU0050,2024-12-01,89
SKU0050,2024-12-08,59
SKU0050,2024-12-15,53
SKU0050,2024-12-22,51
SKU0050,2024-12-29,62
SKU0050,2025-01-05,61
SKU0050,2025-01-12,39
SKU0050,2025-01-19,70
SKU0050,2025-01-26,53
SKU0050,2025-02-02,51
SKU0050,2025-02-09,52
SKU0050,2025-02-16,50
SKU0050,2025-02-23,48
SKU0050,2025-03-02,53
SKU0050,2025-03-09,47
SKU0050,2025-03-16,37
SKU0050,2025-03-23,33
SKU0050,2025-03-30,42
SKU0050,2025-04-06,48
SKU0050,2025-04-13,30
SKU0050,2025-04-20,31
SKU0050,2025-04-27,28
SKU0050,2025-05-04,28
SKU0050,2025-05-11,30
SKU0050,2025-05-18,35
SKU0050,2025-05-25,25
SKU0050,2025-06-01,25
SKU0050,2025-06-08,55
SKU0050,2025-06-15,27
SKU0050,2025-06-22,24
SKU0050,2025-06-29,36
SKU0050,2025-07-06,47
SKU0050,2025-07-13,33
SKU0050,2025-07-20,22
SKU0050,2025-07-27,29
SKU0050,2025-08-03,27
SKU0050,2025-08-10,27
SKU0050,2025-08-17,24
SKU0050,2025-08-24,36
SKU0050,2025-08-31,42
SKU0050,2025-09-07,37
SKU0050,2025-09-14,42
SKU0050,2025-09-21,46
SKU0050,2025-09-28,42
SKU0050,2025-10-05,13
SKU0051,2024-01-07,101
SKU0051,2024-01-14,92
SKU0051,2024-01-21,96
SKU0051,2024-01-28,93
SKU0051,2024-02-04,88
SKU0051,2024-02-11,74
SKU0051,2024-02-18,80
SKU0051,2024-02-25,68
SKU0051,2024-03-03,85
SKU0051,2024-03-10,71
SKU0051,2024-03-17,59
SKU0051,2024-03-24,64
SKU0051,2024-03-31,58
SKU0051,2024-04-07,50
SKU0051,2024-04-14,59
SKU0051,2024-04-21,59
SKU0051,2024-04-28,57
SKU0051,2024-05-05,59
SKU0051,2024-05-12,52
SKU0051,2024-05-19,49
SKU0051,2024-05-26,45
SKU0051,2024-06-02,69
SKU0051,2024-06-09,66
SKU0051,2024-06-16,41
SKU0051,2024-06-23,42
SKU0051,2024-06-30,47
SKU0051,2024-07-07,36
SKU0051,2024-07-14,39
SKU0051,2024-07-21,34
SKU0051,2024-07-28,42
SKU0051,2024-08-04,44
SKU0051,2024-08-11,33
SKU0051,2024-08-18,32
SKU0051,2024-08-25,49
SKU0051,2024-09-01,34
SKU0051,2024-09-08,43
SKU0051,2024-09-15,44
SKU0051,2024-09-22,34
SKU0051,2024-09-29,34
SKU0051,2024-10-06,37
SKU0051,2024-10-13,53
SKU0051,2024-10-20,73
SKU0051,2024-10-27,58
SKU0051,2024-11-03,41
SKU0051,2024-11-10,44
SKU0051,2024-11-17,31
SKU0051,2024-11-24,55
SKU0051,2024-12-01,41
SKU0051,2024-12-08,30
SKU0051,2024-12-15,33
SKU0051,2024-12-22,34
SKU0051,2024-12-29,32
SKU0051,2025-01-05,37
SKU0051,2025-01-12,30
SKU0051,2025-01-19,53
SKU0051,2025-01-26,21
SKU0051,2025-02-02,23
SKU0051,2025-02-09,29
SKU0051,2025-02-16,30
SKU0051,2025-02-23,18
SKU0051,2025-03-02,21
SKU0051,2025-03-09,20
SKU0051,2025-03-16,12
SKU0051,2025-03-23,13
SKU0051,2025-03-30,18
SKU0051,2025-04-06,10
SKU0051,2025-04-13,16
SKU0051,2025-04-20,4
SKU0051,2025-04-27,15
SKU0051,2025-05-04,6
SKU0051,2025-05-11,8
SKU0051,2025-05-18,10
SKU0051,2025-05-25,4
SKU0051,2025-06-01,5
SKU0051,2025-06-08,13
SKU0051,2025-06-15,4
SKU0051,2025-06-22,2
SKU0051,2025-06-29,0
SKU0051,2025-07-06,3
SKU0051,2025-07-13,1
SKU0051,2025-07-20,0
SKU0051,2025-07-27,0
SKU0051,2025-08-03,0
SKU0051,2025-08-10,0
SKU0051,2025-08-17,1
SKU0051,2025-08-24,1
SKU0051,2025-08-31,1
SKU0051,2025-09-07,1
SKU0051,2025-09-14,0
SKU0051,2025-09-21,0
SKU0051,2025-09-28,0
SKU0051,2025-10-05,0
SKU0052,2025-04-27,35
SKU0052,2025-05-04,44
SKU0052,2025-05-11,59
SKU0052,2025-05-18,54
SKU0052,2025-05-25,64
SKU0052,2025-06-01,55
SKU0052,2025-06-08,80
SKU0052,2025-06-15,66
SKU0052,2025-06-22,59
SKU0052,2025-06-29,48
SKU0052,2025-07-06,61
SKU0052,2025-07-13,68
SKU0052,2025-07-20,68
SKU0052,2025-07-27,72
SKU0052,2025-08-03,47
SKU0052,2025-08-10,59
SKU0052,2025-08-17,69
SKU0052,2025-08-24,64
SKU0052,2025-08-31,52
SKU0052,2025-09-07,73
SKU0052,2025-09-14,70
SKU0052,2025-09-21,75
SKU0052,2025-09-28,62
SKU0052,2025-10-05,18
SKU0053,2024-01-07,2
SKU0053,2024-01-14,7
SKU0053,2024-01-21,6
SKU0053,2024-01-28,1
SKU0053,2024-02-04,6
SKU0053,2024-02-11,3
SKU0053,2024-02-18,4
SKU0053,2024-02-25,2
SKU0053,2024-03-03,3
SKU0053,2024-03-10,4
SKU0053,2024-03-17,3
SKU0053,2024-03-24,2
SKU0053,2024-03-31,5
SKU0053,2024-04-07,3
SKU0053,2024-04-14,4
SKU0053,2024-04-21,5
SKU0053,2024-04-28,5
SKU0053,2024-05-05,6
SKU0053,2024-05-12,3
SKU0053,2024-05-19,7
SKU0053,2024-05-26,4
SKU0053,2024-06-02,1
SKU0053,2024-06-09,7
SKU0053,2024-06-16,6
SKU0053,2024-06-23,5
SKU0053,2024-06-30,3
SKU0053,2024-07-07,5
SKU0053,2024-07-14,4
SKU0053,2024-07-21,7
SKU0053,2024-07-28,7
SKU0053,2024-08-04,9
SKU0053,2024-08-11,3
SKU0053,2024-08-18,2
SKU0053,2024-08-25,0
SKU0053,2024-09-01,6
SKU0053,2024-09-08,6
SKU0053,2024-09-15,8
SKU0053,2024-09-22,7
SKU0053,2024-09-29,7
SKU0053,2024-10-06,1
SKU0053,2024-10-13,7
SKU0053,2024-10-20,5
SKU0053,2024-10-27,14
SKU0053,2024-11-03,8
SKU0053,2024-11-10,9
SKU0053,2024-11-17,10
SKU0053,2024-11-24,12
SKU0053,2024-12-01,10
SKU0053,2024-12-08,6
SKU0053,2024-12-15,9
SKU0053,2024-12-22,9
SKU0053,2024-12-29,13
SKU0053,2025-01-05,7
SKU0053,2025-01-12,13
SKU0053,2025-01-19,13
SKU0053,2025-01-26,11
SKU0053,2025-02-02,8
SKU0053,2025-02-09,9
SKU0053,2025-02-16,10
SKU0053,2025-02-23,9
SKU0053,2025-03-02,11
SKU0053,2025-03-09,12
SKU0053,2025-03-16,9
SKU0053,2025-03-23,8
SKU0053,2025-03-30,8
SKU0053,2025-04-06,5
SKU0053,2025-04-13,5
SKU0053,2025-04-20,14
SKU0053,2025-04-27,10
SKU0053,2025-05-04,10
SKU0053,2025-05-11,18
SKU0053,2025-05-18,8
SKU0053,2025-05-25,11
SKU0053,2025-06-01,10
SKU0053,2025-06-08,8
SKU0053,2025-06-15,10
SKU0053,2025-06-22,4
SKU0053,2025-06-29,9
SKU0053,2025-07-06,7
SKU0053,2025-07-13,7
SKU0053,2025-07-20,14
SKU0053,2025-07-27,17
SKU0053,2025-08-03,13
SKU0053,2025-08-10,10
SKU0053,2025-08-17,6
SKU0053,2025-08-24,9
SKU0053,2025-08-31,12
SKU0053,2025-09-07,5
SKU0053,2025-09-14,7
SKU0053,2025-09-21,14
SKU0053,2025-09-28,8
SKU0053,2025-10-05,3
SKU0054,2024-01-07,53
SKU0054,2024-01-14,74
SKU0054,2024-01-21,66
SKU0054,2024-01-28,52
SKU0054,2024-02-04,58
SKU0054,2024-02-11,51
SKU0054,2024-02-18,47
SKU0054,2024-02-25,54
SKU0054,2024-03-03,41
SKU0054,2024-03-10,44
SKU0054,2024-03-17,45
SKU0054,2024-03-24,44
SKU0054,2024-03-31,41
SKU0054,2024-04-07,47
SKU0054,2024-04-14,48
SKU0054,2024-04-21,51
SKU0054,2024-04-28,42
SKU0054,2024-05-05,41
SKU0054,2024-05-12,33
SKU0054,2024-05-19,38
SKU0054,2024-05-26,27
SKU0054,2024-06-02,45
SKU0054,2024-06-09,50
SKU0054,2024-06-16,36
SKU0054,2024-06-23,33
SKU0054,2024-06-30,35
SKU0054,2024-07-07,36
SKU0054,2024-07-14,40
SKU0054,2024-07-21,36
SKU0054,2024-07-28,45
SKU0054,2024-08-04,44
SKU0054,2024-08-11,47
SKU0054,2024-08-18,52
SKU0054,2024-08-25,42
SKU0054,2024-09-01,68
SKU0054,2024-09-08,60
SKU0054,2024-09-15,63
SKU0054,2024-09-22,68
SKU0054,2024-09-29,54
SKU0054,2024-10-06,64
SKU0054,2024-10-13,70
SKU0054,2024-10-20,75
SKU0054,2024-10-27,96
SKU0054,2024-11-03,73
SKU0054,2024-11-10,74
SKU0054,2024-11-17,88
SKU0054,2024-11-24,112
SKU0054,2024-12-01,113
SKU0054,2024-12-08,77
SKU0054,2024-12-15,95
SKU0054,2024-12-22,90
SKU0054,2024-12-29,93
SKU0054,2025-01-05,74
SKU0054,2025-01-12,92
SKU0054,2025-01-19,129
SKU0054,2025-01-26,96
SKU0054,2025-02-02,86
SKU0054,2025-02-09,88
SKU0054,2025-02-16,93
SKU0054,2025-02-23,83
SKU0054,2025-03-02,80
SKU0054,2025-03-09,85
SKU0054,2025-03-16,71
SKU0054,2025-03-23,73
SKU0054,2025-03-30,67
SKU0054,2025-04-06,60
SKU0054,2025-04-13,67
SKU0054,2025-04-20,77
SKU0054,2025-04-27,48
SKU0054,2025-05-04,65
SKU0054,2025-05-11,57
SKU0054,2025-05-18,60
SKU0054,2025-05-25,55
SKU0054,2025-06-01,71
SKU0054,2025-06-08,72
SKU0054,2025-06-15,64
SKU0054,2025-06-22,42
SKU0054,2025-06-29,57
SKU0054,2025-07-06,57
SKU0054,2025-07-13,64
SKU0054,2025-07-20,55
SKU0054,2025-07-27,73
SKU0054,2025-08-03,71
SKU0054,2025-08-10,79
SKU0054,2025-08-17,75
SKU0054,2025-08-24,68
SKU0054,2025-08-31,86
SKU0054,2025-09-07,106
SKU0054,2025-09-14,88
SKU0054,2025-09-21,83
SKU0054,2025-09-28,101
SKU0054,2025-10-05,20
SKU0055,2024-05-05,37
SKU0055,2024-05-12,180
SKU0055,2024-05-19,171
SKU0055,2024-05-26,173
SKU0055,2024-06-02,238
SKU0055,2024-06-09,200
SKU0055,2024-06-16,170
SKU0055,2024-06-23,137
SKU0055,2024-06-30,140
SKU0055,2024-07-07,151
SKU0055,2024-07-14,140
SKU0055,2024-07-21,157
SKU0055,2024-07-28,135
SKU0055,2024-08-04,141
SKU0055,2024-08-11,160
SKU0055,2024-08-18,142
SKU0055,2024-08-25,148
SKU0055,2024-09-01,143
SKU0055,2024-09-08,149
SKU0055,2024-09-15,157
SKU0055,2024-09-22,154
SKU0055,2024-09-29,162
SKU0055,2024-10-06,150
SKU0055,2024-10-13,152
SKU0055,2024-10-20,179
SKU0055,2024-10-27,226
SKU0055,2024-11-03,176
SKU0055,2024-11-10,163
SKU0055,2024-11-17,140
SKU0055,2024-11-24,173
SKU0055,2024-12-01,188
SKU0055,2024-12-08,144
SKU0055,2024-12-15,141
SKU0055,2024-12-22,148
SKU0055,2024-12-29,150
SKU0055,2025-01-05,161
SKU0055,2025-01-12,140
SKU0055,2025-01-19,168
SKU0055,2025-01-26,117
SKU0055,2025-02-02,139
SKU0055,2025-02-09,85
SKU0055,2025-02-16,108
SKU0055,2025-02-23,110
SKU0055,2025-03-02,86
SKU0055,2025-03-09,93
SKU0055,2025-03-16,90
SKU0055,2025-03-23,71
SKU0055,2025-03-30,79
SKU0055,2025-04-06,82
SKU0055,2025-04-13,64
SKU0055,2025-04-20,62
SKU0055,2025-04-27,43
SKU0055,2025-05-04,54
SKU0055,2025-05-11,49
SKU0055,2025-05-18,42
SKU0055,2025-05-25,51
SKU0055,2025-06-01,52
SKU0055,2025-06-08,46
SKU0055,2025-06-15,36
SKU0055,2025-06-22,28
SKU0055,2025-06-29,25
SKU0055,2025-07-06,30
SKU0055,2025-07-13,23
SKU0055,2025-07-20,20
SKU0055,2025-07-27,19
SKU0055,2025-08-03,21
SKU0055,2025-08-10,14
SKU0055,2025-08-17,20
SKU0055,2025-08-24,13
SKU0055,2025-08-31,15
SKU0055,2025-09-07,11
SKU0055,2025-09-14,6
SKU0055,2025-09-21,1
SKU0055,2025-09-28,1
SKU0055,2025-10-05,0
SKU0056,2024-01-07,111
SKU0056,2024-01-14,99
SKU0056,2024-01-21,148
SKU0056,2024-01-28,97
SKU0056,2024-02-04,117
SKU0056,2024-02-11,113
SKU0056,2024-02-18,103
SKU0056,2024-02-25,98
SKU0056,2024-03-03,101
SKU0056,2024-03-10,110
SKU0056,2024-03-17,92
SKU0056,2024-03-24,92
SKU0056,2024-03-31,100
SKU0056,2024-04-07,84
SKU0056,2024-04-14,96
SKU0056,2024-04-21,92
SKU0056,2024-04-28,103
SKU0056,2024-05-05,93
SKU0056,2024-05-12,102
SKU0056,2024-05-19,91
SKU0056,2024-05-26,87
SKU0056,2024-06-02,127
SKU0056,2024-06-09,117
SKU0056,2024-06-16,89
SKU0056,2024-06-23,96
SKU0056,2024-06-30,96
SKU0056,2024-07-07,106
SKU0056,2024-07-14,83
SKU0056,2024-07-21,96
SKU0056,2024-07-28,122
SKU0056,2024-08-04,116
SKU0056,2024-08-11,107
SKU0056,2024-08-18,129
SKU0056,2024-08-25,106
SKU0056,2024-09-01,127
SKU0056,2024-09-08,126
SKU0056,2024-09-15,153
SKU0056,2024-09-22,127
SKU0056,2024-09-29,133
SKU0056,2024-10-06,154
SKU0056,2024-10-13,144
SKU0056,2024-10-20,171
SKU0056,2024-10-27,224
SKU0056,2024-11-03,165
SKU0056,2024-11-10,164
SKU0056,2024-11-17,165
SKU0056,2024-11-24,215
SKU0056,2024-12-01,234
SKU0056,2024-12-08,179
SKU0056,2024-12-15,189
SKU0056,2024-12-22,184
SKU0056,2024-12-29,156
SKU0056,2025-01-05,157
SKU0056,2025-01-12,172
SKU0056,2025-01-19,276
SKU0056,2025-01-26,181
SKU0056,2025-02-02,183
SKU0056,2025-02-09,174
SKU0056,2025-02-16,162
SKU0056,2025-02-23,173
SKU0056,2025-03-02,184
SKU0056,2025-03-09,163
SKU0056,2025-03-16,144
SKU0056,2025-03-23,136
SKU0056,2025-03-30,175
SKU0056,2025-04-06,171
SKU0056,2025-04-13,166
SKU0056,2025-04-20,159
SKU0056,2025-04-27,142
SKU0056,2025-05-04,137
SKU0056,2025-05-11,147
SKU0056,2025-05-18,142
SKU0056,2025-05-25,149
SKU0056,2025-06-01,170
SKU0056,2025-06-08,177
SKU0056,2025-06-15,151
SKU0056,2025-06-22,146
SKU0056,2025-06-29,147
SKU0056,2025-07-06,152
SKU0056,2025-07-13,152
SKU0056,2025-07-20,155
SKU0056,2025-07-27,155
SKU0056,2025-08-03,144
SKU0056,2025-08-10,174
SKU0056,2025-08-17,171
SKU0056,2025-08-24,154
SKU0056,2025-08-31,179
SKU0056,2025-09-07,192
SKU0056,2025-09-14,187
SKU0056,2025-09-21,185
SKU0056,2025-09-28,208
SKU0056,2025-10-05,54
SKU0057,2024-01-07,96
SKU0057,2024-01-14,112
SKU0057,2024-01-21,99
SKU0057,2024-01-28,98
SKU0057,2024-02-04,103
SKU0057,2024-02-11,97
SKU0057,2024-02-18,103
SKU0057,2024-02-25,98
SKU0057,2024-03-03,105
SKU0057,2024-03-10,98
SKU0057,2024-03-17,104
SKU0057,2024-03-24,124
SKU0057,2024-03-31,108
SKU0057,2024-04-07,113
SKU0057,2024-04-14,112
SKU0057,2024-04-21,95
SKU0057,2024-04-28,129
SKU0057,2024-05-05,97
SKU0057,2024-05-12,88
SKU0057,2024-05-19,119
SKU0057,2024-05-26,94
SKU0057,2024-06-02,115
SKU0057,2024-06-09,137
SKU0057,2024-06-16,125
SKU0057,2024-06-23,99
SKU0057,2024-06-30,105
SKU0057,2024-07-07,122
SKU0057,2024-07-14,98
SKU0057,2024-07-21,111
SKU0057,2024-07-28,113
SKU0057,2024-08-04,146
SKU0057,2024-08-11,146
SKU0057,2024-08-18,121
SKU0057,2024-08-25,153
SKU0057,2024-09-01,151
SKU0057,2024-09-08,146
SKU0057,2024-09-15,137
SKU0057,2024-09-22,171
SKU0057,2024-09-29,193
SKU0057,2024-10-06,178
SKU0057,2024-10-13,160
SKU0057,2024-10-20,178
SKU0057,2024-10-27,307
SKU0057,2024-11-03,200
SKU0057,2024-11-10,199
SKU0057,2024-11-17,168
SKU0057,2024-11-24,224
SKU0057,2024-12-01,199
SKU0057,2024-12-08,229
SKU0057,2024-12-15,224
SKU0057,2024-12-22,208
SKU0057,2024-12-29,226
SKU0057,2025-01-05,210
SKU0057,2025-01-12,220
SKU0057,2025-01-19,313
SKU0057,2025-01-26,237
SKU0057,2025-02-02,224
SKU0057,2025-02-09,235
SKU0057,2025-02-16,243
SKU0057,2025-02-23,201
SKU0057,2025-03-02,224
SKU0057,2025-03-09,237
SKU0057,2025-03-16,199
SKU0057,2025-03-23,210
SKU0057,2025-03-30,208
SKU0057,2025-04-06,195
SKU0057,2025-04-13,196
SKU0057,2025-04-20,194
SKU0057,2025-04-27,222
SKU0057,2025-05-04,208
SKU0057,2025-05-11,216
SKU0057,2025-05-18,200
SKU0057,2025-05-25,227
SKU0057,2025-06-01,228
SKU0057,2025-06-08,251
SKU0057,2025-06-15,226
SKU0057,2025-06-22,202
SKU0057,2025-06-29,198
SKU0057,2025-07-06,191
SKU0057,2025-07-13,203
SKU0057,2025-07-20,200
SKU0057,2025-07-27,239
SKU0057,2025-08-03,227
SKU0057,2025-08-10,206
SKU0057,2025-08-17,270
SKU0057,2025-08-24,246
SKU0057,2025-08-31,224
SKU0057,2025-09-07,283
SKU0057,2025-09-14,283
SKU0057,2025-09-21,276
SKU0057,2025-09-28,269
SKU0057,2025-10-05,80
SKU0058,2024-01-07,126
SKU0058,2024-01-14,129
SKU0058,2024-01-21,128
SKU0058,2024-01-28,111
SKU0058,2024-02-04,92
SKU0058,2024-02-11,125
SKU0058,2024-02-18,107
SKU0058,2024-02-25,99
SKU0058,2024-03-03,109
SKU0058,2024-03-10,93
SKU0058,2024-03-17,95
SKU0058,2024-03-24,103
SKU0058,2024-03-31,111
SKU0058,2024-04-07,79
SKU0058,2024-04-14,86
SKU0058,2024-04-21,86
SKU0058,2024-04-28,73
SKU0058,2024-05-05,77
SKU0058,2024-05-12,84
SKU0058,2024-05-19,85
SKU0058,2024-05-26,66
SKU0058,2024-06-02,69
SKU0058,2024-06-09,96
SKU0058,2024-06-16,62
SKU0058,2024-06-23,71
SKU0058,2024-06-30,60
SKU0058,2024-07-07,73
SKU0058,2024-07-14,48
SKU0058,2024-07-21,68
SKU0058,2024-07-28,77
SKU0058,2024-08-04,70
SKU0058,2024-08-11,60
SKU0058,2024-08-18,70
SKU0058,2024-08-25,80
SKU0058,2024-09-01,64
SKU0058,2024-09-08,89
SKU0058,2024-09-15,67
SKU0058,2024-09-22,63
SKU0058,2024-09-29,70
SKU0058,2024-10-06,66
SKU0058,2024-10-13,84
SKU0058,2024-10-20,83
SKU0058,2024-10-27,119
SKU0058,2024-11-03,78
SKU0058,2024-11-10,84
SKU0058,2024-11-17,80
SKU0058,2024-11-24,78
SKU0058,2024-12-01,85
SKU0058,2024-12-08,71
SKU0058,2024-12-15,60
SKU0058,2024-12-22,64
SKU0058,2024-12-29,75
SKU0058,2025-01-05,57
SKU0058,2025-01-12,80
SKU0058,2025-01-19,83
SKU0058,2025-01-26,55
SKU0058,2025-02-02,63
SKU0058,2025-02-09,58
SKU0058,2025-02-16,67
SKU0058,2025-02-23,52
SKU0058,2025-03-02,46
SKU0058,2025-03-09,65
SKU0058,2025-03-16,59
SKU0058,2025-03-23,52
SKU0058,2025-03-30,51
SKU0058,2025-04-06,38
SKU0058,2025-04-13,46
SKU0058,2025-04-20,36
SKU0058,2025-04-27,54
SKU0058,2025-05-04,47
SKU0058,2025-05-11,40
SKU0058,2025-05-18,30
SKU0058,2025-05-25,27
SKU0058,2025-06-01,36
SKU0058,2025-06-08,49
SKU0058,2025-06-15,31
SKU0058,2025-06-22,25
SKU0058,2025-06-29,33
SKU0058,2025-07-06,30
SKU0058,2025-07-13,36
SKU0058,2025-07-20,34
SKU0058,2025-07-27,24
SKU0058,2025-08-03,30
SKU0058,2025-08-10,27
SKU0058,2025-08-17,22
SKU0058,2025-08-24,22
SKU0058,2025-08-31,27
SKU0058,2025-09-07,20
SKU0058,2025-09-14,28
SKU0058,2025-09-21,29
SKU0058,2025-09-28,28
SKU0058,2025-10-05,8
SKU0059,2024-01-07,125
SKU0059,2024-01-14,92
SKU0059,2024-01-21,159
SKU0059,2024-01-28,113
SKU0059,2024-02-04,111
SKU0059,2024-02-11,113
SKU0059,2024-02-18,106
SKU0059,2024-02-25,101
SKU0059,2024-03-03,127
SKU0059,2024-03-10,97
SKU0059,2024-03-17,100
SKU0059,2024-03-24,114
SKU0059,2024-03-31,102
SKU0059,2024-04-07,99
SKU0059,2024-04-14,101
SKU0059,2024-04-21,99
SKU0059,2024-04-28,109
SKU0059,2024-05-05,87
SKU0059,2024-05-12,107
SKU0059,2024-05-19,84
SKU0059,2024-05-26,94
SKU0059,2024-06-02,107
SKU0059,2024-06-09,135
SKU0059,2024-06-16,86
SKU0059,2024-06-23,84
SKU0059,2024-06-30,111
SKU0059,2024-07-07,115
SKU0059,2024-07-14,114
SKU0059,2024-07-21,101
SKU0059,2024-07-28,97
SKU0059,2024-08-04,103
SKU0059,2024-08-11,110
SKU0059,2024-08-18,93
SKU0059,2024-08-25,86
SKU0059,2024-09-01,74
SKU0059,2024-09-08,100
SKU0059,2024-09-15,123
SKU0059,2024-09-22,118
SKU0059,2024-09-29,93
SKU0059,2024-10-06,107
SKU0059,2024-10-13,104
SKU0059,2024-10-20,111
SKU0059,2024-10-27,159
SKU0059,2024-11-03,121
SKU0059,2024-11-10,111
SKU0059,2024-11-17,111
SKU0059,2024-11-24,117
SKU0059,2024-12-01,139
SKU0059,2024-12-08,106
SKU0059,2024-12-15,122
SKU0059,2024-12-22,97
SKU0059,2024-12-29,123
SKU0059,2025-01-05,115
SKU0059,2025-01-12,108
SKU0059,2025-01-19,173
SKU0059,2025-01-26,99
SKU0059,2025-02-02,127
SKU0059,2025-02-09,117
SKU0059,2025-02-16,108
SKU0059,2025-02-23,77
SKU0059,2025-03-02,103
SKU0059,2025-03-09,105
SKU0059,2025-03-16,91
SKU0059,2025-03-23,99
SKU0059,2025-03-30,114
SKU0059,2025-04-06,112
SKU0059,2025-04-13,119
SKU0059,2025-04-20,85
SKU0059,2025-04-27,88
SKU0059,2025-05-04,96
SKU0059,2025-05-11,98
SKU0059,2025-05-18,95
SKU0059,2025-05-25,91
SKU0059,2025-06-01,116
SKU0059,2025-06-08,122
SKU0059,2025-06-15,96
SKU0059,2025-06-22,85
SKU0059,2025-06-29,89
SKU0059,2025-07-06,88
SKU0059,2025-07-13,117
SKU0059,2025-07-20,95
SKU0059,2025-07-27,96
SKU0059,2025-08-03,112
SKU0059,2025-08-10,77
SKU0059,2025-08-17,122
SKU0059,2025-08-24,101
SKU0059,2025-08-31,96
SKU0059,2025-09-07,94
SKU0059,2025-09-14,94
SKU0059,2025-09-21,112
SKU0059,2025-09-28,109
SKU0059,2025-10-05,42
SKU0060,2024-01-07,5
SKU0060,2024-01-14,7
SKU0060,2024-01-21,14
SKU0060,2024-01-28,16
SKU0060,2024-02-04,12
SKU0060,2024-02-11,9
SKU0060,2024-02-18,8
SKU0060,2024-02-25,8
SKU0060,2024-03-03,6
SKU0060,2024-03-10,9
SKU0060,2024-03-17,4
SKU0060,2024-03-24,7
SKU0060,2024-03-31,6
SKU0060,2024-04-07,1
SKU0060,2024-04-14,3
SKU0060,2024-04-21,6
SKU0060,2024-04-28,9
SKU0060,2024-05-05,6
SKU0060,2024-05-12,9
SKU0060,2024-05-19,5
SKU0060,2024-05-26,8
SKU0060,2024-06-02,9
SKU0060,2024-06-09,7
SKU0060,2024-06-16,2
SKU0060,2024-06-23,3
SKU0060,2024-06-30,4
SKU0060,2024-07-07,10
SKU0060,2024-07-14,6
SKU0060,2024-07-21,8
SKU0060,2024-07-28,3
SKU0060,2024-08-04,4
SKU0060,2024-08-11,8
SKU0060,2024-08-18,6
SKU0060,2024-08-25,11
SKU0060,2024-09-01,9
SKU0060,2024-09-08,11
SKU0060,2024-09-15,9
SKU0060,2024-09-22,15
SKU0060,2024-09-29,10
SKU0060,2024-10-06,15
SKU0060,2024-10-13,11
SKU0060,2024-10-20,16
SKU0060,2024-10-27,25
SKU0060,2024-11-03,10
SKU0060,2024-11-10,15
SKU0060,2024-11-17,13
SKU0060,2024-11-24,11
SKU0060,2024-12-01,28
SKU0060,2024-12-08,10
SKU0060,2024-12-15,11
SKU0060,2024-12-22,14
SKU0060,2024-12-29,16
SKU0060,2025-01-05,21
SKU0060,2025-01-12,19
SKU0060,2025-01-19,21
SKU0060,2025-01-26,18
SKU0060,2025-02-02,14
SKU0060,2025-02-09,17
SKU0060,2025-02-16,18
SKU0060,2025-02-23,8
SKU0060,2025-03-02,15
SKU0060,2025-03-09,14
SKU0060,2025-03-16,12
SKU0060,2025-03-23,8
SKU0060,2025-03-30,17
SKU0060,2025-04-06,15
SKU0060,2025-04-13,12
SKU0060,2025-04-20,11
SKU0060,2025-04-27,11
SKU0060,2025-05-04,12
SKU0060,2025-05-11,8
SKU0060,2025-05-18,9
SKU0060,2025-05-25,9
SKU0060,2025-06-01,12
SKU0060,2025-06-08,15
SKU0060,2025-06-15,8
SKU0060,2025-06-22,9
SKU0060,2025-06-29,12
SKU0060,2025-07-06,10
SKU0060,2025-07-13,11
SKU0060,2025-07-20,14
SKU0060,2025-07-27,10
SKU0060,2025-08-03,17
SKU0060,2025-08-10,7
SKU0060,2025-08-17,19
SKU0060,2025-08-24,16
SKU0060,2025-08-31,12
SKU0060,2025-09-07,11
SKU0060,2025-09-14,15
SKU0060,2025-09-21,17
SKU0060,2025-09-28,12
SKU0060,2025-10-05,9
SKU0061,2024-01-07,4
SKU0061,2024-01-14,6
SKU0061,2024-01-21,3
SKU0061,2024-01-28,2
SKU0061,2024-02-04,4
SKU0061,2024-02-11,3
SKU0061,2024-02-18,3
SKU0061,2024-02-25,1
SKU0061,2024-03-03,5
SKU0061,2024-03-10,3
SKU0061,2024-03-17,2
SKU0061,2024-03-24,1
SKU0061,2024-03-31,5
SKU0061,2024-04-07,2
SKU0061,2024-04-14,3
SKU0061,2024-04-21,1
SKU0061,2024-04-28,0
SKU0061,2024-05-05,2
SKU0061,2024-05-12,0
SKU0061,2024-05-19,2
SKU0061,2024-05-26,1
SKU0061,2024-06-02,1
SKU0061,2024-06-09,3
SKU0061,2024-06-16,3
SKU0061,2024-06-23,0
SKU0061,2024-06-30,6
SKU0061,2024-07-07,3
SKU0061,2024-07-14,3
SKU0061,2024-07-21,2
SKU0061,2024-07-28,0
SKU0061,2024-08-04,5
SKU0061,2024-08-11,3
SKU0061,2024-08-18,0
SKU0061,2024-08-25,3
SKU0061,2024-09-01,4
SKU0061,2024-09-08,2
SKU0061,2024-09-15,4
SKU0061,2024-09-22,2
SKU0061,2024-09-29,5
SKU0061,2024-10-06,4
SKU0061,2024-10-13,1
SKU0061,2024-10-20,1
SKU0061,2024-10-27,7
SKU0061,2024-11-03,3
SKU0061,2024-11-10,6
SKU0061,2024-11-17,4
SKU0061,2024-11-24,2
SKU0061,2024-12-01,5
SKU0061,2024-12-08,2
SKU0061,2024-12-15,1
SKU0061,2024-12-22,4
SKU0061,2024-12-29,5
SKU0061,2025-01-05,3
SKU0061,2025-01-12,4
SKU0061,2025-01-19,5
SKU0061,2025-01-26,7
SKU0061,2025-02-02,3
SKU0061,2025-02-09,3
SKU0061,2025-02-16,1
SKU0061,2025-02-23,3
SKU0061,2025-03-02,1
SKU0061,2025-03-09,1
SKU0061,2025-03-16,4
SKU0061,2025-03-23,1
SKU0061,2025-03-30,1
SKU0061,2025-04-06,3
SKU0061,2025-04-13,2
SKU0061,2025-04-20,3
SKU0061,2025-04-27,3
SKU0061,2025-05-04,4
SKU0061,2025-05-11,0
SKU0061,2025-05-18,2
SKU0061,2025-05-25,2
SKU0061,2025-06-01,2
SKU0061,2025-06-08,6
SKU0061,2025-06-15,1
SKU0061,2025-06-22,2
SKU0061,2025-06-29,7
SKU0061,2025-07-06,1
SKU0061,2025-07-13,5
SKU0061,2025-07-20,1
SKU0061,2025-07-27,5
SKU0061,2025-08-03,2
SKU0061,2025-08-10,3
SKU0061,2025-08-17,2
SKU0061,2025-08-24,0
SKU0061,2025-08-31,4
SKU0061,2025-09-07,3
SKU0061,2025-09-14,2
SKU0061,2025-09-21,3
SKU0061,2025-09-28,4
SKU0061,2025-10-05,2
SKU0062,2024-01-07,47
SKU0062,2024-01-14,64
SKU0062,2024-01-21,78
SKU0062,2024-01-28,51
SKU0062,2024-02-04,65
SKU0062,2024-02-11,56
SKU0062,2024-02-18,62
SKU0062,2024-02-25,61
SKU0062,2024-03-03,60
SKU0062,2024-03-10,54
SKU0062,2024-03-17,49
SKU0062,2024-03-24,69
SKU0062,2024-03-31,60
SKU0062,2024-04-07,66
SKU0062,2024-04-14,54
SKU0062,2024-04-21,60
SKU0062,2024-04-28,65
SKU0062,2024-05-05,53
SKU0062,2024-05-12,58
SKU0062,2024-05-19,54
SKU0062,2024-05-26,57
SKU0062,2024-06-02,76
SKU0062,2024-06-09,82
SKU0062,2024-06-16,51
SKU0062,2024-06-23,40
SKU0062,2024-06-30,41
SKU0062,2024-07-07,57
SKU0062,2024-07-14,62
SKU0062,2024-07-21,78
SKU0062,2024-07-28,65
SKU0062,2024-08-04,61
SKU0062,2024-08-11,61
SKU0062,2024-08-18,70
SKU0062,2024-08-25,65
SKU0062,2024-09-01,91
SKU0062,2024-09-08,92
SKU0062,2024-09-15,76
SKU0062,2024-09-22,93
SKU0062,2024-09-29,78
SKU0062,2024-10-06,89
SKU0062,2024-10-13,85
SKU0062,2024-10-20,117
SKU0062,2024-10-27,164
SKU0062,2024-11-03,102
SKU0062,2024-11-10,111
SKU0062,2024-11-17,104
SKU0062,2024-11-24,103
SKU0062,2024-12-01,154
SKU0062,2024-12-08,114
SKU0062,2024-12-15,128
SKU0062,2024-12-22,116
SKU0062,2024-12-29,113
SKU0062,2025-01-05,96
SKU0062,2025-01-12,113
SKU0062,2025-01-19,174
SKU0062,2025-01-26,122
SKU0062,2025-02-02,113
SKU0062,2025-02-09,114
SKU0062,2025-02-16,119
SKU0062,2025-02-23,103
SKU0062,2025-03-02,118
SKU0062,2025-03-09,114
SKU0062,2025-03-16,120
SKU0062,2025-03-23,92
SKU0062,2025-03-30,93
SKU0062,2025-04-06,110
SKU0062,2025-04-13,87
SKU0062,2025-04-20,96
SKU0062,2025-04-27,105
SKU0062,2025-05-04,94
SKU0062,2025-05-11,104
SKU0062,2025-05-18,113
SKU0062,2025-05-25,91
SKU0062,2025-06-01,103
SKU0062,2025-06-08,112
SKU0062,2025-06-15,85
SKU0062,2025-06-22,94
SKU0062,2025-06-29,88
SKU0062,2025-07-06,114
SKU0062,2025-07-13,102
SKU0062,2025-07-20,100
SKU0062,2025-07-27,87
SKU0062,2025-08-03,110
SKU0062,2025-08-10,107
SKU0062,2025-08-17,121
SKU0062,2025-08-24,114
SKU0062,2025-08-31,134
SKU0062,2025-09-07,135
SKU0062,2025-09-14,122
SKU0062,2025-09-21,139
SKU0062,2025-09-28,140
SKU0062,2025-10-05,38
SKU0063,2024-01-07,34
SKU0063,2024-01-14,48
SKU0063,2024-01-21,68
SKU0063,2024-01-28,66
SKU0063,2024-02-04,42
SKU0063,2024-02-11,57
SKU0063,2024-02-18,28
SKU0063,2024-02-25,47
SKU0063,2024-03-03,48
SKU0063,2024-03-10,53
SKU0063,2024-03-17,44
SKU0063,2024-03-24,59
SKU0063,2024-03-31,45
SKU0063,2024-04-07,41
SKU0063,2024-04-14,37
SKU0063,2024-04-21,36
SKU0063,2024-04-28,32
SKU0063,2024-05-05,36
SKU0063,2024-05-12,32
SKU0063,2024-05-19,36
SKU0063,2024-05-26,42
SKU0063,2024-06-02,45
SKU0063,2024-06-09,54
SKU0063,2024-06-16,46
SKU0063,2024-06-23,29
SKU0063,2024-06-30,49
SKU0063,2024-07-07,34
SKU0063,2024-07-14,45
SKU0063,2024-07-21,49
SKU0063,2024-07-28,38
SKU0063,2024-08-04,40
SKU0063,2024-08-11,59
SKU0063,2024-08-18,46
SKU0063,2024-08-25,55
SKU0063,2024-09-01,58
SKU0063,2024-09-08,60
SKU0063,2024-09-15,59
SKU0063,2024-09-22,73
SKU0063,2024-09-29,69
SKU0063,2024-10-06,71
SKU0063,2024-10-13,77
SKU0063,2024-10-20,84
SKU0063,2024-10-27,133
SKU0063,2024-11-03,77
SKU0063,2024-11-10,81
SKU0063,2024-11-17,76
SKU0063,2024-11-24,89
SKU0063,2024-12-01,99
SKU0063,2024-12-08,92
SKU0063,2024-12-15,88
SKU0063,2024-12-22,98
SKU0063,2024-12-29,86
SKU0063,2025-01-05,88
SKU0063,2025-01-12,86
SKU0063,2025-01-19,129
SKU0063,2025-01-26,93
SKU0063,2025-02-02,82
SKU0063,2025-02-09,101
SKU0063,2025-02-16,91
SKU0063,2025-02-23,75
SKU0063,2025-03-02,56
SKU0063,2025-03-09,91
SKU0063,2025-03-16,74
SKU0063,2025-03-23,95
SKU0063,2025-03-30,75
SKU0063,2025-04-06,68
SKU0063,2025-04-13,68
SKU0063,2025-04-20,60
SKU0063,2025-04-27,65
SKU0063,2025-05-04,60
SKU0063,2025-05-11,77
SKU0063,2025-05-18,81
SKU0063,2025-05-25,65
SKU0063,2025-06-01,92
SKU0063,2025-06-08,90
SKU0063,2025-06-15,54
SKU0063,2025-06-22,52
SKU0063,2025-06-29,54
SKU0063,2025-07-06,65
SKU0063,2025-07-13,67
SKU0063,2025-07-20,70
SKU0063,2025-07-27,57
SKU0063,2025-08-03,73
SKU0063,2025-08-10,80
SKU0063,2025-08-17,77
SKU0063,2025-08-24,83
SKU0063,2025-08-31,96
SKU0063,2025-09-07,89
SKU0063,2025-09-14,87
SKU0063,2025-09-21,99
SKU0063,2025-09-28,94
SKU0063,2025-10-05,30
SKU0064,2024-01-07,61
SKU0064,2024-01-14,79
SKU0064,2024-01-21,102
SKU0064,2024-01-28,60
SKU0064,2024-02-04,71
SKU0064,2024-02-11,59
SKU0064,2024-02-18,60
SKU0064,2024-02-25,58
SKU0064,2024-03-03,41
SKU0064,2024-03-10,55
SKU0064,2024-03-17,51
SKU0064,2024-03-24,49
SKU0064,2024-03-31,58
SKU0064,2024-04-07,57
SKU0064,2024-04-14,47
SKU0064,2024-04-21,47
SKU0064,2024-04-28,48
SKU0064,2024-05-05,50
SKU0064,2024-05-12,35
SKU0064,2024-05-19,50
SKU0064,2024-05-26,31
SKU0064,2024-06-02,47
SKU0064,2024-06-09,44
SKU0064,2024-06-16,39
SKU0064,2024-06-23,43
SKU0064,2024-06-30,44
SKU0064,2024-07-07,40
SKU0064,2024-07-14,44
SKU0064,2024-07-21,53
SKU0064,2024-07-28,37
SKU0064,2024-08-04,37
SKU0064,2024-08-11,46
SKU0064,2024-08-18,38
SKU0064,2024-08-25,50
SKU0064,2024-09-01,33
SKU0064,2024-09-08,44
SKU0064,2024-09-15,48
SKU0064,2024-09-22,58
SKU0064,2024-09-29,52
SKU0064,2024-10-06,73
SKU0064,2024-10-13,56
SKU0064,2024-10-20,73
SKU0064,2024-10-27,92
SKU0064,2024-11-03,65
SKU0064,2024-11-10,46
SKU0064,2024-11-17,52
SKU0064,2024-11-24,64
SKU0064,2024-12-01,67
SKU0064,2024-12-08,53
SKU0064,2024-12-15,52
SKU0064,2024-12-22,53
SKU0064,2024-12-29,58
SKU0064,2025-01-05,62
SKU0064,2025-01-12,66
SKU0064,2025-01-19,85
SKU0064,2025-01-26,56
SKU0064,2025-02-02,52
SKU0064,2025-02-09,37
SKU0064,2025-02-16,43
SKU0064,2025-02-23,48
SKU0064,2025-03-02,52
SKU0064,2025-03-09,40
SKU0064,2025-03-16,50
SKU0064,2025-03-23,50
SKU0064,2025-03-30,36
SKU0064,2025-04-06,49
SKU0064,2025-04-13,36
SKU0064,2025-04-20,45
SKU0064,2025-04-27,38
SKU0064,2025-05-04,33
SKU0064,2025-05-11,41
SKU0064,2025-05-18,40
SKU0064,2025-05-25,34
SKU0064,2025-06-01,52
SKU0064,2025-06-08,46
SKU0064,2025-06-15,41
SKU0064,2025-06-22,31
SKU0064,2025-06-29,46
SKU0064,2025-07-06,39
SKU0064,2025-07-13,34
SKU0064,2025-07-20,33
SKU0064,2025-07-27,41
SKU0064,2025-08-03,30
SKU0064,2025-08-10,45
SKU0064,2025-08-17,30
SKU0064,2025-08-24,39
SKU0064,2025-08-31,45
SKU0064,2025-09-07,41
SKU0064,2025-09-14,41
SKU0064,2025-09-21,40
SKU0064,2025-09-28,39
SKU0064,2025-10-05,19
SKU0065,2024-01-07,80
SKU0065,2024-01-14,90
SKU0065,2024-01-21,98
SKU0065,2024-01-28,89
SKU0065,2024-02-04,88
SKU0065,2024-02-11,87
SKU0065,2024-02-18,83
SKU0065,2024-02-25,69
SKU0065,2024-03-03,81
SKU0065,2024-03-10,69
SKU0065,2024-03-17,61
SKU0065,2024-03-24,74
SKU0065,2024-03-31,60
SKU0065,2024-04-07,66
SKU0065,2024-04-14,67
SKU0065,2024-04-21,68
SKU0065,2024-04-28,62
SKU0065,2024-05-05,53
SKU0065,2024-05-12,62
SKU0065,2024-05-19,45
SKU0065,2024-05-26,69
SKU0065,2024-06-02,84
SKU0065,2024-06-09,79
SKU0065,2024-06-16,54
SKU0065,2024-06-23,55
SKU0065,2024-06-30,49
SKU0065,2024-07-07,49
SKU0065,2024-07-14,58
SKU0065,2024-07-21,63
SKU0065,2024-07-28,61
SKU0065,2024-08-04,59
SKU0065,2024-08-11,67
SKU0065,2024-08-18,89
SKU0065,2024-08-25,86
SKU0065,2024-09-01,77
SKU0065,2024-09-08,109
SKU0065,2024-09-15,93
SKU0065,2024-09-22,97
SKU0065,2024-09-29,90
SKU0065,2024-10-06,121
SKU0065,2024-10-13,112
SKU0065,2024-10-20,154
SKU0065,2024-10-27,193
SKU0065,2024-11-03,136
SKU0065,2024-11-10,131
SKU0065,2024-11-17,136
SKU0065,2024-11-24,121
SKU0065,2024-12-01,160
SKU0065,2024-12-08,143
SKU0065,2024-12-15,164
SKU0065,2024-12-22,145
SKU0065,2024-12-29,147
SKU0065,2025-01-05,116
SKU0065,2025-01-12,146
SKU0065,2025-01-19,236
SKU0065,2025-01-26,162
SKU0065,2025-02-02,170
SKU0065,2025-02-09,158
SKU0065,2025-02-16,135
SKU0065,2025-02-23,154
SKU0065,2025-03-02,139
SKU0065,2025-03-09,101
SKU0065,2025-03-16,117
SKU0065,2025-03-23,107
SKU0065,2025-03-30,124
SKU0065,2025-04-06,125
SKU0065,2025-04-13,103
SKU0065,2025-04-20,111
SKU0065,2025-04-27,113
SKU0065,2025-05-04,89
SKU0065,2025-05-11,108
SKU0065,2025-05-18,96
SKU0065,2025-05-25,97
SKU0065,2025-06-01,81
SKU0065,2025-06-08,117
SKU0065,2025-06-15,110
SKU0065,2025-06-22,110
SKU0065,2025-06-29,73
SKU0065,2025-07-06,90
SKU0065,2025-07-13,92
SKU0065,2025-07-20,94
SKU0065,2025-07-27,101
SKU0065,2025-08-03,104
SKU0065,2025-08-10,101
SKU0065,2025-08-17,130
SKU0065,2025-08-24,143
SKU0065,2025-08-31,128
SKU0065,2025-09-07,139
SKU0065,2025-09-14,157
SKU0065,2025-09-21,150
SKU0065,2025-09-28,170
SKU0065,2025-10-05,49
SKU0066,2024-01-07,122
SKU0066,2024-01-14,145
SKU0066,2024-01-21,191
SKU0066,2024-01-28,150
SKU0066,2024-02-04,132
SKU0066,2024-02-11,107
SKU0066,2024-02-18,126
SKU0066,2024-02-25,140
SKU0066,2024-03-03,134
SKU0066,2024-03-10,158
SKU0066,2024-03-17,142
SKU0066,2024-03-24,127
SKU0066,2024-03-31,120
SKU0066,2024-04-07,132
SKU0066,2024-04-14,128
SKU0066,2024-04-21,112
SKU0066,2024-04-28,117
SKU0066,2024-05-05,128
SKU0066,2024-05-12,123
SKU0066,2024-05-19,108
SKU0066,2024-05-26,121
SKU0066,2024-06-02,126
SKU0066,2024-06-09,154
SKU0066,2024-06-16,104
SKU0066,2024-06-23,110
SKU0066,2024-06-30,121
SKU0066,2024-07-07,120
SKU0066,2024-07-14,121
SKU0066,2024-07-21,132
SKU0066,2024-07-28,123
SKU0066,2024-08-04,139
SKU0066,2024-08-11,149
SKU0066,2024-08-18,143
SKU0066,2024-08-25,167
SKU0066,2024-09-01,159
SKU0066,2024-09-08,208
SKU0066,2024-09-15,192
SKU0066,2024-09-22,176
SKU0066,2024-09-29,216
SKU0066,2024-10-06,219
SKU0066,2024-10-13,190
SKU0066,2024-10-20,279
SKU0066,2024-10-27,411
SKU0066,2024-11-03,267
SKU0066,2024-11-10,259
SKU0066,2024-11-17,286
SKU0066,2024-11-24,289
SKU0066,2024-12-01,381
SKU0066,2024-12-08,294
SKU0066,2024-12-15,288
SKU0066,2024-12-22,298
SKU0066,2024-12-29,298
SKU0066,2025-01-05,245
SKU0066,2025-01-12,285
SKU0066,2025-01-19,425
SKU0066,2025-01-26,315
SKU0066,2025-02-02,264
SKU0066,2025-02-09,287
SKU0066,2025-02-16,273
SKU0066,2025-02-23,291
SKU0066,2025-03-02,256
SKU0066,2025-03-09,276
SKU0066,2025-03-16,257
SKU0066,2025-03-23,265
SKU0066,2025-03-30,246
SKU0066,2025-04-06,234
SKU0066,2025-04-13,248
SKU0066,2025-04-20,225
SKU0066,2025-04-27,234
SKU0066,2025-05-04,236
SKU0066,2025-05-11,222
SKU0066,2025-05-18,242
SKU0066,2025-05-25,234
SKU0066,2025-06-01,226
SKU0066,2025-06-08,301
SKU0066,2025-06-15,185
SKU0066,2025-06-22,223
SKU0066,2025-06-29,190
SKU0066,2025-07-06,203
SKU0066,2025-07-13,210
SKU0066,2025-07-20,221
SKU0066,2025-07-27,226
SKU0066,2025-08-03,262
SKU0066,2025-08-10,229
SKU0066,2025-08-17,273
SKU0066,2025-08-24,287
SKU0066,2025-08-31,298
SKU0066,2025-09-07,287
SKU0066,2025-09-14,328
SKU0066,2025-09-21,345
SKU0066,2025-09-28,339
SKU0066,2025-10-05,96
SKU0067,2024-01-07,22
SKU0067,2024-01-14,24
SKU0067,2024-01-21,28
SKU0067,2024-01-28,25
SKU0067,2024-02-04,29
SKU0067,2024-02-11,20
SKU0067,2024-02-18,22
SKU0067,2024-02-25,29
SKU0067,2024-03-03,13
SKU0067,2024-03-10,18
SKU0067,2024-03-17,11
SKU0067,2024-03-24,14
SKU0067,2024-03-31,17
SKU0067,2024-04-07,14
SKU0067,2024-04-14,18
SKU0067,2024-04-21,9
SKU0067,2024-04-28,12
SKU0067,2024-05-05,14
SKU0067,2024-05-12,12
SKU0067,2024-05-19,9
SKU0067,2024-05-26,10
SKU0067,2024-06-02,13
SKU0067,2024-06-09,9
SKU0067,2024-06-16,13
SKU0067,2024-06-23,10
SKU0067,2024-06-30,12
SKU0067,2024-07-07,7
SKU0067,2024-07-14,9
SKU0067,2024-07-21,8
SKU0067,2024-07-28,7
SKU0067,2024-08-04,10
SKU0067,2024-08-11,9
SKU0067,2024-08-18,9
SKU0067,2024-08-25,12
SKU0067,2024-09-01,12
SKU0067,2024-09-08,13
SKU0067,2024-09-15,13
SKU0067,2024-09-22,16
SKU0067,2024-09-29,8
SKU0067,2024-10-06,8
SKU0067,2024-10-13,14
SKU0067,2024-10-20,13
SKU0067,2024-10-27,16
SKU0067,2024-11-03,9
SKU0067,2024-11-10,20
SKU0067,2024-11-17,13
SKU0067,2024-11-24,15
SKU0067,2024-12-01,15
SKU0067,2024-12-08,14
SKU0067,2024-12-15,14
SKU0067,2024-12-22,14
SKU0067,2024-12-29,10
SKU0067,2025-01-05,12
SKU0067,2025-01-12,9
SKU0067,2025-01-19,14
SKU0067,2025-01-26,8
SKU0067,2025-02-02,8
SKU0067,2025-02-09,11
SKU0067,2025-02-16,14
SKU0067,2025-02-23,6
SKU0067,2025-03-02,8
SKU0067,2025-03-09,11
SKU0067,2025-03-16,11
SKU0067,2025-03-23,8
SKU0067,2025-03-30,10
SKU0067,2025-04-06,6
SKU0067,2025-04-13,10
SKU0067,2025-04-20,8
SKU0067,2025-04-27,5
SKU0067,2025-05-04,4
SKU0067,2025-05-11,4
SKU0067,2025-05-18,6
SKU0067,2025-05-25,2
SKU0067,2025-06-01,7
SKU0067,2025-06-08,2
SKU0067,2025-06-15,8
SKU0067,2025-06-22,3
SKU0067,2025-06-29,3
SKU0067,2025-07-06,4
SKU0067,2025-07-13,5
SKU0067,2025-07-20,6
SKU0067,2025-07-27,3
SKU0067,2025-08-03,7
SKU0067,2025-08-10,3
SKU0067,2025-08-17,4
SKU0067,2025-08-24,2
SKU0067,2025-08-31,7
SKU0067,2025-09-07,7
SKU0067,2025-09-14,5
SKU0067,2025-09-21,3
SKU0067,2025-09-28,3
SKU0067,2025-10-05,0
SKU0068,2024-01-07,94
SKU0068,2024-01-14,98
SKU0068,2024-01-21,125
SKU0068,2024-01-28,98
SKU0068,2024-02-04,111
SKU0068,2024-02-11,113
SKU0068,2024-02-18,90
SKU0068,2024-02-25,103
SKU0068,2024-03-03,118
SKU0068,2024-03-10,96
SKU0068,2024-03-17,106
SKU0068,2024-03-24,110
SKU0068,2024-03-31,104
SKU0068,2024-04-07,88
SKU0068,2024-04-14,107
SKU0068,2024-04-21,95
SKU0068,2024-04-28,109
SKU0068,2024-05-05,92
SKU0068,2024-05-12,90
SKU0068,2024-05-19,118
SKU0068,2024-05-26,100
SKU0068,2024-06-02,135
SKU0068,2024-06-09,156
SKU0068,2024-06-16,121
SKU0068,2024-06-23,109
SKU0068,2024-06-30,132
SKU0068,2024-07-07,121
SKU0068,2024-07-14,118
SKU0068,2024-07-21,122
SKU0068,2024-07-28,127
SKU0068,2024-08-04,115
SKU0068,2024-08-11,133
SKU0068,2024-08-18,130
SKU0068,2024-08-25,127
SKU0068,2024-09-01,144
SKU0068,2024-09-08,153
SKU0068,2024-09-15,150
SKU0068,2024-09-22,139
SKU0068,2024-09-29,146
SKU0068,2024-10-06,139
SKU0068,2024-10-13,172
SKU0068,2024-10-20,177
SKU0068,2024-10-27,270
SKU0068,2024-11-03,165
SKU0068,2024-11-10,166
SKU0068,2024-11-17,172
SKU0068,2024-11-24,214
SKU0068,2024-12-01,221
SKU0068,2024-12-08,207
SKU0068,2024-12-15,183
SKU0068,2024-12-22,184
SKU0068,2024-12-29,163
SKU0068,2025-01-05,187
SKU0068,2025-01-12,201
SKU0068,2025-01-19,264
SKU0068,2025-01-26,198
SKU0068,2025-02-02,179
SKU0068,2025-02-09,184
SKU0068,2025-02-16,188
SKU0068,2025-02-23,196
SKU0068,2025-03-02,213
SKU0068,2025-03-09,192
SKU0068,2025-03-16,177
SKU0068,2025-03-23,178
SKU0068,2025-03-30,175
SKU0068,2025-04-06,219
SKU0068,2025-04-13,169
SKU0068,2025-04-20,188
SKU0068,2025-04-27,205
SKU0068,2025-05-04,173
SKU0068,2025-05-11,189
SKU0068,2025-05-18,182
SKU0068,2025-05-25,183
SKU0068,2025-06-01,188
SKU0068,2025-06-08,294
SKU0068,2025-06-15,169
SKU0068,2025-06-22,183
SKU0068,2025-06-29,194
SKU0068,2025-07-06,185
SKU0068,2025-07-13,188
SKU0068,2025-07-20,207
SKU0068,2025-07-27,204
SKU0068,2025-08-03,231
SKU0068,2025-08-10,194
SKU0068,2025-08-17,218
SKU0068,2025-08-24,234
SKU0068,2025-08-31,235
SKU0068,2025-09-07,221
SKU0068,2025-09-14,241
SKU0068,2025-09-21,226
SKU0068,2025-09-28,238
SKU0068,2025-10-05,60
SKU0069,2024-01-07,101
SKU0069,2024-01-14,125
SKU0069,2024-01-21,115
SKU0069,2024-01-28,76
SKU0069,2024-02-04,92
SKU0069,2024-02-11,85
SKU0069,2024-02-18,91
SKU0069,2024-02-25,104
SKU0069,2024-03-03,84
SKU0069,2024-03-10,85
SKU0069,2024-03-17,97
SKU0069,2024-03-24,90
SKU0069,2024-03-31,86
SKU0069,2024-04-07,79
SKU0069,2024-04-14,88
SKU0069,2024-04-21,88
SKU0069,2024-04-28,98
SKU0069,2024-05-05,71
SKU0069,2024-05-12,82
SKU0069,2024-05-19,74
SKU0069,2024-05-26,77
SKU0069,2024-06-02,99
SKU0069,2024-06-09,110
SKU0069,2024-06-16,83
SKU0069,2024-06-23,81
SKU0069,2024-06-30,83
SKU0069,2024-07-07,80
SKU0069,2024-07-14,88
SKU0069,2024-07-21,85
SKU0069,2024-07-28,73
SKU0069,2024-08-04,97
SKU0069,2024-08-11,102
SKU0069,2024-08-18,82
SKU0069,2024-08-25,86
SKU0069,2024-09-01,108
SKU0069,2024-09-08,113
SKU0069,2024-09-15,123
SKU0069,2024-09-22,113
SKU0069,2024-09-29,97
SKU0069,2024-10-06,108
SKU0069,2024-10-13,96
SKU0069,2024-10-20,131
SKU0069,2024-10-27,180
SKU0069,2024-11-03,124
SKU0069,2024-11-10,105
SKU0069,2024-11-17,124
SKU0069,2024-11-24,137
SKU0069,2024-12-01,183
SKU0069,2024-12-08,119
SKU0069,2024-12-15,132
SKU0069,2024-12-22,136
SKU0069,2024-12-29,130
SKU0069,2025-01-05,139
SKU0069,2025-01-12,129
SKU0069,2025-01-19,187
SKU0069,2025-01-26,135
SKU0069,2025-02-02,125
SKU0069,2025-02-09,129
SKU0069,2025-02-16,124
SKU0069,2025-02-23,137
SKU0069,2025-03-02,128
SKU0069,2025-03-09,121
SKU0069,2025-03-16,113
SKU0069,2025-03-23,116
SKU0069,2025-03-30,105
SKU0069,2025-04-06,109
SKU0069,2025-04-13,106
SKU0069,2025-04-20,109
SKU0069,2025-04-27,118
SKU0069,2025-05-04,108
SKU0069,2025-05-11,98
SKU0069,2025-05-18,110
SKU0069,2025-05-25,110
SKU0069,2025-06-01,128
SKU0069,2025-06-08,145
SKU0069,2025-06-15,89
SKU0069,2025-06-22,93
SKU0069,2025-06-29,109
SKU0069,2025-07-06,100
SKU0069,2025-07-13,111
SKU0069,2025-07-20,117
SKU0069,2025-07-27,111
SKU0069,2025-08-03,140
SKU0069,2025-08-10,143
SKU0069,2025-08-17,114
SKU0069,2025-08-24,137
SKU0069,2025-08-31,127
SKU0069,2025-09-07,131
SKU0069,2025-09-14,136
SKU0069,2025-09-21,126
SKU0069,2025-09-28,158
SKU0069,2025-10-05,41
SKU0070,2024-01-07,49
SKU0070,2024-01-14,71
SKU0070,2024-01-21,85
SKU0070,2024-01-28,47
SKU0070,2024-02-04,59
SKU0070,2024-02-11,57
SKU0070,2024-02-18,63
SKU0070,2024-02-25,55
SKU0070,2024-03-03,61
SKU0070,2024-03-10,64
SKU0070,2024-03-17,64
SKU0070,2024-03-24,59
SKU0070,2024-03-31,47
SKU0070,2024-04-07,56
SKU0070,2024-04-14,46
SKU0070,2024-04-21,52
SKU0070,2024-04-28,47
SKU0070,2024-05-05,57
SKU0070,2024-05-12,55
SKU0070,2024-05-19,62
SKU0070,2024-05-26,57
SKU0070,2024-06-02,65
SKU0070,2024-06-09,76
SKU0070,2024-06-16,52
SKU0070,2024-06-23,61
SKU0070,2024-06-30,58
SKU0070,2024-07-07,71
SKU0070,2024-07-14,61
SKU0070,2024-07-21,63
SKU0070,2024-07-28,81
SKU0070,2024-08-04,75
SKU0070,2024-08-11,72
SKU0070,2024-08-18,72
SKU0070,2024-08-25,59
SKU0070,2024-09-01,77
SKU0070,2024-09-08,65
SKU0070,2024-09-15,81
SKU0070,2024-09-22,98
SKU0070,2024-09-29,66
SKU0070,2024-10-06,86
SKU0070,2024-10-13,90
SKU0070,2024-10-20,117
SKU0070,2024-10-27,178
SKU0070,2024-11-03,97
SKU0070,2024-11-10,110
SKU0070,2024-11-17,91
SKU0070,2024-11-24,106
SKU0070,2024-12-01,133
SKU0070,2024-12-08,105
SKU0070,2024-12-15,110
SKU0070,2024-12-22,144
SKU0070,2024-12-29,124
SKU0070,2025-01-05,124
SKU0070,2025-01-12,111
SKU0070,2025-01-19,181
SKU0070,2025-01-26,131
SKU0070,2025-02-02,102
SKU0070,2025-02-09,113
SKU0070,2025-02-16,126
SKU0070,2025-02-23,118
SKU0070,2025-03-02,124
SKU0070,2025-03-09,108
SKU0070,2025-03-16,106
SKU0070,2025-03-23,130
SKU0070,2025-03-30,104
SKU0070,2025-04-06,118
SKU0070,2025-04-13,92
SKU0070,2025-04-20,108
SKU0070,2025-04-27,96
SKU0070,2025-05-04,88
SKU0070,2025-05-11,94
SKU0070,2025-05-18,106
SKU0070,2025-05-25,113
SKU0070,2025-06-01,102
SKU0070,2025-06-08,134
SKU0070,2025-06-15,110
SKU0070,2025-06-22,90
SKU0070,2025-06-29,91
SKU0070,2025-07-06,96
SKU0070,2025-07-13,92
SKU0070,2025-07-20,130
SKU0070,2025-07-27,129
SKU0070,2025-08-03,123
SKU0070,2025-08-10,126
SKU0070,2025-08-17,116
SKU0070,2025-08-24,123
SKU0070,2025-08-31,128
SKU0070,2025-09-07,132
SKU0070,2025-09-14,148
SKU0070,2025-09-21,156
SKU0070,2025-09-28,156
SKU0070,2025-10-05,33
SKU0071,2024-01-07,104
SKU0071,2024-01-14,136
SKU0071,2024-01-21,120
SKU0071,2024-01-28,97
SKU0071,2024-02-04,86
SKU0071,2024-02-11,97
SKU0071,2024-02-18,104
SKU0071,2024-02-25,79
SKU0071,2024-03-03,90
SKU0071,2024-03-10,76
SKU0071,2024-03-17,89
SKU0071,2024-03-24,77
SKU0071,2024-03-31,93
SKU0071,2024-04-07,63
SKU0071,2024-04-14,74
SKU0071,2024-04-21,64
SKU0071,2024-04-28,58
SKU0071,2024-05-05,77
SKU0071,2024-05-12,75
SKU0071,2024-05-19,73
SKU0071,2024-05-26,71
SKU0071,2024-06-02,67
SKU0071,2024-06-09,79
SKU0071,2024-06-16,72
SKU0071,2024-06-23,68
SKU0071,2024-06-30,63
SKU0071,2024-07-07,67
SKU0071,2024-07-14,73
SKU0071,2024-07-21,56
SKU0071,2024-07-28,59
SKU0071,2024-08-04,55
SKU0071,2024-08-11,65
SKU0071,2024-08-18,75
SKU0071,2024-08-25,66
SKU0071,2024-09-01,71
SKU0071,2024-09-08,69
SKU0071,2024-09-15,97
SKU0071,2024-09-22,67
SKU0071,2024-09-29,76
SKU0071,2024-10-06,79
SKU0071,2024-10-13,86
SKU0071,2024-10-20,86
SKU0071,2024-10-27,139
SKU0071,2024-11-03,80
SKU0071,2024-11-10,82
SKU0071,2024-11-17,92
SKU0071,2024-11-24,98
SKU0071,2024-12-01,113
SKU0071,2024-12-08,89
SKU0071,2024-12-15,91
SKU0071,2024-12-22,73
SKU0071,2024-12-29,83
SKU0071,2025-01-05,95
SKU0071,2025-01-12,100
SKU0071,2025-01-19,121
SKU0071,2025-01-26,87
SKU0071,2025-02-02,73
SKU0071,2025-02-09,88
SKU0071,2025-02-16,58
SKU0071,2025-02-23,88
SKU0071,2025-03-02,63
SKU0071,2025-03-09,73
SKU0071,2025-03-16,67
SKU0071,2025-03-23,59
SKU0071,2025-03-30,69
SKU0071,2025-04-06,72
SKU0071,2025-04-13,65
SKU0071,2025-04-20,68
SKU0071,2025-04-27,55
SKU0071,2025-05-04,66
SKU0071,2025-05-11,59
SKU0071,2025-05-18,43
SKU0071,2025-05-25,45
SKU0071,2025-06-01,44
SKU0071,2025-06-08,70
SKU0071,2025-06-15,45
SKU0071,2025-06-22,53
SKU0071,2025-06-29,41
SKU0071,2025-07-06,49
SKU0071,2025-07-13,37
SKU0071,2025-07-20,51
SKU0071,2025-07-27,49
SKU0071,2025-08-03,50
SKU0071,2025-08-10,52
SKU0071,2025-08-17,55
SKU0071,2025-08-24,59
SKU0071,2025-08-31,56
SKU0071,2025-09-07,46
SKU0071,2025-09-14,44
SKU0071,2025-09-21,55
SKU0071,2025-09-28,46
SKU0071,2025-10-05,17
SKU0072,2024-01-07,93
SKU0072,2024-01-14,127
SKU0072,2024-01-21,156
SKU0072,2024-01-28,101
SKU0072,2024-02-04,104
SKU0072,2024-02-11,113
SKU0072,2024-02-18,109
SKU0072,2024-02-25,101
SKU0072,2024-03-03,108
SKU0072,2024-03-10,107
SKU0072,2024-03-17,106
SKU0072,2024-03-24,93
SKU0072,2024-03-31,105
SKU0072,2024-04-07,102
SKU0072,2024-04-14,103
SKU0072,2024-04-21,113
SKU0072,2024-04-28,109
SKU0072,2024-05-05,104
SKU0072,2024-05-12,90
SKU0072,2024-05-19,102
SKU0072,2024-05-26,102
SKU0072,2024-06-02,123
SKU0072,2024-06-09,151
SKU0072,2024-06-16,96
SKU0072,2024-06-23,132
SKU0072,2024-06-30,124
SKU0072,2024-07-07,127
SKU0072,2024-07-14,107
SKU0072,2024-07-21,114
SKU0072,2024-07-28,117
SKU0072,2024-08-04,141
SKU0072,2024-08-11,153
SKU0072,2024-08-18,156
SKU0072,2024-08-25,139
SKU0072,2024-09-01,173
SKU0072,2024-09-08,147
SKU0072,2024-09-15,154
SKU0072,2024-09-22,169
SKU0072,2024-09-29,159
SKU0072,2024-10-06,181
SKU0072,2024-10-13,174
SKU0072,2024-10-20,227
SKU0072,2024-10-27,318
SKU0072,2024-11-03,209
SKU0072,2024-11-10,219
SKU0072,2024-11-17,225
SKU0072,2024-11-24,222
SKU0072,2024-12-01,300
SKU0072,2024-12-08,215
SKU0072,2024-12-15,237
SKU0072,2024-12-22,250
SKU0072,2024-12-29,230
SKU0072,2025-01-05,221
SKU0072,2025-01-12,245
SKU0072,2025-01-19,340
SKU0072,2025-01-26,244
SKU0072,2025-02-02,224
SKU0072,2025-02-09,248
SKU0072,2025-02-16,215
SKU0072,2025-02-23,209
SKU0072,2025-03-02,247
SKU0072,2025-03-09,242
SKU0072,2025-03-16,253
SKU0072,2025-03-23,219
SKU0072,2025-03-30,228
SKU0072,2025-04-06,240
SKU0072,2025-04-13,214
SKU0072,2025-04-20,193
SKU0072,2025-04-27,188
SKU0072,2025-05-04,178
SKU0072,2025-05-11,213
SKU0072,2025-05-18,210
SKU0072,2025-05-25,224
SKU0072,2025-06-01,265
SKU0072,2025-06-08,289
SKU0072,2025-06-15,224
SKU0072,2025-06-22,219
SKU0072,2025-06-29,193
SKU0072,2025-07-06,184
SKU0072,2025-07-13,236
SKU0072,2025-07-20,246
SKU0072,2025-07-27,226
SKU0072,2025-08-03,244
SKU0072,2025-08-10,253
SKU0072,2025-08-17,246
SKU0072,2025-08-24,232
SKU0072,2025-08-31,246
SKU0072,2025-09-07,266
SKU0072,2025-09-14,252
SKU0072,2025-09-21,304
SKU0072,2025-09-28,304
SKU0072,2025-10-05,85
SKU0073,2024-04-07,39
SKU0073,2024-04-14,63
SKU0073,2024-04-21,65
SKU0073,2024-04-28,70
SKU0073,2024-05-05,66
SKU0073,2024-05-12,51
SKU0073,2024-05-19,74
SKU0073,2024-05-26,65
SKU0073,2024-06-02,52
SKU0073,2024-06-09,79
SKU0073,2024-06-16,55
SKU0073,2024-06-23,56
SKU0073,2024-06-30,57
SKU0073,2024-07-07,48
SKU0073,2024-07-14,55
SKU0073,2024-07-21,57
SKU0073,2024-07-28,65
SKU0073,2024-08-04,71
SKU0073,2024-08-11,74
SKU0073,2024-08-18,70
SKU0073,2024-08-25,69
SKU0073,2024-09-01,92
SKU0073,2024-09-08,85
SKU0073,2024-09-15,88
SKU0073,2024-09-22,93
SKU0073,2024-09-29,99
SKU0073,2024-10-06,97
SKU0073,2024-10-13,107
SKU0073,2024-10-20,125
SKU0073,2024-10-27,185
SKU0073,2024-11-03,117
SKU0073,2024-11-10,128
SKU0073,2024-11-17,142
SKU0073,2024-11-24,145
SKU0073,2024-12-01,178
SKU0073,2024-12-08,143
SKU0073,2024-12-15,128
SKU0073,2024-12-22,135
SKU0073,2024-12-29,154
SKU0073,2025-01-05,120
SKU0073,2025-01-12,135
SKU0073,2025-01-19,212
SKU0073,2025-01-26,154
SKU0073,2025-02-02,144
SKU0073,2025-02-09,133
SKU0073,2025-02-16,131
SKU0073,2025-02-23,131
SKU0073,2025-03-02,114
SKU0073,2025-03-09,135
SKU0073,2025-03-16,115
SKU0073,2025-03-23,103
SKU0073,2025-03-30,130
SKU0073,2025-04-06,98
SKU0073,2025-04-13,114
SKU0073,2025-04-20,105
SKU0073,2025-04-27,87
SKU0073,2025-05-04,100
SKU0073,2025-05-11,86
SKU0073,2025-05-18,84
SKU0073,2025-05-25,91
SKU0073,2025-06-01,77
SKU0073,2025-06-08,131
SKU0073,2025-06-15,109
SKU0073,2025-06-22,79
SKU0073,2025-06-29,78
SKU0073,2025-07-06,81
SKU0073,2025-07-13,81
SKU0073,2025-07-20,68
SKU0073,2025-07-27,105
SKU0073,2025-08-03,99
SKU0073,2025-08-10,101
SKU0073,2025-08-17,102
SKU0073,2025-08-24,123
SKU0073,2025-08-31,123
SKU0073,2025-09-07,127
SKU0073,2025-09-14,114
SKU0073,2025-09-21,126
SKU0073,2025-09-28,140
SKU0073,2025-10-05,27
SKU0074,2024-01-07,65
SKU0074,2024-01-14,87
SKU0074,2024-01-21,98
SKU0074,2024-01-28,85
SKU0074,2024-02-04,80
SKU0074,2024-02-11,80
SKU0074,2024-02-18,99
SKU0074,2024-02-25,90
SKU0074,2024-03-03,69
SKU0074,2024-03-10,79
SKU0074,2024-03-17,96
SKU0074,2024-03-24,90
SKU0074,2024-03-31,94
SKU0074,2024-04-07,83
SKU0074,2024-04-14,85
SKU0074,2024-04-21,96
SKU0074,2024-04-28,87
SKU0074,2024-05-05,77
SKU0074,2024-05-12,89
SKU0074,2024-05-19,88
SKU0074,2024-05-26,105
SKU0074,2024-06-02,88
SKU0074,2024-06-09,137
SKU0074,2024-06-16,78
SKU0074,2024-06-23,102
SKU0074,2024-06-30,84
SKU0074,2024-07-07,92
SKU0074,2024-07-14,94
SKU0074,2024-07-21,115
SKU0074,2024-07-28,93
SKU0074,2024-08-04,100
SKU0074,2024-08-11,106
SKU0074,2024-08-18,110
SKU0074,2024-08-25,109
SKU0074,2024-09-01,117
SKU0074,2024-09-08,112
SKU0074,2024-09-15,136
SKU0074,2024-09-22,125
SKU0074,2024-09-29,122
SKU0074,2024-10-06,135
SKU0074,2024-10-13,140
SKU0074,2024-10-20,166
SKU0074,2024-10-27,221
SKU0074,2024-11-03,139
SKU0074,2024-11-10,146
SKU0074,2024-11-17,154
SKU0074,2024-11-24,178
SKU0074,2024-12-01,202
SKU0074,2024-12-08,164
SKU0074,2024-12-15,154
SKU0074,2024-12-22,161
SKU0074,2024-12-29,174
SKU0074,2025-01-05,142
SKU0074,2025-01-12,144
SKU0074,2025-01-19,240
SKU0074,2025-01-26,148
SKU0074,2025-02-02,143
SKU0074,2025-02-09,149
SKU0074,2025-02-16,141
SKU0074,2025-02-23,166
SKU0074,2025-03-02,157
SKU0074,2025-03-09,151
SKU0074,2025-03-16,131
SKU0074,2025-03-23,155
SKU0074,2025-03-30,146
SKU0074,2025-04-06,156
SKU0074,2025-04-13,156
SKU0074,2025-04-20,139
SKU0074,2025-04-27,139
SKU0074,2025-05-04,138
SKU0074,2025-05-11,138
SKU0074,2025-05-18,141
SKU0074,2025-05-25,140
SKU0074,2025-06-01,151
SKU0074,2025-06-08,205
SKU0074,2025-06-15,134
SKU0074,2025-06-22,164
SKU0074,2025-06-29,145
SKU0074,2025-07-06,121
SKU0074,2025-07-13,141
SKU0074,2025-07-20,166
SKU0074,2025-07-27,152
SKU0074,2025-08-03,148
SKU0074,2025-08-10,169
SKU0074,2025-08-17,186
SKU0074,2025-08-24,167
SKU0074,2025-08-31,177
SKU0074,2025-09-07,179
SKU0074,2025-09-14,219
SKU0074,2025-09-21,186
SKU0074,2025-09-28,178
SKU0074,2025-10-05,61
SKU0075,2024-01-07,77
SKU0075,2024-01-14,69
SKU0075,2024-01-21,87
SKU0075,2024-01-28,73
SKU0075,2024-02-04,86
SKU0075,2024-02-11,67
SKU0075,2024-02-18,67
SKU0075,2024-02-25,51
SKU0075,2024-03-03,53
SKU0075,2024-03-10,62
SKU0075,2024-03-17,63
SKU0075,2024-03-24,69
SKU0075,2024-03-31,66
SKU0075,2024-04-07,61
SKU0075,2024-04-14,54
SKU0075,2024-04-21,46
SKU0075,2024-04-28,61
SKU0075,2024-05-05,49
SKU0075,2024-05-12,48
SKU0075,2024-05-19,72
SKU0075,2024-05-26,63
SKU0075,2024-06-02,77
SKU0075,2024-06-09,65
SKU0075,2024-06-16,63
SKU0075,2024-06-23,56
SKU0075,2024-06-30,54
SKU0075,2024-07-07,56
SKU0075,2024-07-14,68
SKU0075,2024-07-21,72
SKU0075,2024-07-28,68
SKU0075,2024-08-04,63
SKU0075,2024-08-11,65
SKU0075,2024-08-18,64
SKU0075,2024-08-25,85
SKU0075,2024-09-01,60
SKU0075,2024-09-08,74
SKU0075,2024-09-15,69
SKU0075,2024-09-22,70
SKU0075,2024-09-29,67
SKU0075,2024-10-06,73
SKU0075,2024-10-13,70
SKU0075,2024-10-20,79
SKU0075,2024-10-27,131
SKU0075,2024-11-03,76
SKU0075,2024-11-10,79
SKU0075,2024-11-17,79
SKU0075,2024-11-24,72
SKU0075,2024-12-01,99
SKU0075,2024-12-08,72
SKU0075,2024-12-15,80
SKU0075,2024-12-22,75
SKU0075,2024-12-29,72
SKU0075,2025-01-05,79
SKU0075,2025-01-12,86
SKU0075,2025-01-19,86
SKU0075,2025-01-26,88
SKU0075,2025-02-02,83
SKU0075,2025-02-09,79
SKU0075,2025-02-16,69
SKU0075,2025-02-23,87
SKU0075,2025-03-02,72
SKU0075,2025-03-09,64
SKU0075,2025-03-16,78
SKU0075,2025-03-23,84
SKU0075,2025-03-30,68
SKU0075,2025-04-06,75
SKU0075,2025-04-13,74
SKU0075,2025-04-20,57
SKU0075,2025-04-27,68
SKU0075,2025-05-04,70
SKU0075,2025-05-11,66
SKU0075,2025-05-18,76
SKU0075,2025-05-25,85
SKU0075,2025-06-01,78
SKU0075,2025-06-08,109
SKU0075,2025-06-15,61
SKU0075,2025-06-22,71
SKU0075,2025-06-29,62
SKU0075,2025-07-06,63
SKU0075,2025-07-13,63
SKU0075,2025-07-20,64
SKU0075,2025-07-27,55
SKU0075,2025-08-03,85
SKU0075,2025-08-10,71
SKU0075,2025-08-17,61
SKU0075,2025-08-24,52
SKU0075,2025-08-31,81
SKU0075,2025-09-07,78
SKU0075,2025-09-14,66
SKU0075,2025-09-21,99
SKU0075,2025-09-28,87
SKU0075,2025-10-05,28
SKU0076,2024-01-07,12
SKU0076,2024-01-14,15
SKU0076,2024-01-21,21
SKU0076,2024-01-28,24
SKU0076,2024-02-04,8
SKU0076,2024-02-11,14
SKU0076,2024-02-18,18
SKU0076,2024-02-25,16
SKU0076,2024-03-03,14
SKU0076,2024-03-10,16
SKU0076,2024-03-17,11
SKU0076,2024-03-24,11
SKU0076,2024-03-31,14
SKU0076,2024-04-07,11
SKU0076,2024-04-14,19
SKU0076,2024-04-21,12
SKU0076,2024-04-28,12
SKU0076,2024-05-05,15
SKU0076,2024-05-12,15
SKU0076,2024-05-19,11
SKU0076,2024-05-26,20
SKU0076,2024-06-02,24
SKU0076,2024-06-09,16
SKU0076,2024-06-16,14
SKU0076,2024-06-23,12
SKU0076,2024-06-30,9
SKU0076,2024-07-07,15
SKU0076,2024-07-14,14
SKU0076,2024-07-21,14
SKU0076,2024-07-28,20
SKU0076,2024-08-04,12
SKU0076,2024-08-11,19
SKU0076,2024-08-18,17
SKU0076,2024-08-25,16
SKU0076,2024-09-01,18
SKU0076,2024-09-08,17
SKU0076,2024-09-15,12
SKU0076,2024-09-22,19
SKU0076,2024-09-29,23
SKU0076,2024-10-06,20
SKU0076,2024-10-13,19
SKU0076,2024-10-20,30
SKU0076,2024-10-27,39
SKU0076,2024-11-03,30
SKU0076,2024-11-10,27
SKU0076,2024-11-17,25
SKU0076,2024-11-24,29
SKU0076,2024-12-01,28
SKU0076,2024-12-08,18
SKU0076,2024-12-15,29
SKU0076,2024-12-22,29
SKU0076,2024-12-29,26
SKU0076,2025-01-05,29
SKU0076,2025-01-12,31
SKU0076,2025-01-19,47
SKU0076,2025-01-26,25
SKU0076,2025-02-02,40
SKU0076,2025-02-09,34
SKU0076,2025-02-16,40
SKU0076,2025-02-23,25
SKU0076,2025-03-02,29
SKU0076,2025-03-09,29
SKU0076,2025-03-16,27
SKU0076,2025-03-23,27
SKU0076,2025-03-30,25
SKU0076,2025-04-06,16
SKU0076,2025-04-13,30
SKU0076,2025-04-20,22
SKU0076,2025-04-27,29
SKU0076,2025-05-04,26
SKU0076,2025-05-11,28
SKU0076,2025-05-18,17
SKU0076,2025-05-25,27
SKU0076,2025-06-01,18
SKU0076,2025-06-08,56
SKU0076,2025-06-15,22
SKU0076,2025-06-22,18
SKU0076,2025-06-29,18
SKU0076,2025-07-06,27
SKU0076,2025-07-13,28
SKU0076,2025-07-20,23
SKU0076,2025-07-27,25
SKU0076,2025-08-03,38
SKU0076,2025-08-10,26
SKU0076,2025-08-17,23
SKU0076,2025-08-24,17
SKU0076,2025-08-31,28
SKU0076,2025-09-07,27
SKU0076,2025-09-14,35
SKU0076,2025-09-21,38
SKU0076,2025-09-28,30
SKU0076,2025-10-05,6
SKU0077,2024-01-07,184
SKU0077,2024-01-14,228
SKU0077,2024-01-21,248
SKU0077,2024-01-28,172
SKU0077,2024-02-04,194
SKU0077,2024-02-11,151
SKU0077,2024-02-18,168
SKU0077,2024-02-25,180
SKU0077,2024-03-03,176
SKU0077,2024-03-10,188
SKU0077,2024-03-17,194
SKU0077,2024-03-24,168
SKU0077,2024-03-31,185
SKU0077,2024-04-07,186
SKU0077,2024-04-14,184
SKU0077,2024-04-21,161
SKU0077,2024-04-28,146
SKU0077,2024-05-05,167
SKU0077,2024-05-12,180
SKU0077,2024-05-19,168
SKU0077,2024-05-26,148
SKU0077,2024-06-02,178
SKU0077,2024-06-09,210
SKU0077,2024-06-16,156
SKU0077,2024-06-23,147
SKU0077,2024-06-30,143
SKU0077,2024-07-07,177
SKU0077,2024-07-14,159
SKU0077,2024-07-21,174
SKU0077,2024-07-28,201
SKU0077,2024-08-04,161
SKU0077,2024-08-11,148
SKU0077,2024-08-18,188
SKU0077,2024-08-25,197
SKU0077,2024-09-01,180
SKU0077,2024-09-08,186
SKU0077,2024-09-15,205
SKU0077,2024-09-22,191
SKU0077,2024-09-29,238
SKU0077,2024-10-06,212
SKU0077,2024-10-13,216
SKU0077,2024-10-20,235
SKU0077,2024-10-27,364
SKU0077,2024-11-03,230
SKU0077,2024-11-10,232
SKU0077,2024-11-17,256
SKU0077,2024-11-24,282
SKU0077,2024-12-01,382
SKU0077,2024-12-08,274
SKU0077,2024-12-15,255
SKU0077,2024-12-22,288
SKU0077,2024-12-29,272
SKU0077,2025-01-05,260
SKU0077,2025-01-12,271
SKU0077,2025-01-19,382
SKU0077,2025-01-26,243
SKU0077,2025-02-02,254
SKU0077,2025-02-09,277
SKU0077,2025-02-16,242
SKU0077,2025-02-23,262
SKU0077,2025-03-02,237
SKU0077,2025-03-09,232
SKU0077,2025-03-16,236
SKU0077,2025-03-23,238
SKU0077,2025-03-30,200
SKU0077,2025-04-06,213
SKU0077,2025-04-13,194
SKU0077,2025-04-20,234
SKU0077,2025-04-27,195
SKU0077,2025-05-04,196
SKU0077,2025-05-11,188
SKU0077,2025-05-18,221
SKU0077,2025-05-25,192
SKU0077,2025-06-01,212
SKU0077,2025-06-08,278
SKU0077,2025-06-15,203
SKU0077,2025-06-22,180
SKU0077,2025-06-29,203
SKU0077,2025-07-06,213
SKU0077,2025-07-13,220
SKU0077,2025-07-20,219
SKU0077,2025-07-27,178
SKU0077,2025-08-03,205
SKU0077,2025-08-10,232
SKU0077,2025-08-17,223
SKU0077,2025-08-24,241
SKU0077,2025-08-31,234
SKU0077,2025-09-07,237
SKU0077,2025-09-14,267
SKU0077,2025-09-21,251
SKU0077,2025-09-28,269
SKU0077,2025-10-05,71
SKU0078,2024-01-07,73
SKU0078,2024-01-14,85
SKU0078,2024-01-21,106
SKU0078,2024-01-28,83
SKU0078,2024-02-04,99
SKU0078,2024-02-11,83
SKU0078,2024-02-18,77
SKU0078,2024-02-25,107
SKU0078,2024-03-03,83
SKU0078,2024-03-10,90
SKU0078,2024-03-17,82
SKU0078,2024-03-24,93
SKU0078,2024-03-31,85
SKU0078,2024-04-07,81
SKU0078,2024-04-14,62
SKU0078,2024-04-21,56
SKU0078,2024-04-28,67
SKU0078,2024-05-05,57
SKU0078,2024-05-12,72
SKU0078,2024-05-19,65
SKU0078,2024-05-26,70
SKU0078,2024-06-02,56
SKU0078,2024-06-09,70
SKU0078,2024-06-16,67
SKU0078,2024-06-23,63
SKU0078,2024-06-30,55
SKU0078,2024-07-07,68
SKU0078,2024-07-14,65
SKU0078,2024-07-21,72
SKU0078,2024-07-28,63
SKU0078,2024-08-04,75
SKU0078,2024-08-11,92
SKU0078,2024-08-18,97
SKU0078,2024-08-25,89
SKU0078,2024-09-01,121
SKU0078,2024-09-08,106
SKU0078,2024-09-15,114
SKU0078,2024-09-22,114
SKU0078,2024-09-29,138
SKU0078,2024-10-06,115
SKU0078,2024-10-13,117
SKU0078,2024-10-20,155
SKU0078,2024-10-27,217
SKU0078,2024-11-03,143
SKU0078,2024-11-10,169
SKU0078,2024-11-17,150
SKU0078,2024-11-24,195
SKU0078,2024-12-01,217
SKU0078,2024-12-08,155
SKU0078,2024-12-15,172
SKU0078,2024-12-22,174
SKU0078,2024-12-29,149
SKU0078,2025-01-05,179
SKU0078,2025-01-12,180
SKU0078,2025-01-19,224
SKU0078,2025-01-26,175
SKU0078,2025-02-02,144
SKU0078,2025-02-09,158
SKU0078,2025-02-16,172
SKU0078,2025-02-23,175
SKU0078,2025-03-02,151
SKU0078,2025-03-09,163
SKU0078,2025-03-16,129
SKU0078,2025-03-23,153
SKU0078,2025-03-30,142
SKU0078,2025-04-06,137
SKU0078,2025-04-13,135
SKU0078,2025-04-20,122
SKU0078,2025-04-27,130
SKU0078,2025-05-04,123
SKU0078,2025-05-11,110
SKU0078,2025-05-18,120
SKU0078,2025-05-25,122
SKU0078,2025-06-01,123
SKU0078,2025-06-08,180
SKU0078,2025-06-15,105
SKU0078,2025-06-22,108
SKU0078,2025-06-29,123
SKU0078,2025-07-06,114
SKU0078,2025-07-13,103
SKU0078,2025-07-20,130
SKU0078,2025-07-27,125
SKU0078,2025-08-03,132
SKU0078,2025-08-10,145
SKU0078,2025-08-17,144
SKU0078,2025-08-24,121
SKU0078,2025-08-31,160
SKU0078,2025-09-07,180
SKU0078,2025-09-14,177
SKU0078,2025-09-21,195
SKU0078,2025-09-28,212
SKU0078,2025-10-05,50
SKU0079,2024-01-07,2
SKU0079,2024-01-14,1
SKU0079,2024-01-21,7
SKU0079,2024-01-28,7
SKU0079,2024-02-04,8
SKU0079,2024-02-11,6
SKU0079,2024-02-18,4
SKU0079,2024-02-25,11
SKU0079,2024-03-03,5
SKU0079,2024-03-10,10
SKU0079,2024-03-17,2
SKU0079,2024-03-24,7
SKU0079,2024-03-31,14
SKU0079,2024-04-07,4
SKU0079,2024-04-14,2
SKU0079,2024-04-21,8
SKU0079,2024-04-28,5
SKU0079,2024-05-05,2
SKU0079,2024-05-12,4
SKU0079,2024-05-19,7
SKU0079,2024-05-26,3
SKU0079,2024-06-02,5
SKU0079,2024-06-09,6
SKU0079,2024-06-16,0
SKU0079,2024-06-23,4
SKU0079,2024-06-30,6
SKU0079,2024-07-07,4
SKU0079,2024-07-14,6
SKU0079,2024-07-21,5
SKU0079,2024-07-28,5
SKU0079,2024-08-04,4
SKU0079,2024-08-11,8
SKU0079,2024-08-18,1
SKU0079,2024-08-25,6
SKU0079,2024-09-01,5
SKU0079,2024-09-08,5
SKU0079,2024-09-15,4
SKU0079,2024-09-22,5
SKU0079,2024-09-29,2
SKU0079,2024-10-06,6
SKU0079,2024-10-13,3
SKU0079,2024-10-20,9
SKU0079,2024-10-27,5
SKU0079,2024-11-03,7
SKU0079,2024-11-10,3
SKU0079,2024-11-17,5
SKU0079,2024-11-24,5
SKU0079,2024-12-01,8
SKU0079,2024-12-08,6
SKU0079,2024-12-15,7
SKU0079,2024-12-22,3
SKU0079,2024-12-29,2
SKU0079,2025-01-05,4
SKU0079,2025-01-12,6
SKU0079,2025-01-19,6
SKU0079,2025-01-26,3
SKU0079,2025-02-02,6
SKU0079,2025-02-09,7
SKU0079,2025-02-16,7
SKU0079,2025-02-23,2
SKU0079,2025-03-02,3
SKU0079,2025-03-09,2
SKU0079,2025-03-16,1
SKU0079,2025-03-23,8
SKU0079,2025-03-30,1
SKU0079,2025-04-06,6
SKU0079,2025-04-13,6
SKU0079,2025-04-20,1
SKU0079,2025-04-27,3
SKU0079,2025-05-04,6
SKU0079,2025-05-11,4
SKU0079,2025-05-18,4
SKU0079,2025-05-25,1
SKU0079,2025-06-01,6
SKU0079,2025-06-08,0
SKU0079,2025-06-15,1
SKU0079,2025-06-22,4
SKU0079,2025-06-29,4
SKU0079,2025-07-06,6
SKU0079,2025-07-13,6
SKU0079,2025-07-20,6
SKU0079,2025-07-27,3
SKU0079,2025-08-03,2
SKU0079,2025-08-10,5
SKU0079,2025-08-17,6
SKU0079,2025-08-24,9
SKU0079,2025-08-31,7
SKU0079,2025-09-07,4
SKU0079,2025-09-14,4
SKU0079,2025-09-21,5
SKU0079,2025-09-28,6
SKU0079,2025-10-05,6
SKU0080,2024-01-07,14
SKU0080,2024-01-14,9
SKU0080,2024-01-21,16
SKU0080,2024-01-28,9
SKU0080,2024-02-04,13
SKU0080,2024-02-11,11
SKU0080,2024-02-18,6
SKU0080,2024-02-25,14
SKU0080,2024-03-03,6
SKU0080,2024-03-10,14
SKU0080,2024-03-17,7
SKU0080,2024-03-24,5
SKU0080,2024-03-31,4
SKU0080,2024-04-07,3
SKU0080,2024-04-14,12
SKU0080,2024-04-21,12
SKU0080,2024-04-28,7
SKU0080,2024-05-05,7
SKU0080,2024-05-12,10
SKU0080,2024-05-19,4
SKU0080,2024-05-26,6
SKU0080,2024-06-02,16
SKU0080,2024-06-09,15
SKU0080,2024-06-16,7
SKU0080,2024-06-23,6
SKU0080,2024-06-30,8
SKU0080,2024-07-07,10
SKU0080,2024-07-14,10
SKU0080,2024-07-21,7
SKU0080,2024-07-28,5
SKU0080,2024-08-04,6
SKU0080,2024-08-11,5
SKU0080,2024-08-18,9
SKU0080,2024-08-25,11
SKU0080,2024-09-01,4
SKU0080,2024-09-08,4
SKU0080,2024-09-15,12
SKU0080,2024-09-22,7
SKU0080,2024-09-29,9
SKU0080,2024-10-06,6
SKU0080,2024-10-13,9
SKU0080,2024-10-20,11
SKU0080,2024-10-27,11
SKU0080,2024-11-03,10
SKU0080,2024-11-10,5
SKU0080,2024-11-17,4
SKU0080,2024-11-24,7
SKU0080,2024-12-01,12
SKU0080,2024-12-08,8
SKU0080,2024-12-15,5
SKU0080,2024-12-22,6
SKU0080,2024-12-29,7
SKU0080,2025-01-05,8
SKU0080,2025-01-12,7
SKU0080,2025-01-19,13
SKU0080,2025-01-26,7
SKU0080,2025-02-02,6
SKU0080,2025-02-09,8
SKU0080,2025-02-16,8
SKU0080,2025-02-23,7
SKU0080,2025-03-02,10
SKU0080,2025-03-09,5
SKU0080,2025-03-16,5
SKU0080,2025-03-23,5
SKU0080,2025-03-30,5
SKU0080,2025-04-06,5
SKU0080,2025-04-13,5
SKU0080,2025-04-20,6
SKU0080,2025-04-27,5
SKU0080,2025-05-04,2
SKU0080,2025-05-11,7
SKU0080,2025-05-18,3
SKU0080,2025-05-25,3
SKU0080,2025-06-01,3
SKU0080,2025-06-08,6
SKU0080,2025-06-15,1
SKU0080,2025-06-22,1
SKU0080,2025-06-29,5
SKU0080,2025-07-06,1
SKU0080,2025-07-13,0
SKU0080,2025-07-20,5
SKU0080,2025-07-27,4
SKU0080,2025-08-03,6
SKU0080,2025-08-10,2
SKU0080,2025-08-17,2
SKU0080,2025-08-24,3
SKU0080,2025-08-31,4
SKU0080,2025-09-07,1
SKU0080,2025-09-14,1
SKU0080,2025-09-21,3
SKU0080,2025-09-28,4
SKU0080,2025-10-05,2
SKU0081,2024-01-07,84
SKU0081,2024-01-14,96
SKU0081,2024-01-21,137
SKU0081,2024-01-28,83
SKU0081,2024-02-04,91
SKU0081,2024-02-11,88
SKU0081,2024-02-18,98
SKU0081,2024-02-25,86
SKU0081,2024-03-03,87
SKU0081,2024-03-10,94
SKU0081,2024-03-17,85
SKU0081,2024-03-24,86
SKU0081,2024-03-31,91
SKU0081,2024-04-07,64
SKU0081,2024-04-14,67
SKU0081,2024-04-21,56
SKU0081,2024-04-28,65
SKU0081,2024-05-05,79
SKU0081,2024-05-12,80
SKU0081,2024-05-19,65
SKU0081,2024-05-26,56
SKU0081,2024-06-02,73
SKU0081,2024-06-09,92
SKU0081,2024-06-16,59
SKU0081,2024-06-23,67
SKU0081,2024-06-30,70
SKU0081,2024-07-07,72
SKU0081,2024-07-14,75
SKU0081,2024-07-21,68
SKU0081,2024-07-28,54
SKU0081,2024-08-04,88
SKU0081,2024-08-11,99
SKU0081,2024-08-18,113
SKU0081,2024-08-25,105
SKU0081,2024-09-01,114
SKU0081,2024-09-08,126
SKU0081,2024-09-15,133
SKU0081,2024-09-22,114
SKU0081,2024-09-29,143
SKU0081,2024-10-06,144
SKU0081,2024-10-13,161
SKU0081,2024-10-20,175
SKU0081,2024-10-27,257
SKU0081,2024-11-03,184
SKU0081,2024-11-10,165
SKU0081,2024-11-17,209
SKU0081,2024-11-24,197
SKU0081,2024-12-01,280
SKU0081,2024-12-08,212
SKU0081,2024-12-15,211
SKU0081,2024-12-22,202
SKU0081,2024-12-29,198
SKU0081,2025-01-05,199
SKU0081,2025-01-12,216
SKU0081,2025-01-19,315
SKU0081,2025-01-26,223
SKU0081,2025-02-02,159
SKU0081,2025-02-09,206
SKU0081,2025-02-16,185
SKU0081,2025-02-23,203
SKU0081,2025-03-02,183
SKU0081,2025-03-09,222
SKU0081,2025-03-16,190
SKU0081,2025-03-23,173
SKU0081,2025-03-30,165
SKU0081,2025-04-06,180
SKU0081,2025-04-13,132
SKU0081,2025-04-20,156
SKU0081,2025-04-27,136
SKU0081,2025-05-04,156
SKU0081,2025-05-11,137
SKU0081,2025-05-18,120
SKU0081,2025-05-25,136
SKU0081,2025-06-01,161
SKU0081,2025-06-08,183
SKU0081,2025-06-15,113
SKU0081,2025-06-22,140
SKU0081,2025-06-29,134
SKU0081,2025-07-06,158
SKU0081,2025-07-13,123
SKU0081,2025-07-20,136
SKU0081,2025-07-27,150
SKU0081,2025-08-03,158
SKU0081,2025-08-10,175
SKU0081,2025-08-17,191
SKU0081,2025-08-24,162
SKU0081,2025-08-31,183
SKU0081,2025-09-07,200
SKU0081,2025-09-14,226
SKU0081,2025-09-21,213
SKU0081,2025-09-28,229
SKU0081,2025-10-05,69
SKU0082,2024-01-07,19
SKU0082,2024-01-14,26
SKU0082,2024-01-21,20
SKU0082,2024-01-28,13
SKU0082,2024-02-04,21
SKU0082,2024-02-11,10
SKU0082,2024-02-18,25
SKU0082,2024-02-25,12
SKU0082,2024-03-03,15
SKU0082,2024-03-10,17
SKU0082,2024-03-17,20
SKU0082,2024-03-24,7
SKU0082,2024-03-31,13
SKU0082,2024-04-07,15
SKU0082,2024-04-14,16
SKU0082,2024-04-21,23
SKU0082,2024-04-28,18
SKU0082,2024-05-05,19
SKU0082,2024-05-12,17
SKU0082,2024-05-19,19
SKU0082,2024-05-26,13
SKU0082,2024-06-02,12
SKU0082,2024-06-09,14
SKU0082,2024-06-16,12
SKU0082,2024-06-23,9
SKU0082,2024-06-30,14
SKU0082,2024-07-07,26
SKU0082,2024-07-14,14
SKU0082,2024-07-21,16
SKU0082,2024-07-28,12
SKU0082,2024-08-04,11
SKU0082,2024-08-11,13
SKU0082,2024-08-18,20
SKU0082,2024-08-25,18
SKU0082,2024-09-01,14
SKU0082,2024-09-08,30
SKU0082,2024-09-15,22
SKU0082,2024-09-22,26
SKU0082,2024-09-29,22
SKU0082,2024-10-06,21
SKU0082,2024-10-13,24
SKU0082,2024-10-20,44
SKU0082,2024-10-27,25
SKU0082,2024-11-03,24
SKU0082,2024-11-10,28
SKU0082,2024-11-17,31
SKU0082,2024-11-24,29
SKU0082,2024-12-01,40
SKU0082,2024-12-08,32
SKU0082,2024-12-15,40
SKU0082,2024-12-22,23
SKU0082,2024-12-29,31
SKU0082,2025-01-05,35
SKU0082,2025-01-12,39
SKU0082,2025-01-19,39
SKU0082,2025-01-26,28
SKU0082,2025-02-02,33
SKU0082,2025-02-09,33
SKU0082,2025-02-16,25
SKU0082,2025-02-23,28
SKU0082,2025-03-02,35
SKU0082,2025-03-09,27
SKU0082,2025-03-16,33
SKU0082,2025-03-23,27
SKU0082,2025-03-30,23
SKU0082,2025-04-06,23
SKU0082,2025-04-13,26
SKU0082,2025-04-20,28
SKU0082,2025-04-27,18
SKU0082,2025-05-04,30
SKU0082,2025-05-11,21
SKU0082,2025-05-18,24
SKU0082,2025-05-25,19
SKU0082,2025-06-01,31
SKU0082,2025-06-08,39
SKU0082,2025-06-15,26
SKU0082,2025-06-22,20
SKU0082,2025-06-29,22
SKU0082,2025-07-06,26
SKU0082,2025-07-13,25
SKU0082,2025-07-20,31
SKU0082,2025-07-27,19
SKU0082,2025-08-03,28
SKU0082,2025-08-10,35
SKU0082,2025-08-17,18
SKU0082,2025-08-24,30
SKU0082,2025-08-31,30
SKU0082,2025-09-07,29
SKU0082,2025-09-14,31
SKU0082,2025-09-21,31
SKU0082,2025-09-28,33
SKU0082,2025-10-05,6
SKU0083,2025-01-26,9
SKU0083,2025-02-02,12
SKU0083,2025-02-09,11
SKU0083,2025-02-16,12
SKU0083,2025-02-23,7
SKU0083,2025-03-02,13
SKU0083,2025-03-09,7
SKU0083,2025-03-16,9
SKU0083,2025-03-23,10
SKU0083,2025-03-30,6
SKU0083,2025-04-06,8
SKU0083,2025-04-13,8
SKU0083,2025-04-20,6
SKU0083,2025-04-27,7
SKU0083,2025-05-04,8
SKU0083,2025-05-11,7
SKU0083,2025-05-18,12
SKU0083,2025-05-25,8
SKU0083,2025-06-01,12
SKU0083,2025-06-08,12
SKU0083,2025-06-15,6
SKU0083,2025-06-22,6
SKU0083,2025-06-29,4
SKU0083,2025-07-06,11
SKU0083,2025-07-13,4
SKU0083,2025-07-20,10
SKU0083,2025-07-27,14
SKU0083,2025-08-03,5
SKU0083,2025-08-10,8
SKU0083,2025-08-17,8
SKU0083,2025-08-24,7
SKU0083,2025-08-31,8
SKU0083,2025-09-07,16
SKU0083,2025-09-14,6
SKU0083,2025-09-21,12
SKU0083,2025-09-28,10
SKU0083,2025-10-05,1
SKU0084,2024-01-07,10
SKU0084,2024-01-14,3
SKU0084,2024-01-21,4
SKU0084,2024-01-28,9
SKU0084,2024-02-04,8
SKU0084,2024-02-11,7
SKU0084,2024-02-18,10
SKU0084,2024-02-25,7
SKU0084,2024-03-03,6
SKU0084,2024-03-10,6
SKU0084,2024-03-17,5
SKU0084,2024-03-24,9
SKU0084,2024-03-31,9
SKU0084,2024-04-07,7
SKU0084,2024-04-14,5
SKU0084,2024-04-21,3
SKU0084,2024-04-28,5
SKU0084,2024-05-05,2
SKU0084,2024-05-12,4
SKU0084,2024-05-19,2
SKU0084,2024-05-26,6
SKU0084,2024-06-02,12
SKU0084,2024-06-09,7
SKU0084,2024-06-16,10
SKU0084,2024-06-23,3
SKU0084,2024-06-30,4
SKU0084,2024-07-07,6
SKU0084,2024-07-14,4
SKU0084,2024-07-21,7
SKU0084,2024-07-28,7
SKU0084,2024-08-04,7
SKU0084,2024-08-11,8
SKU0084,2024-08-18,4
SKU0084,2024-08-25,7
SKU0084,2024-09-01,7
SKU0084,2024-09-08,7
SKU0084,2024-09-15,7
SKU0084,2024-09-22,8
SKU0084,2024-09-29,6
SKU0084,2024-10-06,5
SKU0084,2024-10-13,10
SKU0084,2024-10-20,12
SKU0084,2024-10-27,13
SKU0084,2024-11-03,9
SKU0084,2024-11-10,3
SKU0084,2024-11-17,7
SKU0084,2024-11-24,8
SKU0084,2024-12-01,8
SKU0084,2024-12-08,11
SKU0084,2024-12-15,8
SKU0084,2024-12-22,8
SKU0084,2024-12-29,7
SKU0084,2025-01-05,13
SKU0084,2025-01-12,7
SKU0084,2025-01-19,9
SKU0084,2025-01-26,8
SKU0084,2025-02-02,10
SKU0084,2025-02-09,7
SKU0084,2025-02-16,5
SKU0084,2025-02-23,10
SKU0084,2025-03-02,6
SKU0084,2025-03-09,6
SKU0084,2025-03-16,9
SKU0084,2025-03-23,4
SKU0084,2025-03-30,9
SKU0084,2025-04-06,1
SKU0084,2025-04-13,4
SKU0084,2025-04-20,4
SKU0084,2025-04-27,8
SKU0084,2025-05-04,3
SKU0084,2025-05-11,7
SKU0084,2025-05-18,9
SKU0084,2025-05-25,3
SKU0084,2025-06-01,10
SKU0084,2025-06-08,11
SKU0084,2025-06-15,4
SKU0084,2025-06-22,5
SKU0084,2025-06-29,3
SKU0084,2025-07-06,8
SKU0084,2025-07-13,4
SKU0084,2025-07-20,7
SKU0084,2025-07-27,5
SKU0084,2025-08-03,9
SKU0084,2025-08-10,7
SKU0084,2025-08-17,6
SKU0084,2025-08-24,7
SKU0084,2025-08-31,3
SKU0084,2025-09-07,5
SKU0084,2025-09-14,9
SKU0084,2025-09-21,7
SKU0084,2025-09-28,5
SKU0084,2025-10-05,3
SKU0085,2024-02-25,74
SKU0085,2024-03-03,68
SKU0085,2024-03-10,75
SKU0085,2024-03-17,66
SKU0085,2024-03-24,73
SKU0085,2024-03-31,65
SKU0085,2024-04-07,69
SKU0085,2024-04-14,81
SKU0085,2024-04-21,61
SKU0085,2024-04-28,68
SKU0085,2024-05-05,95
SKU0085,2024-05-12,88
SKU0085,2024-05-19,62
SKU0085,2024-05-26,82
SKU0085,2024-06-02,102
SKU0085,2024-06-09,87
SKU0085,2024-06-16,79
SKU0085,2024-06-23,75
SKU0085,2024-06-30,86
SKU0085,2024-07-07,60
SKU0085,2024-07-14,73
SKU0085,2024-07-21,93
SKU0085,2024-07-28,96
SKU0085,2024-08-04,111
SKU0085,2024-08-11,96
SKU0085,2024-08-18,79
SKU0085,2024-08-25,114
SKU0085,2024-09-01,100
SKU0085,2024-09-08,95
SKU0085,2024-09-15,113
SKU0085,2024-09-22,115
SKU0085,2024-09-29,119
SKU0085,2024-10-06,131
SKU0085,2024-10-13,97
SKU0085,2024-10-20,126
SKU0085,2024-10-27,225
SKU0085,2024-11-03,160
SKU0085,2024-11-10,136
SKU0085,2024-11-17,130
SKU0085,2024-11-24,160
SKU0085,2024-12-01,189
SKU0085,2024-12-08,145
SKU0085,2024-12-15,168
SKU0085,2024-12-22,157
SKU0085,2024-12-29,171
SKU0085,2025-01-05,149
SKU0085,2025-01-12,147
SKU0085,2025-01-19,214
SKU0085,2025-01-26,147
SKU0085,2025-02-02,137
SKU0085,2025-02-09,155
SKU0085,2025-02-16,140
SKU0085,2025-02-23,160
SKU0085,2025-03-02,148
SKU0085,2025-03-09,153
SKU0085,2025-03-16,130
SKU0085,2025-03-23,167
SKU0085,2025-03-30,151
SKU0085,2025-04-06,156
SKU0085,2025-04-13,129
SKU0085,2025-04-20,140
SKU0085,2025-04-27,128
SKU0085,2025-05-04,135
SKU0085,2025-05-11,144
SKU0085,2025-05-18,146
SKU0085,2025-05-25,146
SKU0085,2025-06-01,151
SKU0085,2025-06-08,181
SKU0085,2025-06-15,138
SKU0085,2025-06-22,131
SKU0085,2025-06-29,119
SKU0085,2025-07-06,142
SKU0085,2025-07-13,144
SKU0085,2025-07-20,147
SKU0085,2025-07-27,160
SKU0085,2025-08-03,150
SKU0085,2025-08-10,134
SKU0085,2025-08-17,156
SKU0085,2025-08-24,167
SKU0085,2025-08-31,151
SKU0085,2025-09-07,212
SKU0085,2025-09-14,194
SKU0085,2025-09-21,170
SKU0085,2025-09-28,191
SKU0085,2025-10-05,61
SKU0086,2024-01-07,8
SKU0086,2024-01-14,18
SKU0086,2024-01-21,15
SKU0086,2024-01-28,10
SKU0086,2024-02-04,17
SKU0086,2024-02-11,13
SKU0086,2024-02-18,14
SKU0086,2024-02-25,18
SKU0086,2024-03-03,16
SKU0086,2024-03-10,12
SKU0086,2024-03-17,9
SKU0086,2024-03-24,13
SKU0086,2024-03-31,14
SKU0086,2024-04-07,18
SKU0086,2024-04-14,8
SKU0086,2024-04-21,8
SKU0086,2024-04-28,20
SKU0086,2024-05-05,13
SKU0086,2024-05-12,14
SKU0086,2024-05-19,9
SKU0086,2024-05-26,13
SKU0086,2024-06-02,17
SKU0086,2024-06-09,17
SKU0086,2024-06-16,13
SKU0086,2024-06-23,10
SKU0086,2024-06-30,9
SKU0086,2024-07-07,12
SKU0086,2024-07-14,8
SKU0086,2024-07-21,22
SKU0086,2024-07-28,7
SKU0086,2024-08-04,21
SKU0086,2024-08-11,19
SKU0086,2024-08-18,17
SKU0086,2024-08-25,16
SKU0086,2024-09-01,23
SKU0086,2024-09-08,16
SKU0086,2024-09-15,25
SKU0086,2024-09-22,17
SKU0086,2024-09-29,26
SKU0086,2024-10-06,26
SKU0086,2024-10-13,19
SKU0086,2024-10-20,27
SKU0086,2024-10-27,31
SKU0086,2024-11-03,34
SKU0086,2024-11-10,29
SKU0086,2024-11-17,24
SKU0086,2024-11-24,32
SKU0086,2024-12-01,43
SKU0086,2024-12-08,38
SKU0086,2024-12-15,34
SKU0086,2024-12-22,22
SKU0086,2024-12-29,42
SKU0086,2025-01-05,52
SKU0086,2025-01-12,40
SKU0086,2025-01-19,45
SKU0086,2025-01-26,26
SKU0086,2025-02-02,28
SKU0086,2025-02-09,29
SKU0086,2025-02-16,23
SKU0086,2025-02-23,26
SKU0086,2025-03-02,29
SKU0086,2025-03-09,33
SKU0086,2025-03-16,23
SKU0086,2025-03-23,28
SKU0086,2025-03-30,24
SKU0086,2025-04-06,22
SKU0086,2025-04-13,24
SKU0086,2025-04-20,25
SKU0086,2025-04-27,20
SKU0086,2025-05-04,21
SKU0086,2025-05-11,21
SKU0086,2025-05-18,19
SKU0086,2025-05-25,35
SKU0086,2025-06-01,27
SKU0086,2025-06-08,30
SKU0086,2025-06-15,20
SKU0086,2025-06-22,32
SKU0086,2025-06-29,23
SKU0086,2025-07-06,19
SKU0086,2025-07-13,21
SKU0086,2025-07-20,29
SKU0086,2025-07-27,22
SKU0086,2025-08-03,29
SKU0086,2025-08-10,32
SKU0086,2025-08-17,27
SKU0086,2025-08-24,37
SKU0086,2025-08-31,22
SKU0086,2025-09-07,21
SKU0086,2025-09-14,35
SKU0086,2025-09-21,40
SKU0086,2025-09-28,31
SKU0086,2025-10-05,8
SKU0087,2024-01-07,46
SKU0087,2024-01-14,52
SKU0087,2024-01-21,48
SKU0087,2024-01-28,39
SKU0087,2024-02-04,38
SKU0087,2024-02-11,42
SKU0087,2024-02-18,22
SKU0087,2024-02-25,38
SKU0087,2024-03-03,37
SKU0087,2024-03-10,35
SKU0087,2024-03-17,27
SKU0087,2024-03-24,37
SKU0087,2024-03-31,18
SKU0087,2024-04-07,23
SKU0087,2024-04-14,15
SKU0087,2024-04-21,26
SKU0087,2024-04-28,29
SKU0087,2024-05-05,26
SKU0087,2024-05-12,18
SKU0087,2024-05-19,24
SKU0087,2024-05-26,16
SKU0087,2024-06-02,28
SKU0087,2024-06-09,19
SKU0087,2024-06-16,13
SKU0087,2024-06-23,22
SKU0087,2024-06-30,23
SKU0087,2024-07-07,17
SKU0087,2024-07-14,18
SKU0087,2024-07-21,20
SKU0087,2024-07-28,12
SKU0087,2024-08-04,15
SKU0087,2024-08-11,19
SKU0087,2024-08-18,22
SKU0087,2024-08-25,19
SKU0087,2024-09-01,22
SKU0087,2024-09-08,17
SKU0087,2024-09-15,17
SKU0087,2024-09-22,22
SKU0087,2024-09-29,26
SKU0087,2024-10-06,24
SKU0087,2024-10-13,28
SKU0087,2024-10-20,34
SKU0087,2024-10-27,41
SKU0087,2024-11-03,30
SKU0087,2024-11-10,24
SKU0087,2024-11-17,34
SKU0087,2024-11-24,23
SKU0087,2024-12-01,37
SKU0087,2024-12-08,29
SKU0087,2024-12-15,25
SKU0087,2024-12-22,23
SKU0087,2024-12-29,28
SKU0087,2025-01-05,31
SKU0087,2025-01-12,28
SKU0087,2025-01-19,26
SKU0087,2025-01-26,28
SKU0087,2025-02-02,21
SKU0087,2025-02-09,18
SKU0087,2025-02-16,23
SKU0087,2025-02-23,20
SKU0087,2025-03-02,18
SKU0087,2025-03-09,23
SKU0087,2025-03-16,22
SKU0087,2025-03-23,25
SKU0087,2025-03-30,13
SKU0087,2025-04-06,20
SKU0087,2025-04-13,12
SKU0087,2025-04-20,15
SKU0087,2025-04-27,10
SKU0087,2025-05-04,15
SKU0087,2025-05-11,12
SKU0087,2025-05-18,14
SKU0087,2025-05-25,12
SKU0087,2025-06-01,16
SKU0087,2025-06-08,13
SKU0087,2025-06-15,18
SKU0087,2025-06-22,12
SKU0087,2025-06-29,11
SKU0087,2025-07-06,11
SKU0087,2025-07-13,8
SKU0087,2025-07-20,8
SKU0087,2025-07-27,10
SKU0087,2025-08-03,14
SKU0087,2025-08-10,15
SKU0087,2025-08-17,11
SKU0087,2025-08-24,7
SKU0087,2025-08-31,3
SKU0087,2025-09-07,7
SKU0087,2025-09-14,13
SKU0087,2025-09-21,7
SKU0087,2025-09-28,11
SKU0087,2025-10-05,5
SKU0088,2024-01-07,102
SKU0088,2024-01-14,120
SKU0088,2024-01-21,145
SKU0088,2024-01-28,109
SKU0088,2024-02-04,87
SKU0088,2024-02-11,116
SKU0088,2024-02-18,103
SKU0088,2024-02-25,113
SKU0088,2024-03-03,128
SKU0088,2024-03-10,117
SKU0088,2024-03-17,93
SKU0088,2024-03-24,93
SKU0088,2024-03-31,97
SKU0088,2024-04-07,99
SKU0088,2024-04-14,87
SKU0088,2024-04-21,89
SKU0088,2024-04-28,96
SKU0088,2024-05-05,95
SKU0088,2024-05-12,91
SKU0088,2024-05-19,83
SKU0088,2024-05-26,88
SKU0088,2024-06-02,126
SKU0088,2024-06-09,115
SKU0088,2024-06-16,87
SKU0088,2024-06-23,94
SKU0088,2024-06-30,89
SKU0088,2024-07-07,86
SKU0088,2024-07-14,101
SKU0088,2024-07-21,97
SKU0088,2024-07-28,90
SKU0088,2024-08-04,90
SKU0088,2024-08-11,101
SKU0088,2024-08-18,130
SKU0088,2024-08-25,132
SKU0088,2024-09-01,122
SKU0088,2024-09-08,120
SKU0088,2024-09-15,140
SKU0088,2024-09-22,132
SKU0088,2024-09-29,166
SKU0088,2024-10-06,169
SKU0088,2024-10-13,130
SKU0088,2024-10-20,191
SKU0088,2024-10-27,264
SKU0088,2024-11-03,175
SKU0088,2024-11-10,193
SKU0088,2024-11-17,196
SKU0088,2024-11-24,196
SKU0088,2024-12-01,267
SKU0088,2024-12-08,208
SKU0088,2024-12-15,206
SKU0088,2024-12-22,201
SKU0088,2024-12-29,239
SKU0088,2025-01-05,218
SKU0088,2025-01-12,197
SKU0088,2025-01-19,311
SKU0088,2025-01-26,225
SKU0088,2025-02-02,221
SKU0088,2025-02-09,236
SKU0088,2025-02-16,175
SKU0088,2025-02-23,202
SKU0088,2025-03-02,182
SKU0088,2025-03-09,200
SKU0088,2025-03-16,203
SKU0088,2025-03-23,197
SKU0088,2025-03-30,160
SKU0088,2025-04-06,173
SKU0088,2025-04-13,176
SKU0088,2025-04-20,156
SKU0088,2025-04-27,151
SKU0088,2025-05-04,143
SKU0088,2025-05-11,164
SKU0088,2025-05-18,163
SKU0088,2025-05-25,157
SKU0088,2025-06-01,148
SKU0088,2025-06-08,197
SKU0088,2025-06-15,171
SKU0088,2025-06-22,147
SKU0088,2025-06-29,159
SKU0088,2025-07-06,165
SKU0088,2025-07-13,150
SKU0088,2025-07-20,149
SKU0088,2025-07-27,156
SKU0088,2025-08-03,143
SKU0088,2025-08-10,201
SKU0088,2025-08-17,197
SKU0088,2025-08-24,199
SKU0088,2025-08-31,200
SKU0088,2025-09-07,193
SKU0088,2025-09-14,194
SKU0088,2025-09-21,235
SKU0088,2025-09-28,242
SKU0088,2025-10-05,76
SKU0089,2024-01-07,55
SKU0089,2024-01-14,76
SKU0089,2024-01-21,64
SKU0089,2024-01-28,56
SKU0089,2024-02-04,49
SKU0089,2024-02-11,54
SKU0089,2024-02-18,41
SKU0089,2024-02-25,43
SKU0089,2024-03-03,49
SKU0089,2024-03-10,39
SKU0089,2024-03-17,42
SKU0089,2024-03-24,48
SKU0089,2024-03-31,34
SKU0089,2024-04-07,40
SKU0089,2024-04-14,34
SKU0089,2024-04-21,39
SKU0089,2024-04-28,39
SKU0089,2024-05-05,35
SKU0089,2024-05-12,40
SKU0089,2024-05-19,29
SKU0089,2024-05-26,30
SKU0089,2024-06-02,34
SKU0089,2024-06-09,30
SKU0089,2024-06-16,32
SKU0089,2024-06-23,29
SKU0089,2024-06-30,36
SKU0089,2024-07-07,38
SKU0089,2024-07-14,33
SKU0089,2024-07-21,29
SKU0089,2024-07-28,29
SKU0089,2024-08-04,31
SKU0089,2024-08-11,28
SKU0089,2024-08-18,31
SKU0089,2024-08-25,31
SKU0089,2024-09-01,21
SKU0089,2024-09-08,39
SKU0089,2024-09-15,34
SKU0089,2024-09-22,24
SKU0089,2024-09-29,23
SKU0089,2024-10-06,22
SKU0089,2024-10-13,33
SKU0089,2024-10-20,25
SKU0089,2024-10-27,44
SKU0089,2024-11-03,38
SKU0089,2024-11-10,30
SKU0089,2024-11-17,31
SKU0089,2024-11-24,48
SKU0089,2024-12-01,33
SKU0089,2024-12-08,33
SKU0089,2024-12-15,31
SKU0089,2024-12-22,38
SKU0089,2024-12-29,28
SKU0089,2025-01-05,26
SKU0089,2025-01-12,24
SKU0089,2025-01-19,36
SKU0089,2025-01-26,22
SKU0089,2025-02-02,27
SKU0089,2025-02-09,25
SKU0089,2025-02-16,30
SKU0089,2025-02-23,19
SKU0089,2025-03-02,19
SKU0089,2025-03-09,17
SKU0089,2025-03-16,17
SKU0089,2025-03-23,15
SKU0089,2025-03-30,16
SKU0089,2025-04-06,14
SKU0089,2025-04-13,11
SKU0089,2025-04-20,9
SKU0089,2025-04-27,24
SKU0089,2025-05-04,15
SKU0089,2025-05-11,11
SKU0089,2025-05-18,9
SKU0089,2025-05-25,8
SKU0089,2025-06-01,13
SKU0089,2025-06-08,14
SKU0089,2025-06-15,12
SKU0089,2025-06-22,10
SKU0089,2025-06-29,18
SKU0089,2025-07-06,5
SKU0089,2025-07-13,9
SKU0089,2025-07-20,9
SKU0089,2025-07-27,5
SKU0089,2025-08-03,12
SKU0089,2025-08-10,8
SKU0089,2025-08-17,11
SKU0089,2025-08-24,4
SKU0089,2025-08-31,6
SKU0089,2025-09-07,5
SKU0089,2025-09-14,4
SKU0089,2025-09-21,8
SKU0089,2025-09-28,14
SKU0089,2025-10-05,2
SKU0090,2024-01-07,150
SKU0090,2024-01-14,164
SKU0090,2024-01-21,176
SKU0090,2024-01-28,138
SKU0090,2024-02-04,139
SKU0090,2024-02-11,144
SKU0090,2024-02-18,142
SKU0090,2024-02-25,154
SKU0090,2024-03-03,141
SKU0090,2024-03-10,143
SKU0090,2024-03-17,136
SKU0090,2024-03-24,108
SKU0090,2024-03-31,134
SKU0090,2024-04-07,118
SKU0090,2024-04-14,124
SKU0090,2024-04-21,97
SKU0090,2024-04-28,118
SKU0090,2024-05-05,97
SKU0090,2024-05-12,102
SKU0090,2024-05-19,119
SKU0090,2024-05-26,108
SKU0090,2024-06-02,140
SKU0090,2024-06-09,156
SKU0090,2024-06-16,100
SKU0090,2024-06-23,116
SKU0090,2024-06-30,124
SKU0090,2024-07-07,123
SKU0090,2024-07-14,122
SKU0090,2024-07-21,149
SKU0090,2024-07-28,114
SKU0090,2024-08-04,141
SKU0090,2024-08-11,142
SKU0090,2024-08-18,140
SKU0090,2024-08-25,167
SKU0090,2024-09-01,173
SKU0090,2024-09-08,185
SKU0090,2024-09-15,185
SKU0090,2024-09-22,230
SKU0090,2024-09-29,223
SKU0090,2024-10-06,208
SKU0090,2024-10-13,241
SKU0090,2024-10-20,260
SKU0090,2024-10-27,386
SKU0090,2024-11-03,262
SKU0090,2024-11-10,293
SKU0090,2024-11-17,269
SKU0090,2024-11-24,301
SKU0090,2024-12-01,425
SKU0090,2024-12-08,289
SKU0090,2024-12-15,296
SKU0090,2024-12-22,298
SKU0090,2024-12-29,320
SKU0090,2025-01-05,294
SKU0090,2025-01-12,312
SKU0090,2025-01-19,455
SKU0090,2025-01-26,307
SKU0090,2025-02-02,309
SKU0090,2025-02-09,286
SKU0090,2025-02-16,275
SKU0090,2025-02-23,284
SKU0090,2025-03-02,261
SKU0090,2025-03-09,277
SKU0090,2025-03-16,310
SKU0090,2025-03-23,262
SKU0090,2025-03-30,282
SKU0090,2025-04-06,247
SKU0090,2025-04-13,232
SKU0090,2025-04-20,232
SKU0090,2025-04-27,221
SKU0090,2025-05-04,220
SKU0090,2025-05-11,248
SKU0090,2025-05-18,196
SKU0090,2025-05-25,199
SKU0090,2025-06-01,237
SKU0090,2025-06-08,280
SKU0090,2025-06-15,204
SKU0090,2025-06-22,220
SKU0090,2025-06-29,201
SKU0090,2025-07-06,229
SKU0090,2025-07-13,208
SKU0090,2025-07-20,228
SKU0090,2025-07-27,223
SKU0090,2025-08-03,265
SKU0090,2025-08-10,266
SKU0090,2025-08-17,241
SKU0090,2025-08-24,306
SKU0090,2025-08-31,298
SKU0090,2025-09-07,305
SKU0090,2025-09-14,341
SKU0090,2025-09-21,323
SKU0090,2025-09-28,357
SKU0090,2025-10-05,106
SKU0091,2024-01-07,3
SKU0091,2024-01-14,0
SKU0091,2024-01-21,3
SKU0091,2024-01-28,4
SKU0091,2024-02-04,3
SKU0091,2024-02-11,6
SKU0091,2024-02-18,2
SKU0091,2024-02-25,4
SKU0091,2024-03-03,4
SKU0091,2024-03-10,3
SKU0091,2024-03-17,4
SKU0091,2024-03-24,3
SKU0091,2024-03-31,5
SKU0091,2024-04-07,4
SKU0091,2024-04-14,0
SKU0091,2024-04-21,4
SKU0091,2024-04-28,1
SKU0091,2024-05-05,8
SKU0091,2024-05-12,1
SKU0091,2024-05-19,8
SKU0091,2024-05-26,4
SKU0091,2024-06-02,2
SKU0091,2024-06-09,6
SKU0091,2024-06-16,1
SKU0091,2024-06-23,3
SKU0091,2024-06-30,5
SKU0091,2024-07-07,7
SKU0091,2024-07-14,6
SKU0091,2024-07-21,3
SKU0091,2024-07-28,4
SKU0091,2024-08-04,4
SKU0091,2024-08-11,5
SKU0091,2024-08-18,5
SKU0091,2024-08-25,6
SKU0091,2024-09-01,3
SKU0091,2024-09-08,8
SKU0091,2024-09-15,5
SKU0091,2024-09-22,2
SKU0091,2024-09-29,5
SKU0091,2024-10-06,10
SKU0091,2024-10-13,10
SKU0091,2024-10-20,9
SKU0091,2024-10-27,10
SKU0091,2024-11-03,15
SKU0091,2024-11-10,14
SKU0091,2024-11-17,12
SKU0091,2024-11-24,7
SKU0091,2024-12-01,6
SKU0091,2024-12-08,12
SKU0091,2024-12-15,4
SKU0091,2024-12-22,9
SKU0091,2024-12-29,11
SKU0091,2025-01-05,9
SKU0091,2025-01-12,7
SKU0091,2025-01-19,22
SKU0091,2025-01-26,5
SKU0091,2025-02-02,11
SKU0091,2025-02-09,7
SKU0091,2025-02-16,6
SKU0091,2025-02-23,5
SKU0091,2025-03-02,6
SKU0091,2025-03-09,10
SKU0091,2025-03-16,5
SKU0091,2025-03-23,6
SKU0091,2025-03-30,8
SKU0091,2025-04-06,4
SKU0091,2025-04-13,5
SKU0091,2025-04-20,7
SKU0091,2025-04-27,7
SKU0091,2025-05-04,11
SKU0091,2025-05-11,2
SKU0091,2025-05-18,10
SKU0091,2025-05-25,6
SKU0091,2025-06-01,7
SKU0091,2025-06-08,8
SKU0091,2025-06-15,8
SKU0091,2025-06-22,11
SKU0091,2025-06-29,7
SKU0091,2025-07-06,7
SKU0091,2025-07-13,7
SKU0091,2025-07-20,4
SKU0091,2025-07-27,4
SKU0091,2025-08-03,8
SKU0091,2025-08-10,7
SKU0091,2025-08-17,9
SKU0091,2025-08-24,15
SKU0091,2025-08-31,9
SKU0091,2025-09-07,6
SKU0091,2025-09-14,18
SKU0091,2025-09-21,19
SKU0091,2025-09-28,15
SKU0091,2025-10-05,5
SKU0092,2024-01-07,75
SKU0092,2024-01-14,91
SKU0092,2024-01-21,129
SKU0092,2024-01-28,91
SKU0092,2024-02-04,82
SKU0092,2024-02-11,85
SKU0092,2024-02-18,94
SKU0092,2024-02-25,99
SKU0092,2024-03-03,84
SKU0092,2024-03-10,81
SKU0092,2024-03-17,98
SKU0092,2024-03-24,83
SKU0092,2024-03-31,96
SKU0092,2024-04-07,99
SKU0092,2024-04-14,78
SKU0092,2024-04-21,106
SKU0092,2024-04-28,113
SKU0092,2024-05-05,91
SKU0092,2024-05-12,84
SKU0092,2024-05-19,115
SKU0092,2024-05-26,86
SKU0092,2024-06-02,124
SKU0092,2024-06-09,120
SKU0092,2024-06-16,95
SKU0092,2024-06-23,92
SKU0092,2024-06-30,79
SKU0092,2024-07-07,100
SKU0092,2024-07-14,97
SKU0092,2024-07-21,110
SKU0092,2024-07-28,107
SKU0092,2024-08-04,98
SKU0092,2024-08-11,113
SKU0092,2024-08-18,121
SKU0092,2024-08-25,111
SKU0092,2024-09-01,109
SKU0092,2024-09-08,124
SKU0092,2024-09-15,140
SKU0092,2024-09-22,153
SKU0092,2024-09-29,142
SKU0092,2024-10-06,148
SKU0092,2024-10-13,151
SKU0092,2024-10-20,183
SKU0092,2024-10-27,271
SKU0092,2024-11-03,185
SKU0092,2024-11-10,179
SKU0092,2024-11-17,175
SKU0092,2024-11-24,185
SKU0092,2024-12-01,266
SKU0092,2024-12-08,183
SKU0092,2024-12-15,194
SKU0092,2024-12-22,187
SKU0092,2024-12-29,192
SKU0092,2025-01-05,179
SKU0092,2025-01-12,207
SKU0092,2025-01-19,296
SKU0092,2025-01-26,198
SKU0092,2025-02-02,184
SKU0092,2025-02-09,198
SKU0092,2025-02-16,181
SKU0092,2025-02-23,211
SKU0092,2025-03-02,195
SKU0092,2025-03-09,205
SKU0092,2025-03-16,191
SKU0092,2025-03-23,193
SKU0092,2025-03-30,199
SKU0092,2025-04-06,188
SKU0092,2025-04-13,198
SKU0092,2025-04-20,172
SKU0092,2025-04-27,133
SKU0092,2025-05-04,156
SKU0092,2025-05-11,169
SKU0092,2025-05-18,164
SKU0092,2025-05-25,151
SKU0092,2025-06-01,215
SKU0092,2025-06-08,217
SKU0092,2025-06-15,161
SKU0092,2025-06-22,166
SKU0092,2025-06-29,169
SKU0092,2025-07-06,175
SKU0092,2025-07-13,167
SKU0092,2025-07-20,170
SKU0092,2025-07-27,148
SKU0092,2025-08-03,156
SKU0092,2025-08-10,183
SKU0092,2025-08-17,181
SKU0092,2025-08-24,212
SKU0092,2025-08-31,201
SKU0092,2025-09-07,212
SKU0092,2025-09-14,248
SKU0092,2025-09-21,217
SKU0092,2025-09-28,243
SKU0092,2025-10-05,58
SKU0093,2024-01-07,112
SKU0093,2024-01-14,127
SKU0093,2024-01-21,160
SKU0093,2024-01-28,118
SKU0093,2024-02-04,150
SKU0093,2024-02-11,132
SKU0093,2024-02-18,141
SKU0093,2024-02-25,131
SKU0093,2024-03-03,142
SKU0093,2024-03-10,145
SKU0093,2024-03-17,151
SKU0093,2024-03-24,136
SKU0093,2024-03-31,143
SKU0093,2024-04-07,119
SKU0093,2024-04-14,130
SKU0093,2024-04-21,125
SKU0093,2024-04-28,130
SKU0093,2024-05-05,122
SKU0093,2024-05-12,151
SKU0093,2024-05-19,155
SKU0093,2024-05-26,127
SKU0093,2024-06-02,195
SKU0093,2024-06-09,177
SKU0093,2024-06-16,159
SKU0093,2024-06-23,163
SKU0093,2024-06-30,136
SKU0093,2024-07-07,181
SKU0093,2024-07-14,156
SKU0093,2024-07-21,155
SKU0093,2024-07-28,160
SKU0093,2024-08-04,172
SKU0093,2024-08-11,163
SKU0093,2024-08-18,182
SKU0093,2024-08-25,169
SKU0093,2024-09-01,194
SKU0093,2024-09-08,185
SKU0093,2024-09-15,207
SKU0093,2024-09-22,196
SKU0093,2024-09-29,191
SKU0093,2024-10-06,188
SKU0093,2024-10-13,229
SKU0093,2024-10-20,247
SKU0093,2024-10-27,316
SKU0093,2024-11-03,228
SKU0093,2024-11-10,216
SKU0093,2024-11-17,229
SKU0093,2024-11-24,274
SKU0093,2024-12-01,352
SKU0093,2024-12-08,234
SKU0093,2024-12-15,230
SKU0093,2024-12-22,261
SKU0093,2024-12-29,249
SKU0093,2025-01-05,271
SKU0093,2025-01-12,243
SKU0093,2025-01-19,384
SKU0093,2025-01-26,267
SKU0093,2025-02-02,259
SKU0093,2025-02-09,215
SKU0093,2025-02-16,269
SKU0093,2025-02-23,260
SKU0093,2025-03-02,264
SKU0093,2025-03-09,282
SKU0093,2025-03-16,244
SKU0093,2025-03-23,265
SKU0093,2025-03-30,271
SKU0093,2025-04-06,250
SKU0093,2025-04-13,271
SKU0093,2025-04-20,268
SKU0093,2025-04-27,239
SKU0093,2025-05-04,248
SKU0093,2025-05-11,256
SKU0093,2025-05-18,255
SKU0093,2025-05-25,247
SKU0093,2025-06-01,274
SKU0093,2025-06-08,337
SKU0093,2025-06-15,231
SKU0093,2025-06-22,243
SKU0093,2025-06-29,255
SKU0093,2025-07-06,243
SKU0093,2025-07-13,271
SKU0093,2025-07-20,261
SKU0093,2025-07-27,257
SKU0093,2025-08-03,268
SKU0093,2025-08-10,283
SKU0093,2025-08-17,287
SKU0093,2025-08-24,294
SKU0093,2025-08-31,277
SKU0093,2025-09-07,295
SKU0093,2025-09-14,296
SKU0093,2025-09-21,320
SKU0093,2025-09-28,313
SKU0093,2025-10-05,84
SKU0094,2024-01-07,29
SKU0094,2024-01-14,20
SKU0094,2024-01-21,25
SKU0094,2024-01-28,19
SKU0094,2024-02-04,19
SKU0094,2024-02-11,11
SKU0094,2024-02-18,13
SKU0094,2024-02-25,21
SKU0094,2024-03-03,17
SKU0094,2024-03-10,19
SKU0094,2024-03-17,21
SKU0094,2024-03-24,19
SKU0094,2024-03-31,13
SKU0094,2024-04-07,14
SKU0094,2024-04-14,11
SKU0094,2024-04-21,19
SKU0094,2024-04-28,15
SKU0094,2024-05-05,12
SKU0094,2024-05-12,11
SKU0094,2024-05-19,16
SKU0094,2024-05-26,17
SKU0094,2024-06-02,18
SKU0094,2024-06-09,13
SKU0094,2024-06-16,13
SKU0094,2024-06-23,15
SKU0094,2024-06-30,14
SKU0094,2024-07-07,11
SKU0094,2024-07-14,20
SKU0094,2024-07-21,12
SKU0094,2024-07-28,18
SKU0094,2024-08-04,13
SKU0094,2024-08-11,20
SKU0094,2024-08-18,20
SKU0094,2024-08-25,12
SKU0094,2024-09-01,26
SKU0094,2024-09-08,16
SKU0094,2024-09-15,20
SKU0094,2024-09-22,24
SKU0094,2024-09-29,22
SKU0094,2024-10-06,31
SKU0094,2024-10-13,20
SKU0094,2024-10-20,26
SKU0094,2024-10-27,29
SKU0094,2024-11-03,30
SKU0094,2024-11-10,19
SKU0094,2024-11-17,20
SKU0094,2024-11-24,30
SKU0094,2024-12-01,43
SKU0094,2024-12-08,30
SKU0094,2024-12-15,36
SKU0094,2024-12-22,19
SKU0094,2024-12-29,21
SKU0094,2025-01-05,26
SKU0094,2025-01-12,32
SKU0094,2025-01-19,42
SKU0094,2025-01-26,28
SKU0094,2025-02-02,25
SKU0094,2025-02-09,32
SKU0094,2025-02-16,28
SKU0094,2025-02-23,26
SKU0094,2025-03-02,14
SKU0094,2025-03-09,28
SKU0094,2025-03-16,21
SKU0094,2025-03-23,33
SKU0094,2025-03-30,26
SKU0094,2025-04-06,25
SKU0094,2025-04-13,21
SKU0094,2025-04-20,30
SKU0094,2025-04-27,29
SKU0094,2025-05-04,14
SKU0094,2025-05-11,20
SKU0094,2025-05-18,16
SKU0094,2025-05-25,16
SKU0094,2025-06-01,26
SKU0094,2025-06-08,28
SKU0094,2025-06-15,21
SKU0094,2025-06-22,13
SKU0094,2025-06-29,23
SKU0094,2025-07-06,22
SKU0094,2025-07-13,21
SKU0094,2025-07-20,12
SKU0094,2025-07-27,14
SKU0094,2025-08-03,13
SKU0094,2025-08-10,20
SKU0094,2025-08-17,17
SKU0094,2025-08-24,20
SKU0094,2025-08-31,30
SKU0094,2025-09-07,14
SKU0094,2025-09-14,25
SKU0094,2025-09-21,25
SKU0094,2025-09-28,32
SKU0094,2025-10-05,8
SKU0095,2024-10-20,63
SKU0095,2024-10-27,157
SKU0095,2024-11-03,92
SKU0095,2024-11-10,95
SKU0095,2024-11-17,107
SKU0095,2024-11-24,114
SKU0095,2024-12-01,132
SKU0095,2024-12-08,102
SKU0095,2024-12-15,107
SKU0095,2024-12-22,101
SKU0095,2024-12-29,108
SKU0095,2025-01-05,97
SKU0095,2025-01-12,116
SKU0095,2025-01-19,151
SKU0095,2025-01-26,114
SKU0095,2025-02-02,101
SKU0095,2025-02-09,105
SKU0095,2025-02-16,95
SKU0095,2025-02-23,118
SKU0095,2025-03-02,112
SKU0095,2025-03-09,116
SKU0095,2025-03-16,116
SKU0095,2025-03-23,109
SKU0095,2025-03-30,100
SKU0095,2025-04-06,104
SKU0095,2025-04-13,103
SKU0095,2025-04-20,92
SKU0095,2025-04-27,89
SKU0095,2025-05-04,103
SKU0095,2025-05-11,105
SKU0095,2025-05-18,92
SKU0095,2025-05-25,93
SKU0095,2025-06-01,130
SKU0095,2025-06-08,143
SKU0095,2025-06-15,107
SKU0095,2025-06-22,109
SKU0095,2025-06-29,94
SKU0095,2025-07-06,96
SKU0095,2025-07-13,110
SKU0095,2025-07-20,115
SKU0095,2025-07-27,105
SKU0095,2025-08-03,121
SKU0095,2025-08-10,116
SKU0095,2025-08-17,120
SKU0095,2025-08-24,120
SKU0095,2025-08-31,131
SKU0095,2025-09-07,127
SKU0095,2025-09-14,132
SKU0095,2025-09-21,125
SKU0095,2025-09-28,135
SKU0095,2025-10-05,45
SKU0096,2024-01-07,103
SKU0096,2024-01-14,148
SKU0096,2024-01-21,188
SKU0096,2024-01-28,125
SKU0096,2024-02-04,135
SKU0096,2024-02-11,135
SKU0096,2024-02-18,116
SKU0096,2024-02-25,122
SKU0096,2024-03-03,119
SKU0096,2024-03-10,101
SKU0096,2024-03-17,113
SKU0096,2024-03-24,93
SKU0096,2024-03-31,130
SKU0096,2024-04-07,85
SKU0096,2024-04-14,118
SKU0096,2024-04-21,99
SKU0096,2024-04-28,95
SKU0096,2024-05-05,98
SKU0096,2024-05-12,99
SKU0096,2024-05-19,89
SKU0096,2024-05-26,95
SKU0096,2024-06-02,121
SKU0096,2024-06-09,120
SKU0096,2024-06-16,89
SKU0096,2024-06-23,101
SKU0096,2024-06-30,93
SKU0096,2024-07-07,112
SKU0096,2024-07-14,104
SKU0096,2024-07-21,98
SKU0096,2024-07-28,116
SKU0096,2024-08-04,100
SKU0096,2024-08-11,110
SKU0096,2024-08-18,128
SKU0096,2024-08-25,121
SKU0096,2024-09-01,118
SKU0096,2024-09-08,125
SKU0096,2024-09-15,124
SKU0096,2024-09-22,151
SKU0096,2024-09-29,143
SKU0096,2024-10-06,147
SKU0096,2024-10-13,172
SKU0096,2024-10-20,198
SKU0096,2024-10-27,257
SKU0096,2024-11-03,185
SKU0096,2024-11-10,189
SKU0096,2024-11-17,187
SKU0096,2024-11-24,236
SKU0096,2024-12-01,272
SKU0096,2024-12-08,185
SKU0096,2024-12-15,230
SKU0096,2024-12-22,184
SKU0096,2024-12-29,196
SKU0096,2025-01-05,205
SKU0096,2025-01-12,187
SKU0096,2025-01-19,311
SKU0096,2025-01-26,179
SKU0096,2025-02-02,206
SKU0096,2025-02-09,176
SKU0096,2025-02-16,178
SKU0096,2025-02-23,201
SKU0096,2025-03-02,175
SKU0096,2025-03-09,177
SKU0096,2025-03-16,171
SKU0096,2025-03-23,166
SKU0096,2025-03-30,168
SKU0096,2025-04-06,172
SKU0096,2025-04-13,155
SKU0096,2025-04-20,161
SKU0096,2025-04-27,136
SKU0096,2025-05-04,148
SKU0096,2025-05-11,142
SKU0096,2025-05-18,135
SKU0096,2025-05-25,147
SKU0096,2025-06-01,159
SKU0096,2025-06-08,222
SKU0096,2025-06-15,150
SKU0096,2025-06-22,119
SKU0096,2025-06-29,131
SKU0096,2025-07-06,149
SKU0096,2025-07-13,127
SKU0096,2025-07-20,145
SKU0096,2025-07-27,174
SKU0096,2025-08-03,151
SKU0096,2025-08-10,149
SKU0096,2025-08-17,174
SKU0096,2025-08-24,180
SKU0096,2025-08-31,192
SKU0096,2025-09-07,205
SKU0096,2025-09-14,198
SKU0096,2025-09-21,237
SKU0096,2025-09-28,217
SKU0096,2025-10-05,60
SKU0097,2024-01-07,21
SKU0097,2024-01-14,17
SKU0097,2024-01-21,28
SKU0097,2024-01-28,20
SKU0097,2024-02-04,27
SKU0097,2024-02-11,19
SKU0097,2024-02-18,19
SKU0097,2024-02-25,23
SKU0097,2024-03-03,17
SKU0097,2024-03-10,17
SKU0097,2024-03-17,11
SKU0097,2024-03-24,12
SKU0097,2024-03-31,13
SKU0097,2024-04-07,10
SKU0097,2024-04-14,10
SKU0097,2024-04-21,14
SKU0097,2024-04-28,12
SKU0097,2024-05-05,12
SKU0097,2024-05-12,17
SKU0097,2024-05-19,9
SKU0097,2024-05-26,4
SKU0097,2024-06-02,13
SKU0097,2024-06-09,15
SKU0097,2024-06-16,13
SKU0097,2024-06-23,10
SKU0097,2024-06-30,6
SKU0097,2024-07-07,4
SKU0097,2024-07-14,13
SKU0097,2024-07-21,7
SKU0097,2024-07-28,7
SKU0097,2024-08-04,6
SKU0097,2024-08-11,11
SKU0097,2024-08-18,8
SKU0097,2024-08-25,11
SKU0097,2024-09-01,16
SKU0097,2024-09-08,14
SKU0097,2024-09-15,13
SKU0097,2024-09-22,18
SKU0097,2024-09-29,13
SKU0097,2024-10-06,16
SKU0097,2024-10-13,21
SKU0097,2024-10-20,18
SKU0097,2024-10-27,23
SKU0097,2024-11-03,20
SKU0097,2024-11-10,17
SKU0097,2024-11-17,26
SKU0097,2024-11-24,18
SKU0097,2024-12-01,18
SKU0097,2024-12-08,22
SKU0097,2024-12-15,24
SKU0097,2024-12-22,22
SKU0097,2024-12-29,16
SKU0097,2025-01-05,21
SKU0097,2025-01-12,27
SKU0097,2025-01-19,25
SKU0097,2025-01-26,21
SKU0097,2025-02-02,20
SKU0097,2025-02-09,24
SKU0097,2025-02-16,18
SKU0097,2025-02-23,21
SKU0097,2025-03-02,16
SKU0097,2025-03-09,21
SKU0097,2025-03-16,10
SKU0097,2025-03-23,14
SKU0097,2025-03-30,15
SKU0097,2025-04-06,9
SKU0097,2025-04-13,14
SKU0097,2025-04-20,10
SKU0097,2025-04-27,11
SKU0097,2025-05-04,11
SKU0097,2025-05-11,9
SKU0097,2025-05-18,7
SKU0097,2025-05-25,4
SKU0097,2025-06-01,8
SKU0097,2025-06-08,20
SKU0097,2025-06-15,9
SKU0097,2025-06-22,7
SKU0097,2025-06-29,14
SKU0097,2025-07-06,8
SKU0097,2025-07-13,13
SKU0097,2025-07-20,5
SKU0097,2025-07-27,8
SKU0097,2025-08-03,10
SKU0097,2025-08-10,9
SKU0097,2025-08-17,10
SKU0097,2025-08-24,7
SKU0097,2025-08-31,3
SKU0097,2025-09-07,10
SKU0097,2025-09-14,13
SKU0097,2025-09-21,9
SKU0097,2025-09-28,14
SKU0097,2025-10-05,8
SKU0098,2024-01-07,42
SKU0098,2024-01-14,51
SKU0098,2024-01-21,48
SKU0098,2024-01-28,51
SKU0098,2024-02-04,36
SKU0098,2024-02-11,40
SKU0098,2024-02-18,48
SKU0098,2024-02-25,24
SKU0098,2024-03-03,45
SKU0098,2024-03-10,25
SKU0098,2024-03-17,47
SKU0098,2024-03-24,31
SKU0098,2024-03-31,26
SKU0098,2024-04-07,26
SKU0098,2024-04-14,27
SKU0098,2024-04-21,29
SKU0098,2024-04-28,31
SKU0098,2024-05-05,27
SKU0098,2024-05-12,21
SKU0098,2024-05-19,25
SKU0098,2024-05-26,13
SKU0098,2024-06-02,26
SKU0098,2024-06-09,24
SKU0098,2024-06-16,19
SKU0098,2024-06-23,18
SKU0098,2024-06-30,26
SKU0098,2024-07-07,23
SKU0098,2024-07-14,15
SKU0098,2024-07-21,25
SKU0098,2024-07-28,22
SKU0098,2024-08-04,16
SKU0098,2024-08-11,25
SKU0098,2024-08-18,29
SKU0098,2024-08-25,30
SKU0098,2024-09-01,30
SKU0098,2024-09-08,48
SKU0098,2024-09-15,43
SKU0098,2024-09-22,56
SKU0098,2024-09-29,34
SKU0098,2024-10-06,47
SKU0098,2024-10-13,37
SKU0098,2024-10-20,48
SKU0098,2024-10-27,60
SKU0098,2024-11-03,46
SKU0098,2024-11-10,53
SKU0098,2024-11-17,50
SKU0098,2024-11-24,48
SKU0098,2024-12-01,69
SKU0098,2024-12-08,51
SKU0098,2024-12-15,55
SKU0098,2024-12-22,54
SKU0098,2024-12-29,49
SKU0098,2025-01-05,46
SKU0098,2025-01-12,56
SKU0098,2025-01-19,81
SKU0098,2025-01-26,59
SKU0098,2025-02-02,53
SKU0098,2025-02-09,50
SKU0098,2025-02-16,41
SKU0098,2025-02-23,42
SKU0098,2025-03-02,45
SKU0098,2025-03-09,37
SKU0098,2025-03-16,45
SKU0098,2025-03-23,42
SKU0098,2025-03-30,39
SKU0098,2025-04-06,31
SKU0098,2025-04-13,32
SKU0098,2025-04-20,29
SKU0098,2025-04-27,35
SKU0098,2025-05-04,23
SKU0098,2025-05-11,32
SKU0098,2025-05-18,25
SKU0098,2025-05-25,26
SKU0098,2025-06-01,23
SKU0098,2025-06-08,36
SKU0098,2025-06-15,29
SKU0098,2025-06-22,27
SKU0098,2025-06-29,19
SKU0098,2025-07-06,33
SKU0098,2025-07-13,31
SKU0098,2025-07-20,20
SKU0098,2025-07-27,34
SKU0098,2025-08-03,32
SKU0098,2025-08-10,29
SKU0098,2025-08-17,32
SKU0098,2025-08-24,30
SKU0098,2025-08-31,40
SKU0098,2025-09-07,44
SKU0098,2025-09-14,41
SKU0098,2025-09-21,39
SKU0098,2025-09-28,60
SKU0098,2025-10-05,14
SKU0099,2024-01-07,6
SKU0099,2024-01-14,5
SKU0099,2024-01-21,9
SKU0099,2024-01-28,4
SKU0099,2024-02-04,10
SKU0099,2024-02-11,7
SKU0099,2024-02-18,4
SKU0099,2024-02-25,4
SKU0099,2024-03-03,7
SKU0099,2024-03-10,6
SKU0099,2024-03-17,4
SKU0099,2024-03-24,4
SKU0099,2024-03-31,9
SKU0099,2024-04-07,3
SKU0099,2024-04-14,4
SKU0099,2024-04-21,8
SKU0099,2024-04-28,4
SKU0099,2024-05-05,4
SKU0099,2024-05-12,4
SKU0099,2024-05-19,4
SKU0099,2024-05-26,1
SKU0099,2024-06-02,4
SKU0099,2024-06-09,4
SKU0099,2024-06-16,1
SKU0099,2024-06-23,10
SKU0099,2024-06-30,6
SKU0099,2024-07-07,5
SKU0099,2024-07-14,5
SKU0099,2024-07-21,7
SKU0099,2024-07-28,3
SKU0099,2024-08-04,4
SKU0099,2024-08-11,4
SKU0099,2024-08-18,6
SKU0099,2024-08-25,5
SKU0099,2024-09-01,1
SKU0099,2024-09-08,8
SKU0099,2024-09-15,6
SKU0099,2024-09-22,4
SKU0099,2024-09-29,7
SKU0099,2024-10-06,6
SKU0099,2024-10-13,15
SKU0099,2024-10-20,12
SKU0099,2024-10-27,22
SKU0099,2024-11-03,17
SKU0099,2024-11-10,11
SKU0099,2024-11-17,14
SKU0099,2024-11-24,17
SKU0099,2024-12-01,10
SKU0099,2024-12-08,8
SKU0099,2024-12-15,8
SKU0099,2024-12-22,13
SKU0099,2024-12-29,9
SKU0099,2025-01-05,13
SKU0099,2025-01-12,13
SKU0099,2025-01-19,13
SKU0099,2025-01-26,12
SKU0099,2025-02-02,13
SKU0099,2025-02-09,4
SKU0099,2025-02-16,16
SKU0099,2025-02-23,13
SKU0099,2025-03-02,13
SKU0099,2025-03-09,14
SKU0099,2025-03-16,11
SKU0099,2025-03-23,8
SKU0099,2025-03-30,10
SKU0099,2025-04-06,14
SKU0099,2025-04-13,8
SKU0099,2025-04-20,14
SKU0099,2025-04-27,9
SKU0099,2025-05-04,16
SKU0099,2025-05-11,10
SKU0099,2025-05-18,5
SKU0099,2025-05-25,5
SKU0099,2025-06-01,8
SKU0099,2025-06-08,14
SKU0099,2025-06-15,13
SKU0099,2025-06-22,4
SKU0099,2025-06-29,11
SKU0099,2025-07-06,11
SKU0099,2025-07-13,12
SKU0099,2025-07-20,13
SKU0099,2025-07-27,11
SKU0099,2025-08-03,9
SKU0099,2025-08-10,10
SKU0099,2025-08-17,12
SKU0099,2025-08-24,19
SKU0099,2025-08-31,18
SKU0099,2025-09-07,19
SKU0099,2025-09-14,18
SKU0099,2025-09-21,15
SKU0099,2025-09-28,11
SKU0099,2025-10-05,6
SKU0100,2024-01-07,196
SKU0100,2024-01-14,242
SKU0100,2024-01-21,321
SKU0100,2024-01-28,183
SKU0100,2024-02-04,209
SKU0100,2024-02-11,188
SKU0100,2024-02-18,186
SKU0100,2024-02-25,187
SKU0100,2024-03-03,180
SKU0100,2024-03-10,158
SKU0100,2024-03-17,155
SKU0100,2024-03-24,177
SKU0100,2024-03-31,142
SKU0100,2024-04-07,145
SKU0100,2024-04-14,136
SKU0100,2024-04-21,129
SKU0100,2024-04-28,113
SKU0100,2024-05-05,124
SKU0100,2024-05-12,131
SKU0100,2024-05-19,103
SKU0100,2024-05-26,119
SKU0100,2024-06-02,141
SKU0100,2024-06-09,172
SKU0100,2024-06-16,119
SKU0100,2024-06-23,98
SKU0100,2024-06-30,77
SKU0100,2024-07-07,105
SKU0100,2024-07-14,113
SKU0100,2024-07-21,105
SKU0100,2024-07-28,88
SKU0100,2024-08-04,91
SKU0100,2024-08-11,105
SKU0100,2024-08-18,84
SKU0100,2024-08-25,92
SKU0100,2024-09-01,105
SKU0100,2024-09-08,94
SKU0100,2024-09-15,85
SKU0100,2024-09-22,98
SKU0100,2024-09-29,87
SKU0100,2024-10-06,102
SKU0100,2024-10-13,98
SKU0100,2024-10-20,115
SKU0100,2024-10-27,167
SKU0100,2024-11-03,101
SKU0100,2024-11-10,116
SKU0100,2024-11-17,104
SKU0100,2024-11-24,110
SKU0100,2024-12-01,136
SKU0100,2024-12-08,84
SKU0100,2024-12-15,81
SKU0100,2024-12-22,78
SKU0100,2024-12-29,66
SKU0100,2025-01-05,80
SKU0100,2025-01-12,67
SKU0100,2025-01-19,115
SKU0100,2025-01-26,66
SKU0100,2025-02-02,66
SKU0100,2025-02-09,67
SKU0100,2025-02-16,59
SKU0100,2025-02-23,57
SKU0100,2025-03-02,42
SKU0100,2025-03-09,35
SKU0100,2025-03-16,61
SKU0100,2025-03-23,36
SKU0100,2025-03-30,41
SKU0100,2025-04-06,25
SKU0100,2025-04-13,26
SKU0100,2025-04-20,31
SKU0100,2025-04-27,24
SKU0100,2025-05-04,18
SKU0100,2025-05-11,12
SKU0100,2025-05-18,14
SKU0100,2025-05-25,12
SKU0100,2025-06-01,16
SKU0100,2025-06-08,11
SKU0100,2025-06-15,10
SKU0100,2025-06-22,2
SKU0100,2025-06-29,2
SKU0100,2025-07-06,3
SKU0100,2025-07-13,3
SKU0100,2025-07-20,0
SKU0100,2025-07-27,0
SKU0100,2025-08-03,0
SKU0100,2025-08-10,0
SKU0100,2025-08-17,1
SKU0100,2025-08-24,1
SKU0100,2025-08-31,0
SKU0100,2025-09-07,0
SKU0100,2025-09-14,0
SKU0100,2025-09-21,0
SKU0100,2025-09-28,0
SKU0100,2025-10-05,1
SKU0101,2024-01-07,78
SKU0101,2024-01-14,101
SKU0101,2024-01-21,112
SKU0101,2024-01-28,72
SKU0101,2024-02-04,78
SKU0101,2024-02-11,64
SKU0101,2024-02-18,77
SKU0101,2024-02-25,61
SKU0101,2024-03-03,72
SKU0101,2024-03-10,63
SKU0101,2024-03-17,69
SKU0101,2024-03-24,66
SKU0101,2024-03-31,74
SKU0101,2024-04-07,64
SKU0101,2024-04-14,52
SKU0101,2024-04-21,60
SKU0101,2024-04-28,50
SKU0101,2024-05-05,52
SKU0101,2024-05-12,53
SKU0101,2024-05-19,52
SKU0101,2024-05-26,65
SKU0101,2024-06-02,68
SKU0101,2024-06-09,62
SKU0101,2024-06-16,53
SKU0101,2024-06-23,62
SKU0101,2024-06-30,56
SKU0101,2024-07-07,63
SKU0101,2024-07-14,59
SKU0101,2024-07-21,63
SKU0101,2024-07-28,74
SKU0101,2024-08-04,67
SKU0101,2024-08-11,70
SKU0101,2024-08-18,65
SKU0101,2024-08-25,80
SKU0101,2024-09-01,93
SKU0101,2024-09-08,93
SKU0101,2024-09-15,96
SKU0101,2024-09-22,86
SKU0101,2024-09-29,108
SKU0101,2024-10-06,114
SKU0101,2024-10-13,122
SKU0101,2024-10-20,125
SKU0101,2024-10-27,168
SKU0101,2024-11-03,114
SKU0101,2024-11-10,125
SKU0101,2024-11-17,153
SKU0101,2024-11-24,186
SKU0101,2024-12-01,197
SKU0101,2024-12-08,140
SKU0101,2024-12-15,142
SKU0101,2024-12-22,146
SKU0101,2024-12-29,146
SKU0101,2025-01-05,143
SKU0101,2025-01-12,153
SKU0101,2025-01-19,180
SKU0101,2025-01-26,152
SKU0101,2025-02-02,135
SKU0101,2025-02-09,126
SKU0101,2025-02-16,132
SKU0101,2025-02-23,140
SKU0101,2025-03-02,139
SKU0101,2025-03-09,131
SKU0101,2025-03-16,142
SKU0101,2025-03-23,143
SKU0101,2025-03-30,106
SKU0101,2025-04-06,96
SKU0101,2025-04-13,112
SKU0101,2025-04-20,106
SKU0101,2025-04-27,99
SKU0101,2025-05-04,97
SKU0101,2025-05-11,96
SKU0101,2025-05-18,96
SKU0101,2025-05-25,88
SKU0101,2025-06-01,99
SKU0101,2025-06-08,158
SKU0101,2025-06-15,91
SKU0101,2025-06-22,90
SKU0101,2025-06-29,87
SKU0101,2025-07-06,96
SKU0101,2025-07-13,116
SKU0101,2025-07-20,113
SKU0101,2025-07-27,117
SKU0101,2025-08-03,119
SKU0101,2025-08-10,137
SKU0101,2025-08-17,106
SKU0101,2025-08-24,146
SKU0101,2025-08-31,128
SKU0101,2025-09-07,144
SKU0101,2025-09-14,142
SKU0101,2025-09-21,138
SKU0101,2025-09-28,175
SKU0101,2025-10-05,48
SKU0102,2024-01-07,131
SKU0102,2024-01-14,168
SKU0102,2024-01-21,172
SKU0102,2024-01-28,113
SKU0102,2024-02-04,107
SKU0102,2024-02-11,107
SKU0102,2024-02-18,123
SKU0102,2024-02-25,134
SKU0102,2024-03-03,113
SKU0102,2024-03-10,104
SKU0102,2024-03-17,121
SKU0102,2024-03-24,119
SKU0102,2024-03-31,96
SKU0102,2024-04-07,106
SKU0102,2024-04-14,93
SKU0102,2024-04-21,79
SKU0102,2024-04-28,88
SKU0102,2024-05-05,92
SKU0102,2024-05-12,98
SKU0102,2024-05-19,72
SKU0102,2024-05-26,81
SKU0102,2024-06-02,114
SKU0102,2024-06-09,106
SKU0102,2024-06-16,89
SKU0102,2024-06-23,80
SKU0102,2024-06-30,87
SKU0102,2024-07-07,81
SKU0102,2024-07-14,96
SKU0102,2024-07-21,88
SKU0102,2024-07-28,92
SKU0102,2024-08-04,85
SKU0102,2024-08-11,110
SKU0102,2024-08-18,109
SKU0102,2024-08-25,98
SKU0102,2024-09-01,141
SKU0102,2024-09-08,97
SKU0102,2024-09-15,102
SKU0102,2024-09-22,133
SKU0102,2024-09-29,123
SKU0102,2024-10-06,144
SKU0102,2024-10-13,132
SKU0102,2024-10-20,165
SKU0102,2024-10-27,204
SKU0102,2024-11-03,162
SKU0102,2024-11-10,165
SKU0102,2024-11-17,139
SKU0102,2024-11-24,181
SKU0102,2024-12-01,205
SKU0102,2024-12-08,166
SKU0102,2024-12-15,183
SKU0102,2024-12-22,157
SKU0102,2024-12-29,163
SKU0102,2025-01-05,171
SKU0102,2025-01-12,155
SKU0102,2025-01-19,222
SKU0102,2025-01-26,158
SKU0102,2025-02-02,157
SKU0102,2025-02-09,147
SKU0102,2025-02-16,144
SKU0102,2025-02-23,150
SKU0102,2025-03-02,151
SKU0102,2025-03-09,147
SKU0102,2025-03-16,133
SKU0102,2025-03-23,136
SKU0102,2025-03-30,122
SKU0102,2025-04-06,141
SKU0102,2025-04-13,128
SKU0102,2025-04-20,116
SKU0102,2025-04-27,131
SKU0102,2025-05-04,116
SKU0102,2025-05-11,98
SKU0102,2025-05-18,108
SKU0102,2025-05-25,117
SKU0102,2025-06-01,144
SKU0102,2025-06-08,144
SKU0102,2025-06-15,117
SKU0102,2025-06-22,91
SKU0102,2025-06-29,126
SKU0102,2025-07-06,115
SKU0102,2025-07-13,115
SKU0102,2025-07-20,111
SKU0102,2025-07-27,124
SKU0102,2025-08-03,113
SKU0102,2025-08-10,136
SKU0102,2025-08-17,144
SKU0102,2025-08-24,134
SKU0102,2025-08-31,146
SKU0102,2025-09-07,154
SKU0102,2025-09-14,163
SKU0102,2025-09-21,158
SKU0102,2025-09-28,169
SKU0102,2025-10-05,45
SKU0103,2025-05-11,41
SKU0103,2025-05-18,60
SKU0103,2025-05-25,43
SKU0103,2025-06-01,58
SKU0103,2025-06-08,71
SKU0103,2025-06-15,46
SKU0103,2025-06-22,48
SKU0103,2025-06-29,51
SKU0103,2025-07-06,54
SKU0103,2025-07-13,42
SKU0103,2025-07-20,28
SKU0103,2025-07-27,41
SKU0103,2025-08-03,34
SKU0103,2025-08-10,28
SKU0103,2025-08-17,31
SKU0103,2025-08-24,35
SKU0103,2025-08-31,27
SKU0103,2025-09-07,21
SKU0103,2025-09-14,18
SKU0103,2025-09-21,22
SKU0103,2025-09-28,18
SKU0103,2025-10-05,7
SKU0104,2024-01-07,108
SKU0104,2024-01-14,129
SKU0104,2024-01-21,131
SKU0104,2024-01-28,99
SKU0104,2024-02-04,120
SKU0104,2024-02-11,113
SKU0104,2024-02-18,124
SKU0104,2024-02-25,102
SKU0104,2024-03-03,96
SKU0104,2024-03-10,105
SKU0104,2024-03-17,114
SKU0104,2024-03-24,100
SKU0104,2024-03-31,95
SKU0104,2024-04-07,98
SKU0104,2024-04-14,95
SKU0104,2024-04-21,105
SKU0104,2024-04-28,107
SKU0104,2024-05-05,84
SKU0104,2024-05-12,109
SKU0104,2024-05-19,108
SKU0104,2024-05-26,94
SKU0104,2024-06-02,117
SKU0104,2024-06-09,118
SKU0104,2024-06-16,111
SKU0104,2024-06-23,81
SKU0104,2024-06-30,89
SKU0104,2024-07-07,113
SKU0104,2024-07-14,99
SKU0104,2024-07-21,103
SKU0104,2024-07-28,105
SKU0104,2024-08-04,119
SKU0104,2024-08-11,125
SKU0104,2024-08-18,133
SKU0104,2024-08-25,132
SKU0104,2024-09-01,123
SKU0104,2024-09-08,131
SKU0104,2024-09-15,149
SKU0104,2024-09-22,144
SKU0104,2024-09-29,165
SKU0104,2024-10-06,178
SKU0104,2024-10-13,159
SKU0104,2024-10-20,192
SKU0104,2024-10-27,326
SKU0104,2024-11-03,186
SKU0104,2024-11-10,191
SKU0104,2024-11-17,202
SKU0104,2024-11-24,205
SKU0104,2024-12-01,271
SKU0104,2024-12-08,199
SKU0104,2024-12-15,249
SKU0104,2024-12-22,218
SKU0104,2024-12-29,209
SKU0104,2025-01-05,208
SKU0104,2025-01-12,189
SKU0104,2025-01-19,316
SKU0104,2025-01-26,203
SKU0104,2025-02-02,179
SKU0104,2025-02-09,192
SKU0104,2025-02-16,210
SKU0104,2025-02-23,176
SKU0104,2025-03-02,207
SKU0104,2025-03-09,190
SKU0104,2025-03-16,183
SKU0104,2025-03-23,176
SKU0104,2025-03-30,192
SKU0104,2025-04-06,175
SKU0104,2025-04-13,172
SKU0104,2025-04-20,181
SKU0104,2025-04-27,175
SKU0104,2025-05-04,160
SKU0104,2025-05-11,183
SKU0104,2025-05-18,151
SKU0104,2025-05-25,170
SKU0104,2025-06-01,189
SKU0104,2025-06-08,228
SKU0104,2025-06-15,169
SKU0104,2025-06-22,171
SKU0104,2025-06-29,165
SKU0104,2025-07-06,174
SKU0104,2025-07-13,148
SKU0104,2025-07-20,186
SKU0104,2025-07-27,174
SKU0104,2025-08-03,166
SKU0104,2025-08-10,177
SKU0104,2025-08-17,192
SKU0104,2025-08-24,189
SKU0104,2025-08-31,184
SKU0104,2025-09-07,233
SKU0104,2025-09-14,224
SKU0104,2025-09-21,215
SKU0104,2025-09-28,250
SKU0104,2025-10-05,69
SKU0105,2024-01-07,132
SKU0105,2024-01-14,147
SKU0105,2024-01-21,182
SKU0105,2024-01-28,115
SKU0105,2024-02-04,120
SKU0105,2024-02-11,123
SKU0105,2024-02-18,93
SKU0105,2024-02-25,101
SKU0105,2024-03-03,107
SKU0105,2024-03-10,97
SKU0105,2024-03-17,87
SKU0105,2024-03-24,100
SKU0105,2024-03-31,89
SKU0105,2024-04-07,86
SKU0105,2024-04-14,53
SKU0105,2024-04-21,52
SKU0105,2024-04-28,73
SKU0105,2024-05-05,51
SKU0105,2024-05-12,48
SKU0105,2024-05-19,58
SKU0105,2024-05-26,57
SKU0105,2024-06-02,51
SKU0105,2024-06-09,73
SKU0105,2024-06-16,42
SKU0105,2024-06-23,40
SKU0105,2024-06-30,43
SKU0105,2024-07-07,38
SKU0105,2024-07-14,46
SKU0105,2024-07-21,47
SKU0105,2024-07-28,34
SKU0105,2024-08-04,40
SKU0105,2024-08-11,41
SKU0105,2024-08-18,42
SKU0105,2024-08-25,45
SKU0105,2024-09-01,50
SKU0105,2024-09-08,53
SKU0105,2024-09-15,42
SKU0105,2024-09-22,59
SKU0105,2024-09-29,56
SKU0105,2024-10-06,53
SKU0105,2024-10-13,54
SKU0105,2024-10-20,40
SKU0105,2024-10-27,92
SKU0105,2024-11-03,63
SKU0105,2024-11-10,60
SKU0105,2024-11-17,59
SKU0105,2024-11-24,77
SKU0105,2024-12-01,85
SKU0105,2024-12-08,41
SKU0105,2024-12-15,60
SKU0105,2024-12-22,44
SKU0105,2024-12-29,56
SKU0105,2025-01-05,44
SKU0105,2025-01-12,36
SKU0105,2025-01-19,59
SKU0105,2025-01-26,45
SKU0105,2025-02-02,38
SKU0105,2025-02-09,37
SKU0105,2025-02-16,31
SKU0105,2025-02-23,22
SKU0105,2025-03-02,30
SKU0105,2025-03-09,19
SKU0105,2025-03-16,24
SKU0105,2025-03-23,18
SKU0105,2025-03-30,18
SKU0105,2025-04-06,12
SKU0105,2025-04-13,18
SKU0105,2025-04-20,14
SKU0105,2025-04-27,9
SKU0105,2025-05-04,7
SKU0105,2025-05-11,5
SKU0105,2025-05-18,5
SKU0105,2025-05-25,4
SKU0105,2025-06-01,6
SKU0105,2025-06-08,4
SKU0105,2025-06-15,2
SKU0105,2025-06-22,1
SKU0105,2025-06-29,0
SKU0105,2025-07-06,0
SKU0105,2025-07-13,0
SKU0105,2025-07-20,0
SKU0105,2025-07-27,1
SKU0105,2025-08-03,0
SKU0105,2025-08-10,2
SKU0105,2025-08-17,0
SKU0105,2025-08-24,0
SKU0105,2025-08-31,1
SKU0105,2025-09-07,0
SKU0105,2025-09-14,0
SKU0105,2025-09-21,0
SKU0105,2025-09-28,0
SKU0105,2025-10-05,0
SKU0106,2024-01-07,213
SKU0106,2024-01-14,270
SKU0106,2024-01-21,282
SKU0106,2024-01-28,212
SKU0106,2024-02-04,192
SKU0106,2024-02-11,235
SKU0106,2024-02-18,201
SKU0106,2024-02-25,175
SKU0106,2024-03-03,193
SKU0106,2024-03-10,204
SKU0106,2024-03-17,214
SKU0106,2024-03-24,194
SKU0106,2024-03-31,193
SKU0106,2024-04-07,189
SKU0106,2024-04-14,175
SKU0106,2024-04-21,190
SKU0106,2024-04-28,165
SKU0106,2024-05-05,174
SKU0106,2024-05-12,183
SKU0106,2024-05-19,200
SKU0106,2024-05-26,164
SKU0106,2024-06-02,205
SKU0106,2024-06-09,222
SKU0106,2024-06-16,181
SKU0106,2024-06-23,186
SKU0106,2024-06-30,167
SKU0106,2024-07-07,167
SKU0106,2024-07-14,182
SKU0106,2024-07-21,157
SKU0106,2024-07-28,170
SKU0106,2024-08-04,196
SKU0106,2024-08-11,195
SKU0106,2024-08-18,181
SKU0106,2024-08-25,177
SKU0106,2024-09-01,206
SKU0106,2024-09-08,215
SKU0106,2024-09-15,178
SKU0106,2024-09-22,208
SKU0106,2024-09-29,211
SKU0106,2024-10-06,214
SKU0106,2024-10-13,220
SKU0106,2024-10-20,224
SKU0106,2024-10-27,358
SKU0106,2024-11-03,221
SKU0106,2024-11-10,237
SKU0106,2024-11-17,215
SKU0106,2024-11-24,295
SKU0106,2024-12-01,329
SKU0106,2024-12-08,240
SKU0106,2024-12-15,235
SKU0106,2024-12-22,247
SKU0106,2024-12-29,243
SKU0106,2025-01-05,235
SKU0106,2025-01-12,242
SKU0106,2025-01-19,328
SKU0106,2025-01-26,242
SKU0106,2025-02-02,242
SKU0106,2025-02-09,263
SKU0106,2025-02-16,224
SKU0106,2025-02-23,243
SKU0106,2025-03-02,208
SKU0106,2025-03-09,220
SKU0106,2025-03-16,221
SKU0106,2025-03-23,211
SKU0106,2025-03-30,198
SKU0106,2025-04-06,219
SKU0106,2025-04-13,199
SKU0106,2025-04-20,205
SKU0106,2025-04-27,190
SKU0106,2025-05-04,196
SKU0106,2025-05-11,164
SKU0106,2025-05-18,200
SKU0106,2025-05-25,171
SKU0106,2025-06-01,205
SKU0106,2025-06-08,241
SKU0106,2025-06-15,175
SKU0106,2025-06-22,205
SKU0106,2025-06-29,193
SKU0106,2025-07-06,169
SKU0106,2025-07-13,209
SKU0106,2025-07-20,211
SKU0106,2025-07-27,189
SKU0106,2025-08-03,202
SKU0106,2025-08-10,206
SKU0106,2025-08-17,201
SKU0106,2025-08-24,209
SKU0106,2025-08-31,234
SKU0106,2025-09-07,233
SKU0106,2025-09-14,232
SKU0106,2025-09-21,203
SKU0106,2025-09-28,230
SKU0106,2025-10-05,43
SKU0107,2024-01-07,233
SKU0107,2024-01-14,284
SKU0107,2024-01-21,325
SKU0107,2024-01-28,215
SKU0107,2024-02-04,208
SKU0107,2024-02-11,181
SKU0107,2024-02-18,205
SKU0107,2024-02-25,189
SKU0107,2024-03-03,181
SKU0107,2024-03-10,176
SKU0107,2024-03-17,165
SKU0107,2024-03-24,162
SKU0107,2024-03-31,147
SKU0107,2024-04-07,117
SKU0107,2024-04-14,129
SKU0107,2024-04-21,104
SKU0107,2024-04-28,122
SKU0107,2024-05-05,96
SKU0107,2024-05-12,102
SKU0107,2024-05-19,90
SKU0107,2024-05-26,102
SKU0107,2024-06-02,103
SKU0107,2024-06-09,108
SKU0107,2024-06-16,87
SKU0107,2024-06-23,77
SKU0107,2024-06-30,79
SKU0107,2024-07-07,95
SKU0107,2024-07-14,102
SKU0107,2024-07-21,88
SKU0107,2024-07-28,95
SKU0107,2024-08-04,78
SKU0107,2024-08-11,75
SKU0107,2024-08-18,96
SKU0107,2024-08-25,121
SKU0107,2024-09-01,96
SKU0107,2024-09-08,95
SKU0107,2024-09-15,116
SKU0107,2024-09-22,114
SKU0107,2024-09-29,107
SKU0107,2024-10-06,144
SKU0107,2024-10-13,118
SKU0107,2024-10-20,142
SKU0107,2024-10-27,237
SKU0107,2024-11-03,129
SKU0107,2024-11-10,118
SKU0107,2024-11-17,137
SKU0107,2024-11-24,137
SKU0107,2024-12-01,166
SKU0107,2024-12-08,131
SKU0107,2024-12-15,130
SKU0107,2024-12-22,150
SKU0107,2024-12-29,123
SKU0107,2025-01-05,122
SKU0107,2025-01-12,119
SKU0107,2025-01-19,163
SKU0107,2025-01-26,111
SKU0107,2025-02-02,106
SKU0107,2025-02-09,116
SKU0107,2025-02-16,98
SKU0107,2025-02-23,91
SKU0107,2025-03-02,97
SKU0107,2025-03-09,91
SKU0107,2025-03-16,76
SKU0107,2025-03-23,78
SKU0107,2025-03-30,64
SKU0107,2025-04-06,63
SKU0107,2025-04-13,61
SKU0107,2025-04-20,49
SKU0107,2025-04-27,67
SKU0107,2025-05-04,54
SKU0107,2025-05-11,50
SKU0107,2025-05-18,56
SKU0107,2025-05-25,56
SKU0107,2025-06-01,35
SKU0107,2025-06-08,52
SKU0107,2025-06-15,22
SKU0107,2025-06-22,45
SKU0107,2025-06-29,44
SKU0107,2025-07-06,44
SKU0107,2025-07-13,42
SKU0107,2025-07-20,49
SKU0107,2025-07-27,31
SKU0107,2025-08-03,31
SKU0107,2025-08-10,42
SKU0107,2025-08-17,39
SKU0107,2025-08-24,37
SKU0107,2025-08-31,34
SKU0107,2025-09-07,44
SKU0107,2025-09-14,51
SKU0107,2025-09-21,36
SKU0107,2025-09-28,33
SKU0107,2025-10-05,11
SKU0108,2024-01-07,7
SKU0108,2024-01-14,7
SKU0108,2024-01-21,3
SKU0108,2024-01-28,3
SKU0108,2024-02-04,4
SKU0108,2024-02-11,4
SKU0108,2024-02-18,5
SKU0108,2024-02-25,1
SKU0108,2024-03-03,1
SKU0108,2024-03-10,4
SKU0108,2024-03-17,3
SKU0108,2024-03-24,4
SKU0108,2024-03-31,2
SKU0108,2024-04-07,3
SKU0108,2024-04-14,2
SKU0108,2024-04-21,1
SKU0108,2024-04-28,3
SKU0108,2024-05-05,1
SKU0108,2024-05-12,2
SKU0108,2024-05-19,4
SKU0108,2024-05-26,1
SKU0108,2024-06-02,0
SKU0108,2024-06-09,0
SKU0108,2024-06-16,2
SKU0108,2024-06-23,1
SKU0108,2024-06-30,2
SKU0108,2024-07-07,1
SKU0108,2024-07-14,1
SKU0108,2024-07-21,1
SKU0108,2024-07-28,1
SKU0108,2024-08-04,3
SKU0108,2024-08-11,1
SKU0108,2024-08-18,0
SKU0108,2024-08-25,3
SKU0108,2024-09-01,2
SKU0108,2024-09-08,1
SKU0108,2024-09-15,0
SKU0108,2024-09-22,0
SKU0108,2024-09-29,4
SKU0108,2024-10-06,1
SKU0108,2024-10-13,1
SKU0108,2024-10-20,1
SKU0108,2024-10-27,2
SKU0108,2024-11-03,2
SKU0108,2024-11-10,1
SKU0108,2024-11-17,2
SKU0108,2024-11-24,2
SKU0108,2024-12-01,2
SKU0108,2024-12-08,1
SKU0108,2024-12-15,2
SKU0108,2024-12-22,1
SKU0108,2024-12-29,2
SKU0108,2025-01-05,1
SKU0108,2025-01-12,1
SKU0108,2025-01-19,1
SKU0108,2025-01-26,2
SKU0108,2025-02-02,1
SKU0108,2025-02-09,0
SKU0108,2025-02-16,2
SKU0108,2025-02-23,0
SKU0108,2025-03-02,0
SKU0108,2025-03-09,2
SKU0108,2025-03-16,0
SKU0108,2025-03-23,0
SKU0108,2025-03-30,0
SKU0108,2025-04-06,1
SKU0108,2025-04-13,0
SKU0108,2025-04-20,0
SKU0108,2025-04-27,0
SKU0108,2025-05-04,1
SKU0108,2025-05-11,0
SKU0108,2025-05-18,0
SKU0108,2025-05-25,0
SKU0108,2025-06-01,1
SKU0108,2025-06-08,1
SKU0108,2025-06-15,0
SKU0108,2025-06-22,0
SKU0108,2025-06-29,1
SKU0108,2025-07-06,0
SKU0108,2025-07-13,0
SKU0108,2025-07-20,1
SKU0108,2025-07-27,0
SKU0108,2025-08-03,1
SKU0108,2025-08-10,0
SKU0108,2025-08-17,0
SKU0108,2025-08-24,1
SKU0108,2025-08-31,0
SKU0108,2025-09-07,1
SKU0108,2025-09-14,0
SKU0108,2025-09-21,0
SKU0108,2025-09-28,0
SKU0108,2025-10-05,0
SKU0109,2024-01-07,93
SKU0109,2024-01-14,110
SKU0109,2024-01-21,136
SKU0109,2024-01-28,95
SKU0109,2024-02-04,106
SKU0109,2024-02-11,94
SKU0109,2024-02-18,103
SKU0109,2024-02-25,107
SKU0109,2024-03-03,114
SKU0109,2024-03-10,107
SKU0109,2024-03-17,96
SKU0109,2024-03-24,87
SKU0109,2024-03-31,96
SKU0109,2024-04-07,77
SKU0109,2024-04-14,91
SKU0109,2024-04-21,91
SKU0109,2024-04-28,74
SKU0109,2024-05-05,110
SKU0109,2024-05-12,90
SKU0109,2024-05-19,78
SKU0109,2024-05-26,92
SKU0109,2024-06-02,115
SKU0109,2024-06-09,110
SKU0109,2024-06-16,83
SKU0109,2024-06-23,106
SKU0109,2024-06-30,83
SKU0109,2024-07-07,95
SKU0109,2024-07-14,103
SKU0109,2024-07-21,95
SKU0109,2024-07-28,96
SKU0109,2024-08-04,107
SKU0109,2024-08-11,120
SKU0109,2024-08-18,132
SKU0109,2024-08-25,115
SKU0109,2024-09-01,112
SKU0109,2024-09-08,108
SKU0109,2024-09-15,133
SKU0109,2024-09-22,108
SKU0109,2024-09-29,129
SKU0109,2024-10-06,135
SKU0109,2024-10-13,140
SKU0109,2024-10-20,161
SKU0109,2024-10-27,216
SKU0109,2024-11-03,156
SKU0109,2024-11-10,155
SKU0109,2024-11-17,179
SKU0109,2024-11-24,181
SKU0109,2024-12-01,231
SKU0109,2024-12-08,158
SKU0109,2024-12-15,183
SKU0109,2024-12-22,167
SKU0109,2024-12-29,174
SKU0109,2025-01-05,169
SKU0109,2025-01-12,182
SKU0109,2025-01-19,212
SKU0109,2025-01-26,158
SKU0109,2025-02-02,163
SKU0109,2025-02-09,181
SKU0109,2025-02-16,163
SKU0109,2025-02-23,173
SKU0109,2025-03-02,175
SKU0109,2025-03-09,175
SKU0109,2025-03-16,162
SKU0109,2025-03-23,178
SKU0109,2025-03-30,165
SKU0109,2025-04-06,162
SKU0109,2025-04-13,170
SKU0109,2025-04-20,149
SKU0109,2025-04-27,146
SKU0109,2025-05-04,160
SKU0109,2025-05-11,129
SKU0109,2025-05-18,147
SKU0109,2025-05-25,122
SKU0109,2025-06-01,167
SKU0109,2025-06-08,215
SKU0109,2025-06-15,133
SKU0109,2025-06-22,149
SKU0109,2025-06-29,163
SKU0109,2025-07-06,163
SKU0109,2025-07-13,161
SKU0109,2025-07-20,167
SKU0109,2025-07-27,145
SKU0109,2025-08-03,153
SKU0109,2025-08-10,158
SKU0109,2025-08-17,170
SKU0109,2025-08-24,166
SKU0109,2025-08-31,170
SKU0109,2025-09-07,155
SKU0109,2025-09-14,209
SKU0109,2025-09-21,199
SKU0109,2025-09-28,192
SKU0109,2025-10-05,54
SKU0110,2024-09-08,22
SKU0110,2024-09-15,22
SKU0110,2024-09-22,24
SKU0110,2024-09-29,30
SKU0110,2024-10-06,29
SKU0110,2024-10-13,37
SKU0110,2024-10-20,31
SKU0110,2024-10-27,48
SKU0110,2024-11-03,25
SKU0110,2024-11-10,34
SKU0110,2024-11-17,42
SKU0110,2024-11-24,40
SKU0110,2024-12-01,56
SKU0110,2024-12-08,42
SKU0110,2024-12-15,46
SKU0110,2024-12-22,44
SKU0110,2024-12-29,24
SKU0110,2025-01-05,40
SKU0110,2025-01-12,37
SKU0110,2025-01-19,68
SKU0110,2025-01-26,43
SKU0110,2025-02-02,38
SKU0110,2025-02-09,41
SKU0110,2025-02-16,49
SKU0110,2025-02-23,35
SKU0110,2025-03-02,42
SKU0110,2025-03-09,44
SKU0110,2025-03-16,29
SKU0110,2025-03-23,38
SKU0110,2025-03-30,27
SKU0110,2025-04-06,30
SKU0110,2025-04-13,31
SKU0110,2025-04-20,25
SKU0110,2025-04-27,23
SKU0110,2025-05-04,30
SKU0110,2025-05-11,22
SKU0110,2025-05-18,32
SKU0110,2025-05-25,26
SKU0110,2025-06-01,25
SKU0110,2025-06-08,40
SKU0110,2025-06-15,32
SKU0110,2025-06-22,22
SKU0110,2025-06-29,33
SKU0110,2025-07-06,19
SKU0110,2025-07-13,27
SKU0110,2025-07-20,33
SKU0110,2025-07-27,26
SKU0110,2025-08-03,25
SKU0110,2025-08-10,35
SKU0110,2025-08-17,30
SKU0110,2025-08-24,25
SKU0110,2025-08-31,43
SKU0110,2025-09-07,43
SKU0110,2025-09-14,45
SKU0110,2025-09-21,37
SKU0110,2025-09-28,48
SKU0110,2025-10-05,16
SKU0111,2024-01-07,87
SKU0111,2024-01-14,65
SKU0111,2024-01-21,109
SKU0111,2024-01-28,74
SKU0111,2024-02-04,84
SKU0111,2024-02-11,77
SKU0111,2024-02-18,65
SKU0111,2024-02-25,56
SKU0111,2024-03-03,67
SKU0111,2024-03-10,84
SKU0111,2024-03-17,66
SKU0111,2024-03-24,62
SKU0111,2024-03-31,48
SKU0111,2024-04-07,63
SKU0111,2024-04-14,53
SKU0111,2024-04-21,42
SKU0111,2024-04-28,45
SKU0111,2024-05-05,57
SKU0111,2024-05-12,60
SKU0111,2024-05-19,52
SKU0111,2024-05-26,57
SKU0111,2024-06-02,61
SKU0111,2024-06-09,62
SKU0111,2024-06-16,41
SKU0111,2024-06-23,38
SKU0111,2024-06-30,61
SKU0111,2024-07-07,54
SKU0111,2024-07-14,54
SKU0111,2024-07-21,45
SKU0111,2024-07-28,57
SKU0111,2024-08-04,50
SKU0111,2024-08-11,62
SKU0111,2024-08-18,57
SKU0111,2024-08-25,56
SKU0111,2024-09-01,58
SKU0111,2024-09-08,52
SKU0111,2024-09-15,55
SKU0111,2024-09-22,63
SKU0111,2024-09-29,60
SKU0111,2024-10-06,61
SKU0111,2024-10-13,67
SKU0111,2024-10-20,86
SKU0111,2024-10-27,115
SKU0111,2024-11-03,70
SKU0111,2024-11-10,65
SKU0111,2024-11-17,56
SKU0111,2024-11-24,92
SKU0111,2024-12-01,109
SKU0111,2024-12-08,78
SKU0111,2024-12-15,80
SKU0111,2024-12-22,85
SKU0111,2024-12-29,66
SKU0111,2025-01-05,76
SKU0111,2025-01-12,81
SKU0111,2025-01-19,99
SKU0111,2025-01-26,66
SKU0111,2025-02-02,67
SKU0111,2025-02-09,52
SKU0111,2025-02-16,61
SKU0111,2025-02-23,64
SKU0111,2025-03-02,52
SKU0111,2025-03-09,49
SKU0111,2025-03-16,54
SKU0111,2025-03-23,48
SKU0111,2025-03-30,58
SKU0111,2025-04-06,72
SKU0111,2025-04-13,64
SKU0111,2025-04-20,49
SKU0111,2025-04-27,71
SKU0111,2025-05-04,49
SKU0111,2025-05-11,59
SKU0111,2025-05-18,49
SKU0111,2025-05-25,52
SKU0111,2025-06-01,63
SKU0111,2025-06-08,81
SKU0111,2025-06-15,46
SKU0111,2025-06-22,47
SKU0111,2025-06-29,47
SKU0111,2025-07-06,51
SKU0111,2025-07-13,55
SKU0111,2025-07-20,46
SKU0111,2025-07-27,46
SKU0111,2025-08-03,57
SKU0111,2025-08-10,50
SKU0111,2025-08-17,55
SKU0111,2025-08-24,53
SKU0111,2025-08-31,61
SKU0111,2025-09-07,67
SKU0111,2025-09-14,68
SKU0111,2025-09-21,53
SKU0111,2025-09-28,66
SKU0111,2025-10-05,13
SKU0112,2024-01-07,21
SKU0112,2024-01-14,24
SKU0112,2024-01-21,34
SKU0112,2024-01-28,21
SKU0112,2024-02-04,19
SKU0112,2024-02-11,15
SKU0112,2024-02-18,17
SKU0112,2024-02-25,15
SKU0112,2024-03-03,21
SKU0112,2024-03-10,22
SKU0112,2024-03-17,12
SKU0112,2024-03-24,12
SKU0112,2024-03-31,17
SKU0112,2024-04-07,14
SKU0112,2024-04-14,11
SKU0112,2024-04-21,10
SKU0112,2024-04-28,16
SKU0112,2024-05-05,8
SKU0112,2024-05-12,19
SKU0112,2024-05-19,10
SKU0112,2024-05-26,9
SKU0112,2024-06-02,12
SKU0112,2024-06-09,14
SKU0112,2024-06-16,8
SKU0112,2024-06-23,8
SKU0112,2024-06-30,11
SKU0112,2024-07-07,13
SKU0112,2024-07-14,8
SKU0112,2024-07-21,9
SKU0112,2024-07-28,8
SKU0112,2024-08-04,13
SKU0112,2024-08-11,17
SKU0112,2024-08-18,15
SKU0112,2024-08-25,9
SKU0112,2024-09-01,13
SKU0112,2024-09-08,9
SKU0112,2024-09-15,16
SKU0112,2024-09-22,7
SKU0112,2024-09-29,10
SKU0112,2024-10-06,14
SKU0112,2024-10-13,11
SKU0112,2024-10-20,20
SKU0112,2024-10-27,23
SKU0112,2024-11-03,13
SKU0112,2024-11-10,13
SKU0112,2024-11-17,17
SKU0112,2024-11-24,12
SKU0112,2024-12-01,22
SKU0112,2024-12-08,8
SKU0112,2024-12-15,16
SKU0112,2024-12-22,15
SKU0112,2024-12-29,12
SKU0112,2025-01-05,10
SKU0112,2025-01-12,11
SKU0112,2025-01-19,18
SKU0112,2025-01-26,9
SKU0112,2025-02-02,12
SKU0112,2025-02-09,13
SKU0112,2025-02-16,13
SKU0112,2025-02-23,13
SKU0112,2025-03-02,12
SKU0112,2025-03-09,10
SKU0112,2025-03-16,8
SKU0112,2025-03-23,5
SKU0112,2025-03-30,7
SKU0112,2025-04-06,13
SKU0112,2025-04-13,6
SKU0112,2025-04-20,7
SKU0112,2025-04-27,11
SKU0112,2025-05-04,9
SKU0112,2025-05-11,11
SKU0112,2025-05-18,6
SKU0112,2025-05-25,4
SKU0112,2025-06-01,11
SKU0112,2025-06-08,5
SKU0112,2025-06-15,1
SKU0112,2025-06-22,6
SKU0112,2025-06-29,6
SKU0112,2025-07-06,11
SKU0112,2025-07-13,5
SKU0112,2025-07-20,10
SKU0112,2025-07-27,5
SKU0112,2025-08-03,5
SKU0112,2025-08-10,10
SKU0112,2025-08-17,7
SKU0112,2025-08-24,10
SKU0112,2025-08-31,7
SKU0112,2025-09-07,5
SKU0112,2025-09-14,3
SKU0112,2025-09-21,8
SKU0112,2025-09-28,6
SKU0112,2025-10-05,0
SKU0113,2024-01-07,4
SKU0113,2024-01-14,12
SKU0113,2024-01-21,12
SKU0113,2024-01-28,7
SKU0113,2024-02-04,7
SKU0113,2024-02-11,7
SKU0113,2024-02-18,5
SKU0113,2024-02-25,10
SKU0113,2024-03-03,7
SKU0113,2024-03-10,4
SKU0113,2024-03-17,6
SKU0113,2024-03-24,5
SKU0113,2024-03-31,4
SKU0113,2024-04-07,10
SKU0113,2024-04-14,5
SKU0113,2024-04-21,5
SKU0113,2024-04-28,4
SKU0113,2024-05-05,4
SKU0113,2024-05-12,2
SKU0113,2024-05-19,5
SKU0113,2024-05-26,4
SKU0113,2024-06-02,5
SKU0113,2024-06-09,7
SKU0113,2024-06-16,2
SKU0113,2024-06-23,5
SKU0113,2024-06-30,5
SKU0113,2024-07-07,3
SKU0113,2024-07-14,2
SKU0113,2024-07-21,2
SKU0113,2024-07-28,4
SKU0113,2024-08-04,2
SKU0113,2024-08-11,5
SKU0113,2024-08-18,2
SKU0113,2024-08-25,4
SKU0113,2024-09-01,0
SKU0113,2024-09-08,3
SKU0113,2024-09-15,2
SKU0113,2024-09-22,8
SKU0113,2024-09-29,2
SKU0113,2024-10-06,6
SKU0113,2024-10-13,5
SKU0113,2024-10-20,7
SKU0113,2024-10-27,8
SKU0113,2024-11-03,6
SKU0113,2024-11-10,5
SKU0113,2024-11-17,5
SKU0113,2024-11-24,2
SKU0113,2024-12-01,7
SKU0113,2024-12-08,3
SKU0113,2024-12-15,5
SKU0113,2024-12-22,5
SKU0113,2024-12-29,6
SKU0113,2025-01-05,5
SKU0113,2025-01-12,7
SKU0113,2025-01-19,8
SKU0113,2025-01-26,3
SKU0113,2025-02-02,6
SKU0113,2025-02-09,6
SKU0113,2025-02-16,3
SKU0113,2025-02-23,3
SKU0113,2025-03-02,4
SKU0113,2025-03-09,3
SKU0113,2025-03-16,2
SKU0113,2025-03-23,2
SKU0113,2025-03-30,3
SKU0113,2025-04-06,3
SKU0113,2025-04-13,1
SKU0113,2025-04-20,3
SKU0113,2025-04-27,3
SKU0113,2025-05-04,1
SKU0113,2025-05-11,2
SKU0113,2025-05-18,0
SKU0113,2025-05-25,1
SKU0113,2025-06-01,2
SKU0113,2025-06-08,4
SKU0113,2025-06-15,2
SKU0113,2025-06-22,2
SKU0113,2025-06-29,0
SKU0113,2025-07-06,0
SKU0113,2025-07-13,1
SKU0113,2025-07-20,4
SKU0113,2025-07-27,0
SKU0113,2025-08-03,0
SKU0113,2025-08-10,0
SKU0113,2025-08-17,0
SKU0113,2025-08-24,2
SKU0113,2025-08-31,2
SKU0113,2025-09-07,0
SKU0113,2025-09-14,1
SKU0113,2025-09-21,0
SKU0113,2025-09-28,1
SKU0113,2025-10-05,0
SKU0114,2025-03-30,93
SKU0114,2025-04-06,81
SKU0114,2025-04-13,84
SKU0114,2025-04-20,68
SKU0114,2025-04-27,71
SKU0114,2025-05-04,72
SKU0114,2025-05-11,84
SKU0114,2025-05-18,75
SKU0114,2025-05-25,66
SKU0114,2025-06-01,65
SKU0114,2025-06-08,106
SKU0114,2025-06-15,61
SKU0114,2025-06-22,66
SKU0114,2025-06-29,75
SKU0114,2025-07-06,65
SKU0114,2025-07-13,67
SKU0114,2025-07-20,74
SKU0114,2025-07-27,72
SKU0114,2025-08-03,71
SKU0114,2025-08-10,65
SKU0114,2025-08-17,83
SKU0114,2025-08-24,105
SKU0114,2025-08-31,98
SKU0114,2025-09-07,107
SKU0114,2025-09-14,121
SKU0114,2025-09-21,105
SKU0114,2025-09-28,118
SKU0114,2025-10-05,32
SKU0115,2024-01-07,268
SKU0115,2024-01-14,319
SKU0115,2024-01-21,384
SKU0115,2024-01-28,277
SKU0115,2024-02-04,268
SKU0115,2024-02-11,253
SKU0115,2024-02-18,286
SKU0115,2024-02-25,296
SKU0115,2024-03-03,261
SKU0115,2024-03-10,247
SKU0115,2024-03-17,219
SKU0115,2024-03-24,241
SKU0115,2024-03-31,242
SKU0115,2024-04-07,200
SKU0115,2024-04-14,212
SKU0115,2024-04-21,194
SKU0115,2024-04-28,198
SKU0115,2024-05-05,186
SKU0115,2024-05-12,178
SKU0115,2024-05-19,169
SKU0115,2024-05-26,150
SKU0115,2024-06-02,228
SKU0115,2024-06-09,236
SKU0115,2024-06-16,191
SKU0115,2024-06-23,167
SKU0115,2024-06-30,167
SKU0115,2024-07-07,172
SKU0115,2024-07-14,196
SKU0115,2024-07-21,222
SKU0115,2024-07-28,213
SKU0115,2024-08-04,203
SKU0115,2024-08-11,246
SKU0115,2024-08-18,242
SKU0115,2024-08-25,251
SKU0115,2024-09-01,250
SKU0115,2024-09-08,268
SKU0115,2024-09-15,290
SKU0115,2024-09-22,311
SKU0115,2024-09-29,346
SKU0115,2024-10-06,342
SKU0115,2024-10-13,377
SKU0115,2024-10-20,440
SKU0115,2024-10-27,556
SKU0115,2024-11-03,407
SKU0115,2024-11-10,402
SKU0115,2024-11-17,435
SKU0115,2024-11-24,476
SKU0115,2024-12-01,561
SKU0115,2024-12-08,454
SKU0115,2024-12-15,450
SKU0115,2024-12-22,454
SKU0115,2024-12-29,462
SKU0115,2025-01-05,455
SKU0115,2025-01-12,460
SKU0115,2025-01-19,668
SKU0115,2025-01-26,436
SKU0115,2025-02-02,450
SKU0115,2025-02-09,459
SKU0115,2025-02-16,430
SKU0115,2025-02-23,432
SKU0115,2025-03-02,396
SKU0115,2025-03-09,373
SKU0115,2025-03-16,364
SKU0115,2025-03-23,353
SKU0115,2025-03-30,357
SKU0115,2025-04-06,318
SKU0115,2025-04-13,324
SKU0115,2025-04-20,272
SKU0115,2025-04-27,284
SKU0115,2025-05-04,280
SKU0115,2025-05-11,280
SKU0115,2025-05-18,251
SKU0115,2025-05-25,225
SKU0115,2025-06-01,302
SKU0115,2025-06-08,384
SKU0115,2025-06-15,271
SKU0115,2025-06-22,230
SKU0115,2025-06-29,245
SKU0115,2025-07-06,291
SKU0115,2025-07-13,299
SKU0115,2025-07-20,272
SKU0115,2025-07-27,293
SKU0115,2025-08-03,304
SKU0115,2025-08-10,333
SKU0115,2025-08-17,331
SKU0115,2025-08-24,305
SKU0115,2025-08-31,364
SKU0115,2025-09-07,381
SKU0115,2025-09-14,401
SKU0115,2025-09-21,465
SKU0115,2025-09-28,447
SKU0115,2025-10-05,145
SKU0116,2024-01-07,5
SKU0116,2024-01-14,2
SKU0116,2024-01-21,9
SKU0116,2024-01-28,5
SKU0116,2024-02-04,3
SKU0116,2024-02-11,4
SKU0116,2024-02-18,6
SKU0116,2024-02-25,4
SKU0116,2024-03-03,7
SKU0116,2024-03-10,1
SKU0116,2024-03-17,3
SKU0116,2024-03-24,4
SKU0116,2024-03-31,9
SKU0116,2024-04-07,3
SKU0116,2024-04-14,2
SKU0116,2024-04-21,2
SKU0116,2024-04-28,7
SKU0116,2024-05-05,4
SKU0116,2024-05-12,5
SKU0116,2024-05-19,3
SKU0116,2024-05-26,2
SKU0116,2024-06-02,4
SKU0116,2024-06-09,8
SKU0116,2024-06-16,6
SKU0116,2024-06-23,2
SKU0116,2024-06-30,7
SKU0116,2024-07-07,6
SKU0116,2024-07-14,2
SKU0116,2024-07-21,4
SKU0116,2024-07-28,5
SKU0116,2024-08-04,2
SKU0116,2024-08-11,3
SKU0116,2024-08-18,2
SKU0116,2024-08-25,2
SKU0116,2024-09-01,2
SKU0116,2024-09-08,2
SKU0116,2024-09-15,7
SKU0116,2024-09-22,3
SKU0116,2024-09-29,0
SKU0116,2024-10-06,2
SKU0116,2024-10-13,2
SKU0116,2024-10-20,4
SKU0116,2024-10-27,7
SKU0116,2024-11-03,3
SKU0116,2024-11-10,4
SKU0116,2024-11-17,1
SKU0116,2024-11-24,2
SKU0116,2024-12-01,10
SKU0116,2024-12-08,2
SKU0116,2024-12-15,2
SKU0116,2024-12-22,3
SKU0116,2024-12-29,0
SKU0116,2025-01-05,2
SKU0116,2025-01-12,1
SKU0116,2025-01-19,2
SKU0116,2025-01-26,2
SKU0116,2025-02-02,0
SKU0116,2025-02-09,3
SKU0116,2025-02-16,4
SKU0116,2025-02-23,4
SKU0116,2025-03-02,0
SKU0116,2025-03-09,1
SKU0116,2025-03-16,1
SKU0116,2025-03-23,1
SKU0116,2025-03-30,1
SKU0116,2025-04-06,0
SKU0116,2025-04-13,2
SKU0116,2025-04-20,1
SKU0116,2025-04-27,0
SKU0116,2025-05-04,0
SKU0116,2025-05-11,0
SKU0116,2025-05-18,0
SKU0116,2025-05-25,0
SKU0116,2025-06-01,0
SKU0116,2025-06-08,1
SKU0116,2025-06-15,0
SKU0116,2025-06-22,0
SKU0116,2025-06-29,0
SKU0116,2025-07-06,1
SKU0116,2025-07-13,0
SKU0116,2025-07-20,0
SKU0116,2025-07-27,0
SKU0116,2025-08-03,0
SKU0116,2025-08-10,0
SKU0116,2025-08-17,1
SKU0116,2025-08-24,0
SKU0116,2025-08-31,1
SKU0116,2025-09-07,0
SKU0116,2025-09-14,0
SKU0116,2025-09-21,0
SKU0116,2025-09-28,0
SKU0116,2025-10-05,0
SKU0117,2024-11-17,2
SKU0117,2024-11-24,3
SKU0117,2024-12-01,4
SKU0117,2024-12-08,4
SKU0117,2024-12-15,5
SKU0117,2024-12-22,10
SKU0117,2024-12-29,6
SKU0117,2025-01-05,6
SKU0117,2025-01-12,5
SKU0117,2025-01-19,6
SKU0117,2025-01-26,4
SKU0117,2025-02-02,2
SKU0117,2025-02-09,5
SKU0117,2025-02-16,5
SKU0117,2025-02-23,0
SKU0117,2025-03-02,3
SKU0117,2025-03-09,1
SKU0117,2025-03-16,2
SKU0117,2025-03-23,2
SKU0117,2025-03-30,1
SKU0117,2025-04-06,2
SKU0117,2025-04-13,3
SKU0117,2025-04-20,1
SKU0117,2025-04-27,0
SKU0117,2025-05-04,0
SKU0117,2025-05-11,0
SKU0117,2025-05-18,0
SKU0117,2025-05-25,1
SKU0117,2025-06-01,1
SKU0117,2025-06-08,0
SKU0117,2025-06-15,0
SKU0117,2025-06-22,0
SKU0117,2025-06-29,0
SKU0117,2025-07-06,1
SKU0117,2025-07-13,0
SKU0117,2025-07-20,2
SKU0117,2025-07-27,1
SKU0117,2025-08-03,1
SKU0117,2025-08-10,0
SKU0117,2025-08-17,2
SKU0117,2025-08-24,0
SKU0117,2025-08-31,1
SKU0117,2025-09-07,1
SKU0117,2025-09-14,1
SKU0117,2025-09-21,0
SKU0117,2025-09-28,0
SKU0117,2025-10-05,0
SKU0118,2024-01-07,86
SKU0118,2024-01-14,101
SKU0118,2024-01-21,110
SKU0118,2024-01-28,90
SKU0118,2024-02-04,70
SKU0118,2024-02-11,77
SKU0118,2024-02-18,91
SKU0118,2024-02-25,85
SKU0118,2024-03-03,94
SKU0118,2024-03-10,85
SKU0118,2024-03-17,77
SKU0118,2024-03-24,89
SKU0118,2024-03-31,86
SKU0118,2024-04-07,74
SKU0118,2024-04-14,63
SKU0118,2024-04-21,75
SKU0118,2024-04-28,47
SKU0118,2024-05-05,78
SKU0118,2024-05-12,70
SKU0118,2024-05-19,53
SKU0118,2024-05-26,67
SKU0118,2024-06-02,80
SKU0118,2024-06-09,80
SKU0118,2024-06-16,68
SKU0118,2024-06-23,70
SKU0118,2024-06-30,67
SKU0118,2024-07-07,68
SKU0118,2024-07-14,65
SKU0118,2024-07-21,88
SKU0118,2024-07-28,80
SKU0118,2024-08-04,84
SKU0118,2024-08-11,69
SKU0118,2024-08-18,99
SKU0118,2024-08-25,91
SKU0118,2024-09-01,117
SKU0118,2024-09-08,112
SKU0118,2024-09-15,123
SKU0118,2024-09-22,124
SKU0118,2024-09-29,112
SKU0118,2024-10-06,133
SKU0118,2024-10-13,130
SKU0118,2024-10-20,174
SKU0118,2024-10-27,200
SKU0118,2024-11-03,157
SKU0118,2024-11-10,139
SKU0118,2024-11-17,148
SKU0118,2024-11-24,166
SKU0118,2024-12-01,167
SKU0118,2024-12-08,161
SKU0118,2024-12-15,169
SKU0118,2024-12-22,175
SKU0118,2024-12-29,157
SKU0118,2025-01-05,157
SKU0118,2025-01-12,170
SKU0118,2025-01-19,276
SKU0118,2025-01-26,147
SKU0118,2025-02-02,167
SKU0118,2025-02-09,174
SKU0118,2025-02-16,133
SKU0118,2025-02-23,160
SKU0118,2025-03-02,161
SKU0118,2025-03-09,143
SKU0118,2025-03-16,176
SKU0118,2025-03-23,149
SKU0118,2025-03-30,129
SKU0118,2025-04-06,117
SKU0118,2025-04-13,140
SKU0118,2025-04-20,118
SKU0118,2025-04-27,142
SKU0118,2025-05-04,122
SKU0118,2025-05-11,102
SKU0118,2025-05-18,111
SKU0118,2025-05-25,108
SKU0118,2025-06-01,127
SKU0118,2025-06-08,185
SKU0118,2025-06-15,123
SKU0118,2025-06-22,137
SKU0118,2025-06-29,124
SKU0118,2025-07-06,123
SKU0118,2025-07-13,117
SKU0118,2025-07-20,148
SKU0118,2025-07-27,137
SKU0118,2025-08-03,116
SKU0118,2025-08-10,145
SKU0118,2025-08-17,133
SKU0118,2025-08-24,148
SKU0118,2025-08-31,145
SKU0118,2025-09-07,173
SKU0118,2025-09-14,172
SKU0118,2025-09-21,191
SKU0118,2025-09-28,183
SKU0118,2025-10-05,59
SKU0119,2024-01-07,108
SKU0119,2024-01-14,123
SKU0119,2024-01-21,145
SKU0119,2024-01-28,98
SKU0119,2024-02-04,101
SKU0119,2024-02-11,94
SKU0119,2024-02-18,99
SKU0119,2024-02-25,122
SKU0119,2024-03-03,132
SKU0119,2024-03-10,128
SKU0119,2024-03-17,119
SKU0119,2024-03-24,103
SKU0119,2024-03-31,121
SKU0119,2024-04-07,111
SKU0119,2024-04-14,109
SKU0119,2024-04-21,114
SKU0119,2024-04-28,106
SKU0119,2024-05-05,101
SKU0119,2024-05-12,131
SKU0119,2024-05-19,120
SKU0119,2024-05-26,114
SKU0119,2024-06-02,166
SKU0119,2024-06-09,157
SKU0119,2024-06-16,127
SKU0119,2024-06-23,137
SKU0119,2024-06-30,103
SKU0119,2024-07-07,114
SKU0119,2024-07-14,137
SKU0119,2024-07-21,120
SKU0119,2024-07-28,141
SKU0119,2024-08-04,139
SKU0119,2024-08-11,136
SKU0119,2024-08-18,139
SKU0119,2024-08-25,151
SKU0119,2024-09-01,167
SKU0119,2024-09-08,158
SKU0119,2024-09-15,177
SKU0119,2024-09-22,164
SKU0119,2024-09-29,188
SKU0119,2024-10-06,208
SKU0119,2024-10-13,188
SKU0119,2024-10-20,226
SKU0119,2024-10-27,343
SKU0119,2024-11-03,220
SKU0119,2024-11-10,187
SKU0119,2024-11-17,229
SKU0119,2024-11-24,287
SKU0119,2024-12-01,308
SKU0119,2024-12-08,233
SKU0119,2024-12-15,219
SKU0119,2024-12-22,226
SKU0119,2024-12-29,218
SKU0119,2025-01-05,214
SKU0119,2025-01-12,205
SKU0119,2025-01-19,339
SKU0119,2025-01-26,222
SKU0119,2025-02-02,259
SKU0119,2025-02-09,220
SKU0119,2025-02-16,229
SKU0119,2025-02-23,229
SKU0119,2025-03-02,251
SKU0119,2025-03-09,226
SKU0119,2025-03-16,215
SKU0119,2025-03-23,231
SKU0119,2025-03-30,208
SKU0119,2025-04-06,220
SKU0119,2025-04-13,213
SKU0119,2025-04-20,207
SKU0119,2025-04-27,183
SKU0119,2025-05-04,196
SKU0119,2025-05-11,223
SKU0119,2025-05-18,200
SKU0119,2025-05-25,177
SKU0119,2025-06-01,237
SKU0119,2025-06-08,279
SKU0119,2025-06-15,212
SKU0119,2025-06-22,196
SKU0119,2025-06-29,216
SKU0119,2025-07-06,216
SKU0119,2025-07-13,222
SKU0119,2025-07-20,196
SKU0119,2025-07-27,226
SKU0119,2025-08-03,227
SKU0119,2025-08-10,242
SKU0119,2025-08-17,230
SKU0119,2025-08-24,244
SKU0119,2025-08-31,285
SKU0119,2025-09-07,270
SKU0119,2025-09-14,245
SKU0119,2025-09-21,296
SKU0119,2025-09-28,275
SKU0119,2025-10-05,77
SKU0120,2024-01-07,81
SKU0120,2024-01-14,107
SKU0120,2024-01-21,105
SKU0120,2024-01-28,80
SKU0120,2024-02-04,62
SKU0120,2024-02-11,70
SKU0120,2024-02-18,66
SKU0120,2024-02-25,73
SKU0120,2024-03-03,63
SKU0120,2024-03-10,65
SKU0120,2024-03-17,52
SKU0120,2024-03-24,67
SKU0120,2024-03-31,55
SKU0120,2024-04-07,63
SKU0120,2024-04-14,50
SKU0120,2024-04-21,64
SKU0120,2024-04-28,53
SKU0120,2024-05-05,50
SKU0120,2024-05-12,49
SKU0120,2024-05-19,47
SKU0120,2024-05-26,52
SKU0120,2024-06-02,52
SKU0120,2024-06-09,69
SKU0120,2024-06-16,47
SKU0120,2024-06-23,50
SKU0120,2024-06-30,41
SKU0120,2024-07-07,66
SKU0120,2024-07-14,58
SKU0120,2024-07-21,55
SKU0120,2024-07-28,59
SKU0120,2024-08-04,42
SKU0120,2024-08-11,65
SKU0120,2024-08-18,68
SKU0120,2024-08-25,62
SKU0120,2024-09-01,60
SKU0120,2024-09-08,64
SKU0120,2024-09-15,65
SKU0120,2024-09-22,75
SKU0120,2024-09-29,84
SKU0120,2024-10-06,77
SKU0120,2024-10-13,71
SKU0120,2024-10-20,87
SKU0120,2024-10-27,151
SKU0120,2024-11-03,73
SKU0120,2024-11-10,75
SKU0120,2024-11-17,83
SKU0120,2024-11-24,101
SKU0120,2024-12-01,115
SKU0120,2024-12-08,101
SKU0120,2024-12-15,105
SKU0120,2024-12-22,103
SKU0120,2024-12-29,75
SKU0120,2025-01-05,94
SKU0120,2025-01-12,87
SKU0120,2025-01-19,140
SKU0120,2025-01-26,93
SKU0120,2025-02-02,114
SKU0120,2025-02-09,95
SKU0120,2025-02-16,91
SKU0120,2025-02-23,75
SKU0120,2025-03-02,81
SKU0120,2025-03-09,92
SKU0120,2025-03-16,79
SKU0120,2025-03-23,75
SKU0120,2025-03-30,70
SKU0120,2025-04-06,70
SKU0120,2025-04-13,63
SKU0120,2025-04-20,67
SKU0120,2025-04-27,62
SKU0120,2025-05-04,62
SKU0120,2025-05-11,74
SKU0120,2025-05-18,57
SKU0120,2025-05-25,65
SKU0120,2025-06-01,62
SKU0120,2025-06-08,86
SKU0120,2025-06-15,65
SKU0120,2025-06-22,41
SKU0120,2025-06-29,59
SKU0120,2025-07-06,64
SKU0120,2025-07-13,65
SKU0120,2025-07-20,64
SKU0120,2025-07-27,65
SKU0120,2025-08-03,71
SKU0120,2025-08-10,77
SKU0120,2025-08-17,78
SKU0120,2025-08-24,72
SKU0120,2025-08-31,65
SKU0120,2025-09-07,87
SKU0120,2025-09-14,77
SKU0120,2025-09-21,74
SKU0120,2025-09-28,88
SKU0120,2025-10-05,25
SKU0121,2024-01-07,153
SKU0121,2024-01-14,148
SKU0121,2024-01-21,179
SKU0121,2024-01-28,152
SKU0121,2024-02-04,133
SKU0121,2024-02-11,122
SKU0121,2024-02-18,142
SKU0121,2024-02-25,122
SKU0121,2024-03-03,111
SKU0121,2024-03-10,113
SKU0121,2024-03-17,92
SKU0121,2024-03-24,78
SKU0121,2024-03-31,83
SKU0121,2024-04-07,84
SKU0121,2024-04-14,86
SKU0121,2024-04-21,70
SKU0121,2024-04-28,69
SKU0121,2024-05-05,66
SKU0121,2024-05-12,72
SKU0121,2024-05-19,59
SKU0121,2024-05-26,55
SKU0121,2024-06-02,75
SKU0121,2024-06-09,69
SKU0121,2024-06-16,69
SKU0121,2024-06-23,44
SKU0121,2024-06-30,56
SKU0121,2024-07-07,43
SKU0121,2024-07-14,62
SKU0121,2024-07-21,57
SKU0121,2024-07-28,55
SKU0121,2024-08-04,74
SKU0121,2024-08-11,46
SKU0121,2024-08-18,61
SKU0121,2024-08-25,55
SKU0121,2024-09-01,64
SKU0121,2024-09-08,69
SKU0121,2024-09-15,74
SKU0121,2024-09-22,53
SKU0121,2024-09-29,73
SKU0121,2024-10-06,80
SKU0121,2024-10-13,66
SKU0121,2024-10-20,76
SKU0121,2024-10-27,132
SKU0121,2024-11-03,93
SKU0121,2024-11-10,76
SKU0121,2024-11-17,84
SKU0121,2024-11-24,91
SKU0121,2024-12-01,101
SKU0121,2024-12-08,96
SKU0121,2024-12-15,80
SKU0121,2024-12-22,85
SKU0121,2024-12-29,58
SKU0121,2025-01-05,67
SKU0121,2025-01-12,57
SKU0121,2025-01-19,86
SKU0121,2025-01-26,65
SKU0121,2025-02-02,49
SKU0121,2025-02-09,45
SKU0121,2025-02-16,67
SKU0121,2025-02-23,40
SKU0121,2025-03-02,62
SKU0121,2025-03-09,42
SKU0121,2025-03-16,55
SKU0121,2025-03-23,45
SKU0121,2025-03-30,49
SKU0121,2025-04-06,34
SKU0121,2025-04-13,38
SKU0121,2025-04-20,31
SKU0121,2025-04-27,30
SKU0121,2025-05-04,31
SKU0121,2025-05-11,21
SKU0121,2025-05-18,22
SKU0121,2025-05-25,23
SKU0121,2025-06-01,19
SKU0121,2025-06-08,21
SKU0121,2025-06-15,20
SKU0121,2025-06-22,30
SKU0121,2025-06-29,20
SKU0121,2025-07-06,19
SKU0121,2025-07-13,12
SKU0121,2025-07-20,19
SKU0121,2025-07-27,14
SKU0121,2025-08-03,16
SKU0121,2025-08-10,14
SKU0121,2025-08-17,14
SKU0121,2025-08-24,21
SKU0121,2025-08-31,18
SKU0121,2025-09-07,7
SKU0121,2025-09-14,17
SKU0121,2025-09-21,12
SKU0121,2025-09-28,5
SKU0121,2025-10-05,1
SKU0122,2025-05-25,20
SKU0122,2025-06-01,23
SKU0122,2025-06-08,16
SKU0122,2025-06-15,21
SKU0122,2025-06-22,17
SKU0122,2025-06-29,16
SKU0122,2025-07-06,23
SKU0122,2025-07-13,19
SKU0122,2025-07-20,19
SKU0122,2025-07-27,12
SKU0122,2025-08-03,16
SKU0122,2025-08-10,11
SKU0122,2025-08-17,26
SKU0122,2025-08-24,22
SKU0122,2025-08-31,25
SKU0122,2025-09-07,18
SKU0122,2025-09-14,17
SKU0122,2025-09-21,29
SKU0122,2025-09-28,22
SKU0122,2025-10-05,7
SKU0123,2024-01-07,126
SKU0123,2024-01-14,143
SKU0123,2024-01-21,164
SKU0123,2024-01-28,105
SKU0123,2024-02-04,135
SKU0123,2024-02-11,126
SKU0123,2024-02-18,143
SKU0123,2024-02-25,127
SKU0123,2024-03-03,119
SKU0123,2024-03-10,139
SKU0123,2024-03-17,107
SKU0123,2024-03-24,101
SKU0123,2024-03-31,113
SKU0123,2024-04-07,98
SKU0123,2024-04-14,113
SKU0123,2024-04-21,86
SKU0123,2024-04-28,90
SKU0123,2024-05-05,101
SKU0123,2024-05-12,97
SKU0123,2024-05-19,98
SKU0123,2024-05-26,109
SKU0123,2024-06-02,128
SKU0123,2024-06-09,90
SKU0123,2024-06-16,104
SKU0123,2024-06-23,94
SKU0123,2024-06-30,91
SKU0123,2024-07-07,94
SKU0123,2024-07-14,99
SKU0123,2024-07-21,100
SKU0123,2024-07-28,111
SKU0123,2024-08-04,118
SKU0123,2024-08-11,129
SKU0123,2024-08-18,137
SKU0123,2024-08-25,129
SKU0123,2024-09-01,146
SKU0123,2024-09-08,171
SKU0123,2024-09-15,183
SKU0123,2024-09-22,183
SKU0123,2024-09-29,218
SKU0123,2024-10-06,217
SKU0123,2024-10-13,217
SKU0123,2024-10-20,269
SKU0123,2024-10-27,355
SKU0123,2024-11-03,261
SKU0123,2024-11-10,291
SKU0123,2024-11-17,266
SKU0123,2024-11-24,323
SKU0123,2024-12-01,409
SKU0123,2024-12-08,283
SKU0123,2024-12-15,302
SKU0123,2024-12-22,302
SKU0123,2024-12-29,328
SKU0123,2025-01-05,308
SKU0123,2025-01-12,320
SKU0123,2025-01-19,477
SKU0123,2025-01-26,318
SKU0123,2025-02-02,314
SKU0123,2025-02-09,311
SKU0123,2025-02-16,280
SKU0123,2025-02-23,287
SKU0123,2025-03-02,292
SKU0123,2025-03-09,277
SKU0123,2025-03-16,260
SKU0123,2025-03-23,238
SKU0123,2025-03-30,242
SKU0123,2025-04-06,228
SKU0123,2025-04-13,242
SKU0123,2025-04-20,219
SKU0123,2025-04-27,195
SKU0123,2025-05-04,183
SKU0123,2025-05-11,206
SKU0123,2025-05-18,194
SKU0123,2025-05-25,210
SKU0123,2025-06-01,188
SKU0123,2025-06-08,219
SKU0123,2025-06-15,176
SKU0123,2025-06-22,188
SKU0123,2025-06-29,181
SKU0123,2025-07-06,194
SKU0123,2025-07-13,170
SKU0123,2025-07-20,175
SKU0123,2025-07-27,196
SKU0123,2025-08-03,195
SKU0123,2025-08-10,226
SKU0123,2025-08-17,253
SKU0123,2025-08-24,277
SKU0123,2025-08-31,255
SKU0123,2025-09-07,305
SKU0123,2025-09-14,275
SKU0123,2025-09-21,359
SKU0123,2025-09-28,363
SKU0123,2025-10-05,87
SKU0124,2024-01-07,239
SKU0124,2024-01-14,289
SKU0124,2024-01-21,329
SKU0124,2024-01-28,258
SKU0124,2024-02-04,225
SKU0124,2024-02-11,237
SKU0124,2024-02-18,251
SKU0124,2024-02-25,251
SKU0124,2024-03-03,222
SKU0124,2024-03-10,221
SKU0124,2024-03-17,231
SKU0124,2024-03-24,222
SKU0124,2024-03-31,228
SKU0124,2024-04-07,199
SKU0124,2024-04-14,211
SKU0124,2024-04-21,207
SKU0124,2024-04-28,211
SKU0124,2024-05-05,212
SKU0124,2024-05-12,210
SKU0124,2024-05-19,200
SKU0124,2024-05-26,182
SKU0124,2024-06-02,244
SKU0124,2024-06-09,250
SKU0124,2024-06-16,174
SKU0124,2024-06-23,206
SKU0124,2024-06-30,193
SKU0124,2024-07-07,212
SKU0124,2024-07-14,212
SKU0124,2024-07-21,239
SKU0124,2024-07-28,228
SKU0124,2024-08-04,223
SKU0124,2024-08-11,243
SKU0124,2024-08-18,241
SKU0124,2024-08-25,265
SKU0124,2024-09-01,339
SKU0124,2024-09-08,281
SKU0124,2024-09-15,331
SKU0124,2024-09-22,295
SKU0124,2024-09-29,336
SKU0124,2024-10-06,365
SKU0124,2024-10-13,376
SKU0124,2024-10-20,409
SKU0124,2024-10-27,649
SKU0124,2024-11-03,436
SKU0124,2024-11-10,430
SKU0124,2024-11-17,442
SKU0124,2024-11-24,521
SKU0124,2024-12-01,665
SKU0124,2024-12-08,524
SKU0124,2024-12-15,496
SKU0124,2024-12-22,513
SKU0124,2024-12-29,492
SKU0124,2025-01-05,488
SKU0124,2025-01-12,521
SKU0124,2025-01-19,749
SKU0124,2025-01-26,471
SKU0124,2025-02-02,475
SKU0124,2025-02-09,485
SKU0124,2025-02-16,505
SKU0124,2025-02-23,479
SKU0124,2025-03-02,487
SKU0124,2025-03-09,459
SKU0124,2025-03-16,429
SKU0124,2025-03-23,410
SKU0124,2025-03-30,425
SKU0124,2025-04-06,387
SKU0124,2025-04-13,370
SKU0124,2025-04-20,358
SKU0124,2025-04-27,324
SKU0124,2025-05-04,355
SKU0124,2025-05-11,341
SKU0124,2025-05-18,302
SKU0124,2025-05-25,324
SKU0124,2025-06-01,333
SKU0124,2025-06-08,468
SKU0124,2025-06-15,343
SKU0124,2025-06-22,325
SKU0124,2025-06-29,316
SKU0124,2025-07-06,345
SKU0124,2025-07-13,349
SKU0124,2025-07-20,352
SKU0124,2025-07-27,383
SKU0124,2025-08-03,391
SKU0124,2025-08-10,351
SKU0124,2025-08-17,381
SKU0124,2025-08-24,402
SKU0124,2025-08-31,463
SKU0124,2025-09-07,504
SKU0124,2025-09-14,465
SKU0124,2025-09-21,546
SKU0124,2025-09-28,519
SKU0124,2025-10-05,148
SKU0125,2024-01-07,3
SKU0125,2024-01-14,12
SKU0125,2024-01-21,21
SKU0125,2024-01-28,7
SKU0125,2024-02-04,11
SKU0125,2024-02-11,9
SKU0125,2024-02-18,14
SKU0125,2024-02-25,8
SKU0125,2024-03-03,3
SKU0125,2024-03-10,6
SKU0125,2024-03-17,10
SKU0125,2024-03-24,14
SKU0125,2024-03-31,12
SKU0125,2024-04-07,5
SKU0125,2024-04-14,10
SKU0125,2024-04-21,15
SKU0125,2024-04-28,8
SKU0125,2024-05-05,8
SKU0125,2024-05-12,9
SKU0125,2024-05-19,14
SKU0125,2024-05-26,11
SKU0125,2024-06-02,12
SKU0125,2024-06-09,17
SKU0125,2024-06-16,14
SKU0125,2024-06-23,10
SKU0125,2024-06-30,9
SKU0125,2024-07-07,5
SKU0125,2024-07-14,11
SKU0125,2024-07-21,14
SKU0125,2024-07-28,16
SKU0125,2024-08-04,19
SKU0125,2024-08-11,9
SKU0125,2024-08-18,16
SKU0125,2024-08-25,19
SKU0125,2024-09-01,15
SKU0125,2024-09-08,16
SKU0125,2024-09-15,10
SKU0125,2024-09-22,18
SKU0125,2024-09-29,24
SKU0125,2024-10-06,18
SKU0125,2024-10-13,17
SKU0125,2024-10-20,15
SKU0125,2024-10-27,29
SKU0125,2024-11-03,15
SKU0125,2024-11-10,25
SKU0125,2024-11-17,20
SKU0125,2024-11-24,24
SKU0125,2024-12-01,27
SKU0125,2024-12-08,25
SKU0125,2024-12-15,20
SKU0125,2024-12-22,13
SKU0125,2024-12-29,22
SKU0125,2025-01-05,20
SKU0125,2025-01-12,16
SKU0125,2025-01-19,39
SKU0125,2025-01-26,22
SKU0125,2025-02-02,28
SKU0125,2025-02-09,21
SKU0125,2025-02-16,26
SKU0125,2025-02-23,28
SKU0125,2025-03-02,21
SKU0125,2025-03-09,22
SKU0125,2025-03-16,13
SKU0125,2025-03-23,21
SKU0125,2025-03-30,29
SKU0125,2025-04-06,19
SKU0125,2025-04-13,21
SKU0125,2025-04-20,14
SKU0125,2025-04-27,30
SKU0125,2025-05-04,22
SKU0125,2025-05-11,28
SKU0125,2025-05-18,23
SKU0125,2025-05-25,13
SKU0125,2025-06-01,26
SKU0125,2025-06-08,34
SKU0125,2025-06-15,17
SKU0125,2025-06-22,13
SKU0125,2025-06-29,28
SKU0125,2025-07-06,25
SKU0125,2025-07-13,24
SKU0125,2025-07-20,24
SKU0125,2025-07-27,28
SKU0125,2025-08-03,20
SKU0125,2025-08-10,22
SKU0125,2025-08-17,23
SKU0125,2025-08-24,30
SKU0125,2025-08-31,29
SKU0125,2025-09-07,24
SKU0125,2025-09-14,32
SKU0125,2025-09-21,18
SKU0125,2025-09-28,22
SKU0125,2025-10-05,7
SKU0126,2025-04-13,22
SKU0126,2025-04-20,28
SKU0126,2025-04-27,39
SKU0126,2025-05-04,40
SKU0126,2025-05-11,38
SKU0126,2025-05-18,33
SKU0126,2025-05-25,25
SKU0126,2025-06-01,32
SKU0126,2025-06-08,40
SKU0126,2025-06-15,28
SKU0126,2025-06-22,24
SKU0126,2025-06-29,34
SKU0126,2025-07-06,22
SKU0126,2025-07-13,37
SKU0126,2025-07-20,43
SKU0126,2025-07-27,30
SKU0126,2025-08-03,28
SKU0126,2025-08-10,38
SKU0126,2025-08-17,29
SKU0126,2025-08-24,35
SKU0126,2025-08-31,39
SKU0126,2025-09-07,30
SKU0126,2025-09-14,45
SKU0126,2025-09-21,33
SKU0126,2025-09-28,43
SKU0126,2025-10-05,11
SKU0127,2025-04-27,7
SKU0127,2025-05-04,25
SKU0127,2025-05-11,20
SKU0127,2025-05-18,18
SKU0127,2025-05-25,22
SKU0127,2025-06-01,17
SKU0127,2025-06-08,41
SKU0127,2025-06-15,20
SKU0127,2025-06-22,17
SKU0127,2025-06-29,8
SKU0127,2025-07-06,19
SKU0127,2025-07-13,16
SKU0127,2025-07-20,16
SKU0127,2025-07-27,20
SKU0127,2025-08-03,12
SKU0127,2025-08-10,18
SKU0127,2025-08-17,24
SKU0127,2025-08-24,22
SKU0127,2025-08-31,22
SKU0127,2025-09-07,14
SKU0127,2025-09-14,22
SKU0127,2025-09-21,14
SKU0127,2025-09-28,21
SKU0127,2025-10-05,6
SKU0128,2024-01-07,286
SKU0128,2024-01-14,326
SKU0128,2024-01-21,346
SKU0128,2024-01-28,284
SKU0128,2024-02-04,249
SKU0128,2024-02-11,240
SKU0128,2024-02-18,231
SKU0128,2024-02-25,237
SKU0128,2024-03-03,230
SKU0128,2024-03-10,252
SKU0128,2024-03-17,234
SKU0128,2024-03-24,185
SKU0128,2024-03-31,171
SKU0128,2024-04-07,173
SKU0128,2024-04-14,164
SKU0128,2024-04-21,153
SKU0128,2024-04-28,145
SKU0128,2024-05-05,125
SKU0128,2024-05-12,143
SKU0128,2024-05-19,122
SKU0128,2024-05-26,122
SKU0128,2024-06-02,144
SKU0128,2024-06-09,150
SKU0128,2024-06-16,96
SKU0128,2024-06-23,101
SKU0128,2024-06-30,125
SKU0128,2024-07-07,120
SKU0128,2024-07-14,116
SKU0128,2024-07-21,125
SKU0128,2024-07-28,131
SKU0128,2024-08-04,127
SKU0128,2024-08-11,146
SKU0128,2024-08-18,157
SKU0128,2024-08-25,160
SKU0128,2024-09-01,139
SKU0128,2024-09-08,161
SKU0128,2024-09-15,163
SKU0128,2024-09-22,158
SKU0128,2024-09-29,155
SKU0128,2024-10-06,176
SKU0128,2024-10-13,195
SKU0128,2024-10-20,204
SKU0128,2024-10-27,309
SKU0128,2024-11-03,199
SKU0128,2024-11-10,173
SKU0128,2024-11-17,222
SKU0128,2024-11-24,259
SKU0128,2024-12-01,223
SKU0128,2024-12-08,199
SKU0128,2024-12-15,175
SKU0128,2024-12-22,196
SKU0128,2024-12-29,205
SKU0128,2025-01-05,181
SKU0128,2025-01-12,168
SKU0128,2025-01-19,242
SKU0128,2025-01-26,166
SKU0128,2025-02-02,155
SKU0128,2025-02-09,169
SKU0128,2025-02-16,162
SKU0128,2025-02-23,128
SKU0128,2025-03-02,147
SKU0128,2025-03-09,145
SKU0128,2025-03-16,119
SKU0128,2025-03-23,118
SKU0128,2025-03-30,120
SKU0128,2025-04-06,107
SKU0128,2025-04-13,96
SKU0128,2025-04-20,92
SKU0128,2025-04-27,106
SKU0128,2025-05-04,108
SKU0128,2025-05-11,68
SKU0128,2025-05-18,75
SKU0128,2025-05-25,63
SKU0128,2025-06-01,82
SKU0128,2025-06-08,83
SKU0128,2025-06-15,68
SKU0128,2025-06-22,62
SKU0128,2025-06-29,72
SKU0128,2025-07-06,51
SKU0128,2025-07-13,59
SKU0128,2025-07-20,72
SKU0128,2025-07-27,78
SKU0128,2025-08-03,63
SKU0128,2025-08-10,80
SKU0128,2025-08-17,65
SKU0128,2025-08-24,71
SKU0128,2025-08-31,83
SKU0128,2025-09-07,67
SKU0128,2025-09-14,89
SKU0128,2025-09-21,69
SKU0128,2025-09-28,85
SKU0128,2025-10-05,27
SKU0129,2025-04-20,39
SKU0129,2025-04-27,40
SKU0129,2025-05-04,20
SKU0129,2025-05-11,43
SKU0129,2025-05-18,35
SKU0129,2025-05-25,21
SKU0129,2025-06-01,23
SKU0129,2025-06-08,37
SKU0129,2025-06-15,24
SKU0129,2025-06-22,28
SKU0129,2025-06-29,13
SKU0129,2025-07-06,26
SKU0129,2025-07-13,21
SKU0129,2025-07-20,21
SKU0129,2025-07-27,21
SKU0129,2025-08-03,27
SKU0129,2025-08-10,18
SKU0129,2025-08-17,29
SKU0129,2025-08-24,34
SKU0129,2025-08-31,27
SKU0129,2025-09-07,39
SKU0129,2025-09-14,31
SKU0129,2025-09-21,29
SKU0129,2025-09-28,29
SKU0129,2025-10-05,9
SKU0130,2024-01-07,7
SKU0130,2024-01-14,6
SKU0130,2024-01-21,9
SKU0130,2024-01-28,9
SKU0130,2024-02-04,11
SKU0130,2024-02-11,4
SKU0130,2024-02-18,5
SKU0130,2024-02-25,6
SKU0130,2024-03-03,10
SKU0130,2024-03-10,4
SKU0130,2024-03-17,7
SKU0130,2024-03-24,6
SKU0130,2024-03-31,4
SKU0130,2024-04-07,8
SKU0130,2024-04-14,7
SKU0130,2024-04-21,6
SKU0130,2024-04-28,10
SKU0130,2024-05-05,7
SKU0130,2024-05-12,12
SKU0130,2024-05-19,8
SKU0130,2024-05-26,2
SKU0130,2024-06-02,8
SKU0130,2024-06-09,8
SKU0130,2024-06-16,9
SKU0130,2024-06-23,4
SKU0130,2024-06-30,5
SKU0130,2024-07-07,1
SKU0130,2024-07-14,5
SKU0130,2024-07-21,4
SKU0130,2024-07-28,6
SKU0130,2024-08-04,6
SKU0130,2024-08-11,5
SKU0130,2024-08-18,6
SKU0130,2024-08-25,4
SKU0130,2024-09-01,2
SKU0130,2024-09-08,4
SKU0130,2024-09-15,3
SKU0130,2024-09-22,5
SKU0130,2024-09-29,2
SKU0130,2024-10-06,2
SKU0130,2024-10-13,4
SKU0130,2024-10-20,7
SKU0130,2024-10-27,11
SKU0130,2024-11-03,5
SKU0130,2024-11-10,7
SKU0130,2024-11-17,6
SKU0130,2024-11-24,4
SKU0130,2024-12-01,10
SKU0130,2024-12-08,7
SKU0130,2024-12-15,2
SKU0130,2024-12-22,8
SKU0130,2024-12-29,5
SKU0130,2025-01-05,2
SKU0130,2025-01-12,8
SKU0130,2025-01-19,5
SKU0130,2025-01-26,3
SKU0130,2025-02-02,6
SKU0130,2025-02-09,4
SKU0130,2025-02-16,4
SKU0130,2025-02-23,5
SKU0130,2025-03-02,5
SKU0130,2025-03-09,3
SKU0130,2025-03-16,5
SKU0130,2025-03-23,6
SKU0130,2025-03-30,0
SKU0130,2025-04-06,3
SKU0130,2025-04-13,4
SKU0130,2025-04-20,6
SKU0130,2025-04-27,3
SKU0130,2025-05-04,2
SKU0130,2025-05-11,1
SKU0130,2025-05-18,1
SKU0130,2025-05-25,2
SKU0130,2025-06-01,2
SKU0130,2025-06-08,2
SKU0130,2025-06-15,1
SKU0130,2025-06-22,3
SKU0130,2025-06-29,2
SKU0130,2025-07-06,0
SKU0130,2025-07-13,2
SKU0130,2025-07-20,2
SKU0130,2025-07-27,2
SKU0130,2025-08-03,0
SKU0130,2025-08-10,2
SKU0130,2025-08-17,1
SKU0130,2025-08-24,3
SKU0130,2025-08-31,0
SKU0130,2025-09-07,0
SKU0130,2025-09-14,2
SKU0130,2025-09-21,3
SKU0130,2025-09-28,4
SKU0130,2025-10-05,0
SKU0131,2024-01-07,4
SKU0131,2024-01-14,6
SKU0131,2024-01-21,18
SKU0131,2024-01-28,11
SKU0131,2024-02-04,9
SKU0131,2024-02-11,15
SKU0131,2024-02-18,9
SKU0131,2024-02-25,9
SKU0131,2024-03-03,8
SKU0131,2024-03-10,13
SKU0131,2024-03-17,10
SKU0131,2024-03-24,10
SKU0131,2024-03-31,11
SKU0131,2024-04-07,5
SKU0131,2024-04-14,5
SKU0131,2024-04-21,11
SKU0131,2024-04-28,2
SKU0131,2024-05-05,13
SKU0131,2024-05-12,8
SKU0131,2024-05-19,6
SKU0131,2024-05-26,4
SKU0131,2024-06-02,11
SKU0131,2024-06-09,9
SKU0131,2024-06-16,4
SKU0131,2024-06-23,14
SKU0131,2024-06-30,8
SKU0131,2024-07-07,3
SKU0131,2024-07-14,5
SKU0131,2024-07-21,13
SKU0131,2024-07-28,11
SKU0131,2024-08-04,7
SKU0131,2024-08-11,11
SKU0131,2024-08-18,6
SKU0131,2024-08-25,12
SKU0131,2024-09-01,13
SKU0131,2024-09-08,12
SKU0131,2024-09-15,9
SKU0131,2024-09-22,10
SKU0131,2024-09-29,16
SKU0131,2024-10-06,9
SKU0131,2024-10-13,14
SKU0131,2024-10-20,11
SKU0131,2024-10-27,25
SKU0131,2024-11-03,12
SKU0131,2024-11-10,14
SKU0131,2024-11-17,12
SKU0131,2024-11-24,13
SKU0131,2024-12-01,19
SKU0131,2024-12-08,17
SKU0131,2024-12-15,15
SKU0131,2024-12-22,15
SKU0131,2024-12-29,16
SKU0131,2025-01-05,17
SKU0131,2025-01-12,19
SKU0131,2025-01-19,23
SKU0131,2025-01-26,15
SKU0131,2025-02-02,14
SKU0131,2025-02-09,14
SKU0131,2025-02-16,9
SKU0131,2025-02-23,12
SKU0131,2025-03-02,15
SKU0131,2025-03-09,11
SKU0131,2025-03-16,8
SKU0131,2025-03-23,9
SKU0131,2025-03-30,15
SKU0131,2025-04-06,13
SKU0131,2025-04-13,12
SKU0131,2025-04-20,9
SKU0131,2025-04-27,12
SKU0131,2025-05-04,12
SKU0131,2025-05-11,9
SKU0131,2025-05-18,16
SKU0131,2025-05-25,17
SKU0131,2025-06-01,16
SKU0131,2025-06-08,16
SKU0131,2025-06-15,8
SKU0131,2025-06-22,13
SKU0131,2025-06-29,9
SKU0131,2025-07-06,12
SKU0131,2025-07-13,12
SKU0131,2025-07-20,7
SKU0131,2025-07-27,13
SKU0131,2025-08-03,12
SKU0131,2025-08-10,16
SKU0131,2025-08-17,18
SKU0131,2025-08-24,13
SKU0131,2025-08-31,11
SKU0131,2025-09-07,15
SKU0131,2025-09-14,15
SKU0131,2025-09-21,14
SKU0131,2025-09-28,16
SKU0131,2025-10-05,6
SKU0132,2024-01-07,81
SKU0132,2024-01-14,101
SKU0132,2024-01-21,130
SKU0132,2024-01-28,81
SKU0132,2024-02-04,70
SKU0132,2024-02-11,80
SKU0132,2024-02-18,82
SKU0132,2024-02-25,54
SKU0132,2024-03-03,70
SKU0132,2024-03-10,69
SKU0132,2024-03-17,54
SKU0132,2024-03-24,70
SKU0132,2024-03-31,68
SKU0132,2024-04-07,56
SKU0132,2024-04-14,55
SKU0132,2024-04-21,62
SKU0132,2024-04-28,62
SKU0132,2024-05-05,50
SKU0132,2024-05-12,64
SKU0132,2024-05-19,54
SKU0132,2024-05-26,52
SKU0132,2024-06-02,54
SKU0132,2024-06-09,69
SKU0132,2024-06-16,62
SKU0132,2024-06-23,51
SKU0132,2024-06-30,64
SKU0132,2024-07-07,64
SKU0132,2024-07-14,47
SKU0132,2024-07-21,60
SKU0132,2024-07-28,57
SKU0132,2024-08-04,69
SKU0132,2024-08-11,73
SKU0132,2024-08-18,59
SKU0132,2024-08-25,74
SKU0132,2024-09-01,54
SKU0132,2024-09-08,73
SKU0132,2024-09-15,65
SKU0132,2024-09-22,90
SKU0132,2024-09-29,75
SKU0132,2024-10-06,80
SKU0132,2024-10-13,68
SKU0132,2024-10-20,71
SKU0132,2024-10-27,131
SKU0132,2024-11-03,65
SKU0132,2024-11-10,81
SKU0132,2024-11-17,88
SKU0132,2024-11-24,86
SKU0132,2024-12-01,104
SKU0132,2024-12-08,68
SKU0132,2024-12-15,100
SKU0132,2024-12-22,75
SKU0132,2024-12-29,77
SKU0132,2025-01-05,78
SKU0132,2025-01-12,82
SKU0132,2025-01-19,108
SKU0132,2025-01-26,88
SKU0132,2025-02-02,89
SKU0132,2025-02-09,78
SKU0132,2025-02-16,73
SKU0132,2025-02-23,74
SKU0132,2025-03-02,66
SKU0132,2025-03-09,71
SKU0132,2025-03-16,77
SKU0132,2025-03-23,65
SKU0132,2025-03-30,66
SKU0132,2025-04-06,77
SKU0132,2025-04-13,71
SKU0132,2025-04-20,68
SKU0132,2025-04-27,52
SKU0132,2025-05-04,50
SKU0132,2025-05-11,55
SKU0132,2025-05-18,63
SKU0132,2025-05-25,48
SKU0132,2025-06-01,80
SKU0132,2025-06-08,70
SKU0132,2025-06-15,47
SKU0132,2025-06-22,58
SKU0132,2025-06-29,45
SKU0132,2025-07-06,50
SKU0132,2025-07-13,63
SKU0132,2025-07-20,48
SKU0132,2025-07-27,72
SKU0132,2025-08-03,59
SKU0132,2025-08-10,49
SKU0132,2025-08-17,53
SKU0132,2025-08-24,56
SKU0132,2025-08-31,58
SKU0132,2025-09-07,65
SKU0132,2025-09-14,65
SKU0132,2025-09-21,71
SKU0132,2025-09-28,91
SKU0132,2025-10-05,18
SKU0133,2024-01-07,48
SKU0133,2024-01-14,59
SKU0133,2024-01-21,67
SKU0133,2024-01-28,48
SKU0133,2024-02-04,61
SKU0133,2024-02-11,62
SKU0133,2024-02-18,46
SKU0133,2024-02-25,42
SKU0133,2024-03-03,38
SKU0133,2024-03-10,47
SKU0133,2024-03-17,38
SKU0133,2024-03-24,37
SKU0133,2024-03-31,38
SKU0133,2024-04-07,37
SKU0133,2024-04-14,44
SKU0133,2024-04-21,37
SKU0133,2024-04-28,32
SKU0133,2024-05-05,28
SKU0133,2024-05-12,32
SKU0133,2024-05-19,27
SKU0133,2024-05-26,27
SKU0133,2024-06-02,33
SKU0133,2024-06-09,32
SKU0133,2024-06-16,21
SKU0133,2024-06-23,14
SKU0133,2024-06-30,30
SKU0133,2024-07-07,20
SKU0133,2024-07-14,24
SKU0133,2024-07-21,14
SKU0133,2024-07-28,16
SKU0133,2024-08-04,29
SKU0133,2024-08-11,30
SKU0133,2024-08-18,30
SKU0133,2024-08-25,25
SKU0133,2024-09-01,27
SKU0133,2024-09-08,36
SKU0133,2024-09-15,34
SKU0133,2024-09-22,20
SKU0133,2024-09-29,29
SKU0133,2024-10-06,31
SKU0133,2024-10-13,26
SKU0133,2024-10-20,30
SKU0133,2024-10-27,45
SKU0133,2024-11-03,19
SKU0133,2024-11-10,25
SKU0133,2024-11-17,28
SKU0133,2024-11-24,37
SKU0133,2024-12-01,37
SKU0133,2024-12-08,26
SKU0133,2024-12-15,16
SKU0133,2024-12-22,21
SKU0133,2024-12-29,21
SKU0133,2025-01-05,22
SKU0133,2025-01-12,18
SKU0133,2025-01-19,29
SKU0133,2025-01-26,16
SKU0133,2025-02-02,23
SKU0133,2025-02-09,24
SKU0133,2025-02-16,15
SKU0133,2025-02-23,19
SKU0133,2025-03-02,23
SKU0133,2025-03-09,13
SKU0133,2025-03-16,15
SKU0133,2025-03-23,15
SKU0133,2025-03-30,8
SKU0133,2025-04-06,10
SKU0133,2025-04-13,15
SKU0133,2025-04-20,8
SKU0133,2025-04-27,11
SKU0133,2025-05-04,5
SKU0133,2025-05-11,8
SKU0133,2025-05-18,10
SKU0133,2025-05-25,7
SKU0133,2025-06-01,10
SKU0133,2025-06-08,7
SKU0133,2025-06-15,5
SKU0133,2025-06-22,7
SKU0133,2025-06-29,3
SKU0133,2025-07-06,6
SKU0133,2025-07-13,5
SKU0133,2025-07-20,1
SKU0133,2025-07-27,5
SKU0133,2025-08-03,8
SKU0133,2025-08-10,6
SKU0133,2025-08-17,2
SKU0133,2025-08-24,1
SKU0133,2025-08-31,3
SKU0133,2025-09-07,3
SKU0133,2025-09-14,1
SKU0133,2025-09-21,0
SKU0133,2025-09-28,0
SKU0133,2025-10-05,0
SKU0134,2024-01-07,8
SKU0134,2024-01-14,8
SKU0134,2024-01-21,7
SKU0134,2024-01-28,11
SKU0134,2024-02-04,5
SKU0134,2024-02-11,10
SKU0134,2024-02-18,5
SKU0134,2024-02-25,5
SKU0134,2024-03-03,13
SKU0134,2024-03-10,10
SKU0134,2024-03-17,5
SKU0134,2024-03-24,6
SKU0134,2024-03-31,7
SKU0134,2024-04-07,8
SKU0134,2024-04-14,10
SKU0134,2024-04-21,8
SKU0134,2024-04-28,4
SKU0134,2024-05-05,9
SKU0134,2024-05-12,10
SKU0134,2024-05-19,8
SKU0134,2024-05-26,8
SKU0134,2024-06-02,12
SKU0134,2024-06-09,11
SKU0134,2024-06-16,6
SKU0134,2024-06-23,4
SKU0134,2024-06-30,3
SKU0134,2024-07-07,10
SKU0134,2024-07-14,9
SKU0134,2024-07-21,6
SKU0134,2024-07-28,12
SKU0134,2024-08-04,17
SKU0134,2024-08-11,9
SKU0134,2024-08-18,8
SKU0134,2024-08-25,18
SKU0134,2024-09-01,15
SKU0134,2024-09-08,7
SKU0134,2024-09-15,9
SKU0134,2024-09-22,9
SKU0134,2024-09-29,11
SKU0134,2024-10-06,12
SKU0134,2024-10-13,13
SKU0134,2024-10-20,20
SKU0134,2024-10-27,16
SKU0134,2024-11-03,13
SKU0134,2024-11-10,18
SKU0134,2024-11-17,11
SKU0134,2024-11-24,18
SKU0134,2024-12-01,16
SKU0134,2024-12-08,15
SKU0134,2024-12-15,15
SKU0134,2024-12-22,11
SKU0134,2024-12-29,13
SKU0134,2025-01-05,17
SKU0134,2025-01-12,13
SKU0134,2025-01-19,24
SKU0134,2025-01-26,13
SKU0134,2025-02-02,13
SKU0134,2025-02-09,19
SKU0134,2025-02-16,11
SKU0134,2025-02-23,15
SKU0134,2025-03-02,8
SKU0134,2025-03-09,11
SKU0134,2025-03-16,14
SKU0134,2025-03-23,14
SKU0134,2025-03-30,11
SKU0134,2025-04-06,19
SKU0134,2025-04-13,12
SKU0134,2025-04-20,15
SKU0134,2025-04-27,14
SKU0134,2025-05-04,12
SKU0134,2025-05-11,12
SKU0134,2025-05-18,18
SKU0134,2025-05-25,15
SKU0134,2025-06-01,15
SKU0134,2025-06-08,19
SKU0134,2025-06-15,11
SKU0134,2025-06-22,11
SKU0134,2025-06-29,17
SKU0134,2025-07-06,20
SKU0134,2025-07-13,15
SKU0134,2025-07-20,10
SKU0134,2025-07-27,13
SKU0134,2025-08-03,15
SKU0134,2025-08-10,17
SKU0134,2025-08-17,12
SKU0134,2025-08-24,15
SKU0134,2025-08-31,10
SKU0134,2025-09-07,26
SKU0134,2025-09-14,16
SKU0134,2025-09-21,12
SKU0134,2025-09-28,15
SKU0134,2025-10-05,4
SKU0135,2024-01-07,13
SKU0135,2024-01-14,22
SKU0135,2024-01-21,13
SKU0135,2024-01-28,11
SKU0135,2024-02-04,11
SKU0135,2024-02-11,9
SKU0135,2024-02-18,15
SKU0135,2024-02-25,11
SKU0135,2024-03-03,11
SKU0135,2024-03-10,10
SKU0135,2024-03-17,11
SKU0135,2024-03-24,9
SKU0135,2024-03-31,17
SKU0135,2024-04-07,12
SKU0135,2024-04-14,12
SKU0135,2024-04-21,16
SKU0135,2024-04-28,10
SKU0135,2024-05-05,11
SKU0135,2024-05-12,10
SKU0135,2024-05-19,9
SKU0135,2024-05-26,16
SKU0135,2024-06-02,12
SKU0135,2024-06-09,15
SKU0135,2024-06-16,10
SKU0135,2024-06-23,4
SKU0135,2024-06-30,7
SKU0135,2024-07-07,7
SKU0135,2024-07-14,7
SKU0135,2024-07-21,13
SKU0135,2024-07-28,7
SKU0135,2024-08-04,8
SKU0135,2024-08-11,15
SKU0135,2024-08-18,7
SKU0135,2024-08-25,6
SKU0135,2024-09-01,12
SKU0135,2024-09-08,7
SKU0135,2024-09-15,6
SKU0135,2024-09-22,7
SKU0135,2024-09-29,6
SKU0135,2024-10-06,5
SKU0135,2024-10-13,4
SKU0135,2024-10-20,4
SKU0135,2024-10-27,12
SKU0135,2024-11-03,7
SKU0135,2024-11-10,6
SKU0135,2024-11-17,4
SKU0135,2024-11-24,14
SKU0135,2024-12-01,7
SKU0135,2024-12-08,6
SKU0135,2024-12-15,9
SKU0135,2024-12-22,5
SKU0135,2024-12-29,3
SKU0135,2025-01-05,5
SKU0135,2025-01-12,8
SKU0135,2025-01-19,5
SKU0135,2025-01-26,4
SKU0135,2025-02-02,2
SKU0135,2025-02-09,6
SKU0135,2025-02-16,7
SKU0135,2025-02-23,4
SKU0135,2025-03-02,2
SKU0135,2025-03-09,4
SKU0135,2025-03-16,2
SKU0135,2025-03-23,1
SKU0135,2025-03-30,1
SKU0135,2025-04-06,4
SKU0135,2025-04-13,2
SKU0135,2025-04-20,8
SKU0135,2025-04-27,3
SKU0135,2025-05-04,1
SKU0135,2025-05-11,2
SKU0135,2025-05-18,3
SKU0135,2025-05-25,1
SKU0135,2025-06-01,1
SKU0135,2025-06-08,2
SKU0135,2025-06-15,3
SKU0135,2025-06-22,3
SKU0135,2025-06-29,0
SKU0135,2025-07-06,0
SKU0135,2025-07-13,0
SKU0135,2025-07-20,0
SKU0135,2025-07-27,0
SKU0135,2025-08-03,0
SKU0135,2025-08-10,0
SKU0135,2025-08-17,0
SKU0135,2025-08-24,0
SKU0135,2025-08-31,1
SKU0135,2025-09-07,0
SKU0135,2025-09-14,0
SKU0135,2025-09-21,0
SKU0135,2025-09-28,2
SKU0135,2025-10-05,0
SKU0136,2024-01-07,95
SKU0136,2024-01-14,99
SKU0136,2024-01-21,121
SKU0136,2024-01-28,98
SKU0136,2024-02-04,77
SKU0136,2024-02-11,93
SKU0136,2024-02-18,83
SKU0136,2024-02-25,85
SKU0136,2024-03-03,92
SKU0136,2024-03-10,77
SKU0136,2024-03-17,82
SKU0136,2024-03-24,73
SKU0136,2024-03-31,64
SKU0136,2024-04-07,56
SKU0136,2024-04-14,65
SKU0136,2024-04-21,71
SKU0136,2024-04-28,61
SKU0136,2024-05-05,56
SKU0136,2024-05-12,63
SKU0136,2024-05-19,64
SKU0136,2024-05-26,65
SKU0136,2024-06-02,79
SKU0136,2024-06-09,76
SKU0136,2024-06-16,64
SKU0136,2024-06-23,82
SKU0136,2024-06-30,63
SKU0136,2024-07-07,69
SKU0136,2024-07-14,69
SKU0136,2024-07-21,84
SKU0136,2024-07-28,67
SKU0136,2024-08-04,59
SKU0136,2024-08-11,74
SKU0136,2024-08-18,78
SKU0136,2024-08-25,65
SKU0136,2024-09-01,79
SKU0136,2024-09-08,87
SKU0136,2024-09-15,81
SKU0136,2024-09-22,115
SKU0136,2024-09-29,89
SKU0136,2024-10-06,99
SKU0136,2024-10-13,113
SKU0136,2024-10-20,142
SKU0136,2024-10-27,173
SKU0136,2024-11-03,111
SKU0136,2024-11-10,118
SKU0136,2024-11-17,117
SKU0136,2024-11-24,148
SKU0136,2024-12-01,162
SKU0136,2024-12-08,128
SKU0136,2024-12-15,142
SKU0136,2024-12-22,104
SKU0136,2024-12-29,116
SKU0136,2025-01-05,159
SKU0136,2025-01-12,145
SKU0136,2025-01-19,179
SKU0136,2025-01-26,125
SKU0136,2025-02-02,120
SKU0136,2025-02-09,126
SKU0136,2025-02-16,112
SKU0136,2025-02-23,138
SKU0136,2025-03-02,116
SKU0136,2025-03-09,127
SKU0136,2025-03-16,100
SKU0136,2025-03-23,103
SKU0136,2025-03-30,104
SKU0136,2025-04-06,109
SKU0136,2025-04-13,104
SKU0136,2025-04-20,87
SKU0136,2025-04-27,85
SKU0136,2025-05-04,67
SKU0136,2025-05-11,76
SKU0136,2025-05-18,94
SKU0136,2025-05-25,88
SKU0136,2025-06-01,118
SKU0136,2025-06-08,105
SKU0136,2025-06-15,74
SKU0136,2025-06-22,90
SKU0136,2025-06-29,92
SKU0136,2025-07-06,86
SKU0136,2025-07-13,86
SKU0136,2025-07-20,86
SKU0136,2025-07-27,87
SKU0136,2025-08-03,91
SKU0136,2025-08-10,89
SKU0136,2025-08-17,90
SKU0136,2025-08-24,110
SKU0136,2025-08-31,117
SKU0136,2025-09-07,120
SKU0136,2025-09-14,136
SKU0136,2025-09-21,142
SKU0136,2025-09-28,133
SKU0136,2025-10-05,28
SKU0137,2024-05-26,49
SKU0137,2024-06-02,84
SKU0137,2024-06-09,74
SKU0137,2024-06-16,55
SKU0137,2024-06-23,57
SKU0137,2024-06-30,46
SKU0137,2024-07-07,38
SKU0137,2024-07-14,68
SKU0137,2024-07-21,66
SKU0137,2024-07-28,59
SKU0137,2024-08-04,69
SKU0137,2024-08-11,70
SKU0137,2024-08-18,73
SKU0137,2024-08-25,54
SKU0137,2024-09-01,86
SKU0137,2024-09-08,86
SKU0137,2024-09-15,65
SKU0137,2024-09-22,94
SKU0137,2024-09-29,84
SKU0137,2024-10-06,98
SKU0137,2024-10-13,92
SKU0137,2024-10-20,117
SKU0137,2024-10-27,153
SKU0137,2024-11-03,105
SKU0137,2024-11-10,117
SKU0137,2024-11-17,131
SKU0137,2024-11-24,122
SKU0137,2024-12-01,179
SKU0137,2024-12-08,119
SKU0137,2024-12-15,119
SKU0137,2024-12-22,150
SKU0137,2024-12-29,148
SKU0137,2025-01-05,127
SKU0137,2025-01-12,150
SKU0137,2025-01-19,160
SKU0137,2025-01-26,131
SKU0137,2025-02-02,121
SKU0137,2025-02-09,135
SKU0137,2025-02-16,125
SKU0137,2025-02-23,124
SKU0137,2025-03-02,109
SKU0137,2025-03-09,102
SKU0137,2025-03-16,128
SKU0137,2025-03-23,120
SKU0137,2025-03-30,102
SKU0137,2025-04-06,107
SKU0137,2025-04-13,105
SKU0137,2025-04-20,96
SKU0137,2025-04-27,95
SKU0137,2025-05-04,80
SKU0137,2025-05-11,96
SKU0137,2025-05-18,94
SKU0137,2025-05-25,86
SKU0137,2025-06-01,102
SKU0137,2025-06-08,120
SKU0137,2025-06-15,82
SKU0137,2025-06-22,75
SKU0137,2025-06-29,98
SKU0137,2025-07-06,90
SKU0137,2025-07-13,87
SKU0137,2025-07-20,81
SKU0137,2025-07-27,98
SKU0137,2025-08-03,86
SKU0137,2025-08-10,90
SKU0137,2025-08-17,100
SKU0137,2025-08-24,129
SKU0137,2025-08-31,119
SKU0137,2025-09-07,123
SKU0137,2025-09-14,111
SKU0137,2025-09-21,113
SKU0137,2025-09-28,130
SKU0137,2025-10-05,35
SKU0138,2024-01-07,90
SKU0138,2024-01-14,78
SKU0138,2024-01-21,118
SKU0138,2024-01-28,73
SKU0138,2024-02-04,71
SKU0138,2024-02-11,83
SKU0138,2024-02-18,82
SKU0138,2024-02-25,78
SKU0138,2024-03-03,84
SKU0138,2024-03-10,86
SKU0138,2024-03-17,78
SKU0138,2024-03-24,88
SKU0138,2024-03-31,90
SKU0138,2024-04-07,79
SKU0138,2024-04-14,79
SKU0138,2024-04-21,87
SKU0138,2024-04-28,78
SKU0138,2024-05-05,77
SKU0138,2024-05-12,90
SKU0138,2024-05-19,77
SKU0138,2024-05-26,73
SKU0138,2024-06-02,108
SKU0138,2024-06-09,81
SKU0138,2024-06-16,65
SKU0138,2024-06-23,84
SKU0138,2024-06-30,69
SKU0138,2024-07-07,89
SKU0138,2024-07-14,73
SKU0138,2024-07-21,92
SKU0138,2024-07-28,81
SKU0138,2024-08-04,71
SKU0138,2024-08-11,95
SKU0138,2024-08-18,89
SKU0138,2024-08-25,98
SKU0138,2024-09-01,96
SKU0138,2024-09-08,105
SKU0138,2024-09-15,104
SKU0138,2024-09-22,119
SKU0138,2024-09-29,104
SKU0138,2024-10-06,123
SKU0138,2024-10-13,158
SKU0138,2024-10-20,144
SKU0138,2024-10-27,230
SKU0138,2024-11-03,155
SKU0138,2024-11-10,161
SKU0138,2024-11-17,150
SKU0138,2024-11-24,181
SKU0138,2024-12-01,196
SKU0138,2024-12-08,144
SKU0138,2024-12-15,148
SKU0138,2024-12-22,179
SKU0138,2024-12-29,162
SKU0138,2025-01-05,165
SKU0138,2025-01-12,155
SKU0138,2025-01-19,252
SKU0138,2025-01-26,149
SKU0138,2025-02-02,173
SKU0138,2025-02-09,179
SKU0138,2025-02-16,143
SKU0138,2025-02-23,162
SKU0138,2025-03-02,154
SKU0138,2025-03-09,139
SKU0138,2025-03-16,134
SKU0138,2025-03-23,163
SKU0138,2025-03-30,156
SKU0138,2025-04-06,138
SKU0138,2025-04-13,150
SKU0138,2025-04-20,119
SKU0138,2025-04-27,137
SKU0138,2025-05-04,132
SKU0138,2025-05-11,139
SKU0138,2025-05-18,133
SKU0138,2025-05-25,146
SKU0138,2025-06-01,144
SKU0138,2025-06-08,172
SKU0138,2025-06-15,160
SKU0138,2025-06-22,128
SKU0138,2025-06-29,135
SKU0138,2025-07-06,143
SKU0138,2025-07-13,134
SKU0138,2025-07-20,138
SKU0138,2025-07-27,141
SKU0138,2025-08-03,155
SKU0138,2025-08-10,159
SKU0138,2025-08-17,150
SKU0138,2025-08-24,168
SKU0138,2025-08-31,194
SKU0138,2025-09-07,185
SKU0138,2025-09-14,182
SKU0138,2025-09-21,184
SKU0138,2025-09-28,184
SKU0138,2025-10-05,56
SKU0139,2024-01-07,8
SKU0139,2024-01-14,6
SKU0139,2024-01-21,11
SKU0139,2024-01-28,5
SKU0139,2024-02-04,12
SKU0139,2024-02-11,9
SKU0139,2024-02-18,4
SKU0139,2024-02-25,5
SKU0139,2024-03-03,6
SKU0139,2024-03-10,6
SKU0139,2024-03-17,8
SKU0139,2024-03-24,11
SKU0139,2024-03-31,3
SKU0139,2024-04-07,5
SKU0139,2024-04-14,3
SKU0139,2024-04-21,6
SKU0139,2024-04-28,1
SKU0139,2024-05-05,6
SKU0139,2024-05-12,4
SKU0139,2024-05-19,4
SKU0139,2024-05-26,8
SKU0139,2024-06-02,5
SKU0139,2024-06-09,4
SKU0139,2024-06-16,6
SKU0139,2024-06-23,4
SKU0139,2024-06-30,4
SKU0139,2024-07-07,4
SKU0139,2024-07-14,8
SKU0139,2024-07-21,7
SKU0139,2024-07-28,8
SKU0139,2024-08-04,3
SKU0139,2024-08-11,6
SKU0139,2024-08-18,9
SKU0139,2024-08-25,7
SKU0139,2024-09-01,14
SKU0139,2024-09-08,5
SKU0139,2024-09-15,11
SKU0139,2024-09-22,9
SKU0139,2024-09-29,14
SKU0139,2024-10-06,12
SKU0139,2024-10-13,9
SKU0139,2024-10-20,15
SKU0139,2024-10-27,9
SKU0139,2024-11-03,9
SKU0139,2024-11-10,9
SKU0139,2024-11-17,11
SKU0139,2024-11-24,14
SKU0139,2024-12-01,14
SKU0139,2024-12-08,6
SKU0139,2024-12-15,12
SKU0139,2024-12-22,11
SKU0139,2024-12-29,17
SKU0139,2025-01-05,9
SKU0139,2025-01-12,9
SKU0139,2025-01-19,29
SKU0139,2025-01-26,9
SKU0139,2025-02-02,10
SKU0139,2025-02-09,6
SKU0139,2025-02-16,7
SKU0139,2025-02-23,11
SKU0139,2025-03-02,5
SKU0139,2025-03-09,12
SKU0139,2025-03-16,11
SKU0139,2025-03-23,9
SKU0139,2025-03-30,8
SKU0139,2025-04-06,12
SKU0139,2025-04-13,6
SKU0139,2025-04-20,8
SKU0139,2025-04-27,9
SKU0139,2025-05-04,7
SKU0139,2025-05-11,16
SKU0139,2025-05-18,14
SKU0139,2025-05-25,4
SKU0139,2025-06-01,4
SKU0139,2025-06-08,14
SKU0139,2025-06-15,3
SKU0139,2025-06-22,6
SKU0139,2025-06-29,6
SKU0139,2025-07-06,10
SKU0139,2025-07-13,4
SKU0139,2025-07-20,7
SKU0139,2025-07-27,11
SKU0139,2025-08-03,10
SKU0139,2025-08-10,4
SKU0139,2025-08-17,10
SKU0139,2025-08-24,11
SKU0139,2025-08-31,9
SKU0139,2025-09-07,9
SKU0139,2025-09-14,19
SKU0139,2025-09-21,9
SKU0139,2025-09-28,11
SKU0139,2025-10-05,2
SKU0140,2024-01-07,20
SKU0140,2024-01-14,13
SKU0140,2024-01-21,18
SKU0140,2024-01-28,17
SKU0140,2024-02-04,9
SKU0140,2024-02-11,7
SKU0140,2024-02-18,13
SKU0140,2024-02-25,14
SKU0140,2024-03-03,9
SKU0140,2024-03-10,15
SKU0140,2024-03-17,8
SKU0140,2024-03-24,12
SKU0140,2024-03-31,8
SKU0140,2024-04-07,7
SKU0140,2024-04-14,7
SKU0140,2024-04-21,11
SKU0140,2024-04-28,12
SKU0140,2024-05-05,7
SKU0140,2024-05-12,4
SKU0140,2024-05-19,2
SKU0140,2024-05-26,4
SKU0140,2024-06-02,8
SKU0140,2024-06-09,14
SKU0140,2024-06-16,3
SKU0140,2024-06-23,9
SKU0140,2024-06-30,0
SKU0140,2024-07-07,5
SKU0140,2024-07-14,6
SKU0140,2024-07-21,6
SKU0140,2024-07-28,8
SKU0140,2024-08-04,8
SKU0140,2024-08-11,6
SKU0140,2024-08-18,3
SKU0140,2024-08-25,10
SKU0140,2024-09-01,13
SKU0140,2024-09-08,5
SKU0140,2024-09-15,8
SKU0140,2024-09-22,14
SKU0140,2024-09-29,6
SKU0140,2024-10-06,12
SKU0140,2024-10-13,9
SKU0140,2024-10-20,8
SKU0140,2024-10-27,19
SKU0140,2024-11-03,9
SKU0140,2024-11-10,8
SKU0140,2024-11-17,8
SKU0140,2024-11-24,11
SKU0140,2024-12-01,13
SKU0140,2024-12-08,9
SKU0140,2024-12-15,16
SKU0140,2024-12-22,15
SKU0140,2024-12-29,14
SKU0140,2025-01-05,10
SKU0140,2025-01-12,16
SKU0140,2025-01-19,19
SKU0140,2025-01-26,11
SKU0140,2025-02-02,16
SKU0140,2025-02-09,5
SKU0140,2025-02-16,11
SKU0140,2025-02-23,8
SKU0140,2025-03-02,11
SKU0140,2025-03-09,8
SKU0140,2025-03-16,9
SKU0140,2025-03-23,9
SKU0140,2025-03-30,8
SKU0140,2025-04-06,7
SKU0140,2025-04-13,6
SKU0140,2025-04-20,5
SKU0140,2025-04-27,9
SKU0140,2025-05-04,5
SKU0140,2025-05-11,13
SKU0140,2025-05-18,2
SKU0140,2025-05-25,4
SKU0140,2025-06-01,9
SKU0140,2025-06-08,8
SKU0140,2025-06-15,3
SKU0140,2025-06-22,3
SKU0140,2025-06-29,3
SKU0140,2025-07-06,2
SKU0140,2025-07-13,4
SKU0140,2025-07-20,4
SKU0140,2025-07-27,4
SKU0140,2025-08-03,7
SKU0140,2025-08-10,5
SKU0140,2025-08-17,8
SKU0140,2025-08-24,3
SKU0140,2025-08-31,6
SKU0140,2025-09-07,7
SKU0140,2025-09-14,7
SKU0140,2025-09-21,8
SKU0140,2025-09-28,4
SKU0140,2025-10-05,1
SKU0141,2024-01-07,135
SKU0141,2024-01-14,134
SKU0141,2024-01-21,162
SKU0141,2024-01-28,123
SKU0141,2024-02-04,124
SKU0141,2024-02-11,102
SKU0141,2024-02-18,107
SKU0141,2024-02-25,113
SKU0141,2024-03-03,95
SKU0141,2024-03-10,85
SKU0141,2024-03-17,99
SKU0141,2024-03-24,80
SKU0141,2024-03-31,104
SKU0141,2024-04-07,81
SKU0141,2024-04-14,76
SKU0141,2024-04-21,66
SKU0141,2024-04-28,74
SKU0141,2024-05-05,69
SKU0141,2024-05-12,72
SKU0141,2024-05-19,76
SKU0141,2024-05-26,71
SKU0141,2024-06-02,99
SKU0141,2024-06-09,93
SKU0141,2024-06-16,51
SKU0141,2024-06-23,61
SKU0141,2024-06-30,73
SKU0141,2024-07-07,66
SKU0141,2024-07-14,73
SKU0141,2024-07-21,73
SKU0141,2024-07-28,71
SKU0141,2024-08-04,80
SKU0141,2024-08-11,97
SKU0141,2024-08-18,87
SKU0141,2024-08-25,81
SKU0141,2024-09-01,94
SKU0141,2024-09-08,87
SKU0141,2024-09-15,108
SKU0141,2024-09-22,76
SKU0141,2024-09-29,93
SKU0141,2024-10-06,75
SKU0141,2024-10-13,81
SKU0141,2024-10-20,117
SKU0141,2024-10-27,166
SKU0141,2024-11-03,100
SKU0141,2024-11-10,86
SKU0141,2024-11-17,100
SKU0141,2024-11-24,119
SKU0141,2024-12-01,149
SKU0141,2024-12-08,94
SKU0141,2024-12-15,105
SKU0141,2024-12-22,99
SKU0141,2024-12-29,96
SKU0141,2025-01-05,116
SKU0141,2025-01-12,92
SKU0141,2025-01-19,157
SKU0141,2025-01-26,103
SKU0141,2025-02-02,92
SKU0141,2025-02-09,111
SKU0141,2025-02-16,93
SKU0141,2025-02-23,98
SKU0141,2025-03-02,95
SKU0141,2025-03-09,84
SKU0141,2025-03-16,87
SKU0141,2025-03-23,83
SKU0141,2025-03-30,76
SKU0141,2025-04-06,77
SKU0141,2025-04-13,83
SKU0141,2025-04-20,87
SKU0141,2025-04-27,76
SKU0141,2025-05-04,65
SKU0141,2025-05-11,68
SKU0141,2025-05-18,57
SKU0141,2025-05-25,64
SKU0141,2025-06-01,80
SKU0141,2025-06-08,80
SKU0141,2025-06-15,73
SKU0141,2025-06-22,42
SKU0141,2025-06-29,59
SKU0141,2025-07-06,49
SKU0141,2025-07-13,65
SKU0141,2025-07-20,65
SKU0141,2025-07-27,61
SKU0141,2025-08-03,70
SKU0141,2025-08-10,55
SKU0141,2025-08-17,85
SKU0141,2025-08-24,80
SKU0141,2025-08-31,66
SKU0141,2025-09-07,60
SKU0141,2025-09-14,70
SKU0141,2025-09-21,73
SKU0141,2025-09-28,90
SKU0141,2025-10-05,21
SKU0142,2024-01-07,202
SKU0142,2024-01-14,223
SKU0142,2024-01-21,258
SKU0142,2024-01-28,189
SKU0142,2024-02-04,194
SKU0142,2024-02-11,168
SKU0142,2024-02-18,155
SKU0142,2024-02-25,158
SKU0142,2024-03-03,163
SKU0142,2024-03-10,157
SKU0142,2024-03-17,156
SKU0142,2024-03-24,154
SKU0142,2024-03-31,153
SKU0142,2024-04-07,127
SKU0142,2024-04-14,130
SKU0142,2024-04-21,125
SKU0142,2024-04-28,131
SKU0142,2024-05-05,114
SKU0142,2024-05-12,112
SKU0142,2024-05-19,104
SKU0142,2024-05-26,115
SKU0142,2024-06-02,138
SKU0142,2024-06-09,139
SKU0142,2024-06-16,77
SKU0142,2024-06-23,98
SKU0142,2024-06-30,101
SKU0142,2024-07-07,106
SKU0142,2024-07-14,105
SKU0142,2024-07-21,95
SKU0142,2024-07-28,101
SKU0142,2024-08-04,92
SKU0142,2024-08-11,86
SKU0142,2024-08-18,120
SKU0142,2024-08-25,129
SKU0142,2024-09-01,125
SKU0142,2024-09-08,116
SKU0142,2024-09-15,125
SKU0142,2024-09-22,98
SKU0142,2024-09-29,125
SKU0142,2024-10-06,117
SKU0142,2024-10-13,114
SKU0142,2024-10-20,150
SKU0142,2024-10-27,171
SKU0142,2024-11-03,114
SKU0142,2024-11-10,123
SKU0142,2024-11-17,131
SKU0142,2024-11-24,115
SKU0142,2024-12-01,141
SKU0142,2024-12-08,112
SKU0142,2024-12-15,134
SKU0142,2024-12-22,108
SKU0142,2024-12-29,97
SKU0142,2025-01-05,87
SKU0142,2025-01-12,116
SKU0142,2025-01-19,171
SKU0142,2025-01-26,106
SKU0142,2025-02-02,107
SKU0142,2025-02-09,104
SKU0142,2025-02-16,125
SKU0142,2025-02-23,90
SKU0142,2025-03-02,81
SKU0142,2025-03-09,98
SKU0142,2025-03-16,89
SKU0142,2025-03-23,62
SKU0142,2025-03-30,70
SKU0142,2025-04-06,63
SKU0142,2025-04-13,63
SKU0142,2025-04-20,65
SKU0142,2025-04-27,59
SKU0142,2025-05-04,59
SKU0142,2025-05-11,57
SKU0142,2025-05-18,71
SKU0142,2025-05-25,45
SKU0142,2025-06-01,64
SKU0142,2025-06-08,94
SKU0142,2025-06-15,48
SKU0142,2025-06-22,55
SKU0142,2025-06-29,58
SKU0142,2025-07-06,68
SKU0142,2025-07-13,55
SKU0142,2025-07-20,37
SKU0142,2025-07-27,44
SKU0142,2025-08-03,48
SKU0142,2025-08-10,39
SKU0142,2025-08-17,55
SKU0142,2025-08-24,39
SKU0142,2025-08-31,51
SKU0142,2025-09-07,39
SKU0142,2025-09-14,46
SKU0142,2025-09-21,50
SKU0142,2025-09-28,48
SKU0142,2025-10-05,12
SKU0143,2024-01-07,2
SKU0143,2024-01-14,0
SKU0143,2024-01-21,5
SKU0143,2024-01-28,2
SKU0143,2024-02-04,0
SKU0143,2024-02-11,0
SKU0143,2024-02-18,2
SKU0143,2024-02-25,2
SKU0143,2024-03-03,3
SKU0143,2024-03-10,5
SKU0143,2024-03-17,4
SKU0143,2024-03-24,7
SKU0143,2024-03-31,6
SKU0143,2024-04-07,4
SKU0143,2024-04-14,2
SKU0143,2024-04-21,4
SKU0143,2024-04-28,2
SKU0143,2024-05-05,1
SKU0143,2024-05-12,0
SKU0143,2024-05-19,1
SKU0143,2024-05-26,2
SKU0143,2024-06-02,4
SKU0143,2024-06-09,4
SKU0143,2024-06-16,3
SKU0143,2024-06-23,1
SKU0143,2024-06-30,3
SKU0143,2024-07-07,1
SKU0143,2024-07-14,3
SKU0143,2024-07-21,3
SKU0143,2024-07-28,3
SKU0143,2024-08-04,2
SKU0143,2024-08-11,3
SKU0143,2024-08-18,2
SKU0143,2024-08-25,5
SKU0143,2024-09-01,0
SKU0143,2024-09-08,5
SKU0143,2024-09-15,0
SKU0143,2024-09-22,2
SKU0143,2024-09-29,4
SKU0143,2024-10-06,3
SKU0143,2024-10-13,2
SKU0143,2024-10-20,2
SKU0143,2024-10-27,7
SKU0143,2024-11-03,2
SKU0143,2024-11-10,5
SKU0143,2024-11-17,2
SKU0143,2024-11-24,7
SKU0143,2024-12-01,1
SKU0143,2024-12-08,2
SKU0143,2024-12-15,3
SKU0143,2024-12-22,7
SKU0143,2024-12-29,3
SKU0143,2025-01-05,4
SKU0143,2025-01-12,8
SKU0143,2025-01-19,2
SKU0143,2025-01-26,4
SKU0143,2025-02-02,4
SKU0143,2025-02-09,7
SKU0143,2025-02-16,9
SKU0143,2025-02-23,6
SKU0143,2025-03-02,3
SKU0143,2025-03-09,3
SKU0143,2025-03-16,0
SKU0143,2025-03-23,4
SKU0143,2025-03-30,3
SKU0143,2025-04-06,3
SKU0143,2025-04-13,7
SKU0143,2025-04-20,7
SKU0143,2025-04-27,6
SKU0143,2025-05-04,3
SKU0143,2025-05-11,1
SKU0143,2025-05-18,1
SKU0143,2025-05-25,3
SKU0143,2025-06-01,7
SKU0143,2025-06-08,8
SKU0143,2025-06-15,3
SKU0143,2025-06-22,1
SKU0143,2025-06-29,3
SKU0143,2025-07-06,4
SKU0143,2025-07-13,4
SKU0143,2025-07-20,2
SKU0143,2025-07-27,5
SKU0143,2025-08-03,6
SKU0143,2025-08-10,1
SKU0143,2025-08-17,7
SKU0143,2025-08-24,2
SKU0143,2025-08-31,5
SKU0143,2025-09-07,4
SKU0143,2025-09-14,1
SKU0143,2025-09-21,2
SKU0143,2025-09-28,10
SKU0143,2025-10-05,1
SKU0144,2024-12-08,7
SKU0144,2024-12-15,10
SKU0144,2024-12-22,9
SKU0144,2024-12-29,7
SKU0144,2025-01-05,9
SKU0144,2025-01-12,8
SKU0144,2025-01-19,5
SKU0144,2025-01-26,2
SKU0144,2025-02-02,7
SKU0144,2025-02-09,14
SKU0144,2025-02-16,8
SKU0144,2025-02-23,7
SKU0144,2025-03-02,6
SKU0144,2025-03-09,11
SKU0144,2025-03-16,7
SKU0144,2025-03-23,8
SKU0144,2025-03-30,11
SKU0144,2025-04-06,4
SKU0144,2025-04-13,8
SKU0144,2025-04-20,11
SKU0144,2025-04-27,4
SKU0144,2025-05-04,4
SKU0144,2025-05-11,6
SKU0144,2025-05-18,4
SKU0144,2025-05-25,8
SKU0144,2025-06-01,10
SKU0144,2025-06-08,5
SKU0144,2025-06-15,5
SKU0144,2025-06-22,7
SKU0144,2025-06-29,5
SKU0144,2025-07-06,4
SKU0144,2025-07-13,6
SKU0144,2025-07-20,5
SKU0144,2025-07-27,4
SKU0144,2025-08-03,10
SKU0144,2025-08-10,9
SKU0144,2025-08-17,5
SKU0144,2025-08-24,9
SKU0144,2025-08-31,6
SKU0144,2025-09-07,9
SKU0144,2025-09-14,13
SKU0144,2025-09-21,8
SKU0144,2025-09-28,5
SKU0144,2025-10-05,1
SKU0145,2024-09-29,321
SKU0145,2024-10-06,329
SKU0145,2024-10-13,385
SKU0145,2024-10-20,446
SKU0145,2024-10-27,646
SKU0145,2024-11-03,415
SKU0145,2024-11-10,414
SKU0145,2024-11-17,393
SKU0145,2024-11-24,470
SKU0145,2024-12-01,581
SKU0145,2024-12-08,455
SKU0145,2024-12-15,461
SKU0145,2024-12-22,461
SKU0145,2024-12-29,452
SKU0145,2025-01-05,437
SKU0145,2025-01-12,489
SKU0145,2025-01-19,686
SKU0145,2025-01-26,480
SKU0145,2025-02-02,476
SKU0145,2025-02-09,447
SKU0145,2025-02-16,460
SKU0145,2025-02-23,474
SKU0145,2025-03-02,453
SKU0145,2025-03-09,479
SKU0145,2025-03-16,479
SKU0145,2025-03-23,414
SKU0145,2025-03-30,404
SKU0145,2025-04-06,399
SKU0145,2025-04-13,393
SKU0145,2025-04-20,417
SKU0145,2025-04-27,384
SKU0145,2025-05-04,401
SKU0145,2025-05-11,381
SKU0145,2025-05-18,350
SKU0145,2025-05-25,341
SKU0145,2025-06-01,401
SKU0145,2025-06-08,525
SKU0145,2025-06-15,370
SKU0145,2025-06-22,357
SKU0145,2025-06-29,365
SKU0145,2025-07-06,397
SKU0145,2025-07-13,382
SKU0145,2025-07-20,410
SKU0145,2025-07-27,389
SKU0145,2025-08-03,401
SKU0145,2025-08-10,396
SKU0145,2025-08-17,433
SKU0145,2025-08-24,471
SKU0145,2025-08-31,486
SKU0145,2025-09-07,507
SKU0145,2025-09-14,482
SKU0145,2025-09-21,524
SKU0145,2025-09-28,553
SKU0145,2025-10-05,147
SKU0146,2024-06-16,13
SKU0146,2024-06-23,37
SKU0146,2024-06-30,21
SKU0146,2024-07-07,42
SKU0146,2024-07-14,30
SKU0146,2024-07-21,34
SKU0146,2024-07-28,32
SKU0146,2024-08-04,31
SKU0146,2024-08-11,25
SKU0146,2024-08-18,19
SKU0146,2024-08-25,43
SKU0146,2024-09-01,28
SKU0146,2024-09-08,39
SKU0146,2024-09-15,36
SKU0146,2024-09-22,32
SKU0146,2024-09-29,38
SKU0146,2024-10-06,25
SKU0146,2024-10-13,36
SKU0146,2024-10-20,34
SKU0146,2024-10-27,49
SKU0146,2024-11-03,21
SKU0146,2024-11-10,27
SKU0146,2024-11-17,25
SKU0146,2024-11-24,37
SKU0146,2024-12-01,31
SKU0146,2024-12-08,35
SKU0146,2024-12-15,21
SKU0146,2024-12-22,22
SKU0146,2024-12-29,20
SKU0146,2025-01-05,15
SKU0146,2025-01-12,26
SKU0146,2025-01-19,36
SKU0146,2025-01-26,32
SKU0146,2025-02-02,22
SKU0146,2025-02-09,23
SKU0146,2025-02-16,15
SKU0146,2025-02-23,16
SKU0146,2025-03-02,21
SKU0146,2025-03-09,20
SKU0146,2025-03-16,7
SKU0146,2025-03-23,9
SKU0146,2025-03-30,13
SKU0146,2025-04-06,7
SKU0146,2025-04-13,14
SKU0146,2025-04-20,13
SKU0146,2025-04-27,7
SKU0146,2025-05-04,9
SKU0146,2025-05-11,5
SKU0146,2025-05-18,9
SKU0146,2025-05-25,4
SKU0146,2025-06-01,7
SKU0146,2025-06-08,15
SKU0146,2025-06-15,8
SKU0146,2025-06-22,5
SKU0146,2025-06-29,6
SKU0146,2025-07-06,2
SKU0146,2025-07-13,6
SKU0146,2025-07-20,5
SKU0146,2025-07-27,5
SKU0146,2025-08-03,5
SKU0146,2025-08-10,5
SKU0146,2025-08-17,7
SKU0146,2025-08-24,1
SKU0146,2025-08-31,2
SKU0146,2025-09-07,1
SKU0146,2025-09-14,0
SKU0146,2025-09-21,1
SKU0146,2025-09-28,0
SKU0146,2025-10-05,0
SKU0147,2024-03-03,127
SKU0147,2024-03-10,156
SKU0147,2024-03-17,112
SKU0147,2024-03-24,116
SKU0147,2024-03-31,141
SKU0147,2024-04-07,110
SKU0147,2024-04-14,113
SKU0147,2024-04-21,109
SKU0147,2024-04-28,124
SKU0147,2024-05-05,116
SKU0147,2024-05-12,107
SKU0147,2024-05-19,99
SKU0147,2024-05-26,96
SKU0147,2024-06-02,137
SKU0147,2024-06-09,128
SKU0147,2024-06-16,88
SKU0147,2024-06-23,94
SKU0147,2024-06-30,104
SKU0147,2024-07-07,96
SKU0147,2024-07-14,107
SKU0147,2024-07-21,92
SKU0147,2024-07-28,113
SKU0147,2024-08-04,133
SKU0147,2024-08-11,126
SKU0147,2024-08-18,137
SKU0147,2024-08-25,144
SKU0147,2024-09-01,161
SKU0147,2024-09-08,151
SKU0147,2024-09-15,146
SKU0147,2024-09-22,172
SKU0147,2024-09-29,157
SKU0147,2024-10-06,211
SKU0147,2024-10-13,198
SKU0147,2024-10-20,241
SKU0147,2024-10-27,313
SKU0147,2024-11-03,236
SKU0147,2024-11-10,220
SKU0147,2024-11-17,234
SKU0147,2024-11-24,292
SKU0147,2024-12-01,300
SKU0147,2024-12-08,239
SKU0147,2024-12-15,235
SKU0147,2024-12-22,272
SKU0147,2024-12-29,263
SKU0147,2025-01-05,258
SKU0147,2025-01-12,257
SKU0147,2025-01-19,362
SKU0147,2025-01-26,265
SKU0147,2025-02-02,233
SKU0147,2025-02-09,214
SKU0147,2025-02-16,231
SKU0147,2025-02-23,226
SKU0147,2025-03-02,222
SKU0147,2025-03-09,228
SKU0147,2025-03-16,213
SKU0147,2025-03-23,206
SKU0147,2025-03-30,211
SKU0147,2025-04-06,213
SKU0147,2025-04-13,170
SKU0147,2025-04-20,169
SKU0147,2025-04-27,167
SKU0147,2025-05-04,167
SKU0147,2025-05-11,146
SKU0147,2025-05-18,153
SKU0147,2025-05-25,121
SKU0147,2025-06-01,168
SKU0147,2025-06-08,232
SKU0147,2025-06-15,128
SKU0147,2025-06-22,152
SKU0147,2025-06-29,158
SKU0147,2025-07-06,178
SKU0147,2025-07-13,165
SKU0147,2025-07-20,163
SKU0147,2025-07-27,159
SKU0147,2025-08-03,194
SKU0147,2025-08-10,205
SKU0147,2025-08-17,182
SKU0147,2025-08-24,218
SKU0147,2025-08-31,210
SKU0147,2025-09-07,206
SKU0147,2025-09-14,241
SKU0147,2025-09-21,262
SKU0147,2025-09-28,267
SKU0147,2025-10-05,80
SKU0148,2024-01-07,109
SKU0148,2024-01-14,132
SKU0148,2024-01-21,173
SKU0148,2024-01-28,100
SKU0148,2024-02-04,113
SKU0148,2024-02-11,125
SKU0148,2024-02-18,109
SKU0148,2024-02-25,112
SKU0148,2024-03-03,104
SKU0148,2024-03-10,123
SKU0148,2024-03-17,135
SKU0148,2024-03-24,109
SKU0148,2024-03-31,86
SKU0148,2024-04-07,115
SKU0148,2024-04-14,104
SKU0148,2024-04-21,104
SKU0148,2024-04-28,107
SKU0148,2024-05-05,104
SKU0148,2024-05-12,99
SKU0148,2024-05-19,91
SKU0148,2024-05-26,123
SKU0148,2024-06-02,115
SKU0148,2024-06-09,139
SKU0148,2024-06-16,87
SKU0148,2024-06-23,89
SKU0148,2024-06-30,99
SKU0148,2024-07-07,99
SKU0148,2024-07-14,117
SKU0148,2024-07-21,108
SKU0148,2024-07-28,120
SKU0148,2024-08-04,118
SKU0148,2024-08-11,99
SKU0148,2024-08-18,107
SKU0148,2024-08-25,125
SKU0148,2024-09-01,138
SKU0148,2024-09-08,132
SKU0148,2024-09-15,116
SKU0148,2024-09-22,130
SKU0148,2024-09-29,148
SKU0148,2024-10-06,145
SKU0148,2024-10-13,171
SKU0148,2024-10-20,185
SKU0148,2024-10-27,234
SKU0148,2024-11-03,172
SKU0148,2024-11-10,190
SKU0148,2024-11-17,200
SKU0148,2024-11-24,208
SKU0148,2024-12-01,230
SKU0148,2024-12-08,207
SKU0148,2024-12-15,195
SKU0148,2024-12-22,186
SKU0148,2024-12-29,190
SKU0148,2025-01-05,219
SKU0148,2025-01-12,192
SKU0148,2025-01-19,249
SKU0148,2025-01-26,189
SKU0148,2025-02-02,218
SKU0148,2025-02-09,189
SKU0148,2025-02-16,180
SKU0148,2025-02-23,183
SKU0148,2025-03-02,172
SKU0148,2025-03-09,195
SKU0148,2025-03-16,145
SKU0148,2025-03-23,179
SKU0148,2025-03-30,166
SKU0148,2025-04-06,166
SKU0148,2025-04-13,153
SKU0148,2025-04-20,166
SKU0148,2025-04-27,131
SKU0148,2025-05-04,181
SKU0148,2025-05-11,155
SKU0148,2025-05-18,134
SKU0148,2025-05-25,169
SKU0148,2025-06-01,168
SKU0148,2025-06-08,220
SKU0148,2025-06-15,148
SKU0148,2025-06-22,161
SKU0148,2025-06-29,162
SKU0148,2025-07-06,160
SKU0148,2025-07-13,163
SKU0148,2025-07-20,155
SKU0148,2025-07-27,175
SKU0148,2025-08-03,171
SKU0148,2025-08-10,167
SKU0148,2025-08-17,178
SKU0148,2025-08-24,202
SKU0148,2025-08-31,164
SKU0148,2025-09-07,202
SKU0148,2025-09-14,180
SKU0148,2025-09-21,211
SKU0148,2025-09-28,211
SKU0148,2025-10-05,64
SKU0149,2024-01-07,10
SKU0149,2024-01-14,11
SKU0149,2024-01-21,16
SKU0149,2024-01-28,9
SKU0149,2024-02-04,9
SKU0149,2024-02-11,16
SKU0149,2024-02-18,12
SKU0149,2024-02-25,17
SKU0149,2024-03-03,12
SKU0149,2024-03-10,14
SKU0149,2024-03-17,11
SKU0149,2024-03-24,21
SKU0149,2024-03-31,10
SKU0149,2024-04-07,12
SKU0149,2024-04-14,11
SKU0149,2024-04-21,8
SKU0149,2024-04-28,10
SKU0149,2024-05-05,13
SKU0149,2024-05-12,9
SKU0149,2024-05-19,10
SKU0149,2024-05-26,10
SKU0149,2024-06-02,8
SKU0149,2024-06-09,19
SKU0149,2024-06-16,9
SKU0149,2024-06-23,8
SKU0149,2024-06-30,12
SKU0149,2024-07-07,16
SKU0149,2024-07-14,19
SKU0149,2024-07-21,6
SKU0149,2024-07-28,15
SKU0149,2024-08-04,14
SKU0149,2024-08-11,13
SKU0149,2024-08-18,14
SKU0149,2024-08-25,13
SKU0149,2024-09-01,15
SKU0149,2024-09-08,15
SKU0149,2024-09-15,14
SKU0149,2024-09-22,17
SKU0149,2024-09-29,20
SKU0149,2024-10-06,14
SKU0149,2024-10-13,18
SKU0149,2024-10-20,21
SKU0149,2024-10-27,25
SKU0149,2024-11-03,18
SKU0149,2024-11-10,16
SKU0149,2024-11-17,21
SKU0149,2024-11-24,20
SKU0149,2024-12-01,23
SKU0149,2024-12-08,22
SKU0149,2024-12-15,17
SKU0149,2024-12-22,16
SKU0149,2024-12-29,21
SKU0149,2025-01-05,25
SKU0149,2025-01-12,17
SKU0149,2025-01-19,30
SKU0149,2025-01-26,14
SKU0149,2025-02-02,21
SKU0149,2025-02-09,13
SKU0149,2025-02-16,8
SKU0149,2025-02-23,23
SKU0149,2025-03-02,18
SKU0149,2025-03-09,19
SKU0149,2025-03-16,13
SKU0149,2025-03-23,9
SKU0149,2025-03-30,27
SKU0149,2025-04-06,17
SKU0149,2025-04-13,17
SKU0149,2025-04-20,16
SKU0149,2025-04-27,15
SKU0149,2025-05-04,8
SKU0149,2025-05-11,8
SKU0149,2025-05-18,10
SKU0149,2025-05-25,17
SKU0149,2025-06-01,25
SKU0149,2025-06-08,19
SKU0149,2025-06-15,16
SKU0149,2025-06-22,24
SKU0149,2025-06-29,16
SKU0149,2025-07-06,17
SKU0149,2025-07-13,16
SKU0149,2025-07-20,19
SKU0149,2025-07-27,21
SKU0149,2025-08-03,15
SKU0149,2025-08-10,13
SKU0149,2025-08-17,11
SKU0149,2025-08-24,19
SKU0149,2025-08-31,22
SKU0149,2025-09-07,23
SKU0149,2025-09-14,23
SKU0149,2025-09-21,22
SKU0149,2025-09-28,15
SKU0149,2025-10-05,3
SKU0150,2024-01-07,57
SKU0150,2024-01-14,48
SKU0150,2024-01-21,59
SKU0150,2024-01-28,42
SKU0150,2024-02-04,45
SKU0150,2024-02-11,47
SKU0150,2024-02-18,49
SKU0150,2024-02-25,34
SKU0150,2024-03-03,41
SKU0150,2024-03-10,51
SKU0150,2024-03-17,35
SKU0150,2024-03-24,54
SKU0150,2024-03-31,40
SKU0150,2024-04-07,34
SKU0150,2024-04-14,38
SKU0150,2024-04-21,28
SKU0150,2024-04-28,29
SKU0150,2024-05-05,30
SKU0150,2024-05-12,37
SKU0150,2024-05-19,39
SKU0150,2024-05-26,37
SKU0150,2024-06-02,34
SKU0150,2024-06-09,36
SKU0150,2024-06-16,28
SKU0150,2024-06-23,30
SKU0150,2024-06-30,22
SKU0150,2024-07-07,25
SKU0150,2024-07-14,45
SKU0150,2024-07-21,24
SKU0150,2024-07-28,31
SKU0150,2024-08-04,33
SKU0150,2024-08-11,29
SKU0150,2024-08-18,28
SKU0150,2024-08-25,34
SKU0150,2024-09-01,31
SKU0150,2024-09-08,24
SKU0150,2024-09-15,36
SKU0150,2024-09-22,35
SKU0150,2024-09-29,29
SKU0150,2024-10-06,30
SKU0150,2024-10-13,30
SKU0150,2024-10-20,31
SKU0150,2024-10-27,50
SKU0150,2024-11-03,35
SKU0150,2024-11-10,30
SKU0150,2024-11-17,29
SKU0150,2024-11-24,36
SKU0150,2024-12-01,55
SKU0150,2024-12-08,26
SKU0150,2024-12-15,38
SKU0150,2024-12-22,28
SKU0150,2024-12-29,24
SKU0150,2025-01-05,36
SKU0150,2025-01-12,33
SKU0150,2025-01-19,38
SKU0150,2025-01-26,26
SKU0150,2025-02-02,29
SKU0150,2025-02-09,24
SKU0150,2025-02-16,30
SKU0150,2025-02-23,30
SKU0150,2025-03-02,23
SKU0150,2025-03-09,24
SKU0150,2025-03-16,20
SKU0150,2025-03-23,19
SKU0150,2025-03-30,22
SKU0150,2025-04-06,20
SKU0150,2025-04-13,24
SKU0150,2025-04-20,18
SKU0150,2025-04-27,23
SKU0150,2025-05-04,22
SKU0150,2025-05-11,11
SKU0150,2025-05-18,17
SKU0150,2025-05-25,25
SKU0150,2025-06-01,12
SKU0150,2025-06-08,12
SKU0150,2025-06-15,21
SKU0150,2025-06-22,11
SKU0150,2025-06-29,17
SKU0150,2025-07-06,10
SKU0150,2025-07-13,18
SKU0150,2025-07-20,10
SKU0150,2025-07-27,10
SKU0150,2025-08-03,16
SKU0150,2025-08-10,11
SKU0150,2025-08-17,17
SKU0150,2025-08-24,13
SKU0150,2025-08-31,15
SKU0150,2025-09-07,3
SKU0150,2025-09-14,10
SKU0150,2025-09-21,8
SKU0150,2025-09-28,16
SKU0150,2025-10-05,2
SKU0151,2024-01-07,35
SKU0151,2024-01-14,50
SKU0151,2024-01-21,61
SKU0151,2024-01-28,41
SKU0151,2024-02-04,37
SKU0151,2024-02-11,48
SKU0151,2024-02-18,28
SKU0151,2024-02-25,36
SKU0151,2024-03-03,25
SKU0151,2024-03-10,34
SKU0151,2024-03-17,27
SKU0151,2024-03-24,20
SKU0151,2024-03-31,32
SKU0151,2024-04-07,29
SKU0151,2024-04-14,33
SKU0151,2024-04-21,23
SKU0151,2024-04-28,27
SKU0151,2024-05-05,20
SKU0151,2024-05-12,29
SKU0151,2024-05-19,29
SKU0151,2024-05-26,17
SKU0151,2024-06-02,24
SKU0151,2024-06-09,32
SKU0151,2024-06-16,13
SKU0151,2024-06-23,20
SKU0151,2024-06-30,26
SKU0151,2024-07-07,28
SKU0151,2024-07-14,20
SKU0151,2024-07-21,26
SKU0151,2024-07-28,27
SKU0151,2024-08-04,27
SKU0151,2024-08-11,23
SKU0151,2024-08-18,38
SKU0151,2024-08-25,23
SKU0151,2024-09-01,26
SKU0151,2024-09-08,36
SKU0151,2024-09-15,36
SKU0151,2024-09-22,30
SKU0151,2024-09-29,28
SKU0151,2024-10-06,45
SKU0151,2024-10-13,41
SKU0151,2024-10-20,55
SKU0151,2024-10-27,85
SKU0151,2024-11-03,48
SKU0151,2024-11-10,48
SKU0151,2024-11-17,35
SKU0151,2024-11-24,61
SKU0151,2024-12-01,44
SKU0151,2024-12-08,45
SKU0151,2024-12-15,45
SKU0151,2024-12-22,41
SKU0151,2024-12-29,46
SKU0151,2025-01-05,56
SKU0151,2025-01-12,45
SKU0151,2025-01-19,93
SKU0151,2025-01-26,42
SKU0151,2025-02-02,47
SKU0151,2025-02-09,49
SKU0151,2025-02-16,38
SKU0151,2025-02-23,48
SKU0151,2025-03-02,52
SKU0151,2025-03-09,43
SKU0151,2025-03-16,34
SKU0151,2025-03-23,43
SKU0151,2025-03-30,35
SKU0151,2025-04-06,43
SKU0151,2025-04-13,32
SKU0151,2025-04-20,33
SKU0151,2025-04-27,26
SKU0151,2025-05-04,35
SKU0151,2025-05-11,21
SKU0151,2025-05-18,33
SKU0151,2025-05-25,24
SKU0151,2025-06-01,38
SKU0151,2025-06-08,42
SKU0151,2025-06-15,19
SKU0151,2025-06-22,24
SKU0151,2025-06-29,19
SKU0151,2025-07-06,31
SKU0151,2025-07-13,27
SKU0151,2025-07-20,36
SKU0151,2025-07-27,26
SKU0151,2025-08-03,25
SKU0151,2025-08-10,36
SKU0151,2025-08-17,33
SKU0151,2025-08-24,33
SKU0151,2025-08-31,36
SKU0151,2025-09-07,44
SKU0151,2025-09-14,48
SKU0151,2025-09-21,42
SKU0151,2025-09-28,44
SKU0151,2025-10-05,16
SKU0152,2024-01-07,103
SKU0152,2024-01-14,119
SKU0152,2024-01-21,141
SKU0152,2024-01-28,98
SKU0152,2024-02-04,104
SKU0152,2024-02-11,90
SKU0152,2024-02-18,90
SKU0152,2024-02-25,91
SKU0152,2024-03-03,83
SKU0152,2024-03-10,115
SKU0152,2024-03-17,89
SKU0152,2024-03-24,101
SKU0152,2024-03-31,84
SKU0152,2024-04-07,110
SKU0152,2024-04-14,78
SKU0152,2024-04-21,76
SKU0152,2024-04-28,66
SKU0152,2024-05-05,86
SKU0152,2024-05-12,90
SKU0152,2024-05-19,55
SKU0152,2024-05-26,64
SKU0152,2024-06-02,97
SKU0152,2024-06-09,97
SKU0152,2024-06-16,80
SKU0152,2024-06-23,66
SKU0152,2024-06-30,63
SKU0152,2024-07-07,80
SKU0152,2024-07-14,87
SKU0152,2024-07-21,70
SKU0152,2024-07-28,81
SKU0152,2024-08-04,60
SKU0152,2024-08-11,82
SKU0152,2024-08-18,77
SKU0152,2024-08-25,83
SKU0152,2024-09-01,78
SKU0152,2024-09-08,69
SKU0152,2024-09-15,98
SKU0152,2024-09-22,84
SKU0152,2024-09-29,91
SKU0152,2024-10-06,76
SKU0152,2024-10-13,93
SKU0152,2024-10-20,95
SKU0152,2024-10-27,116
SKU0152,2024-11-03,87
SKU0152,2024-11-10,95
SKU0152,2024-11-17,91
SKU0152,2024-11-24,102
SKU0152,2024-12-01,117
SKU0152,2024-12-08,89
SKU0152,2024-12-15,84
SKU0152,2024-12-22,82
SKU0152,2024-12-29,92
SKU0152,2025-01-05,90
SKU0152,2025-01-12,82
SKU0152,2025-01-19,116
SKU0152,2025-01-26,92
SKU0152,2025-02-02,81
SKU0152,2025-02-09,81
SKU0152,2025-02-16,75
SKU0152,2025-02-23,68
SKU0152,2025-03-02,76
SKU0152,2025-03-09,85
SKU0152,2025-03-16,67
SKU0152,2025-03-23,73
SKU0152,2025-03-30,65
SKU0152,2025-04-06,60
SKU0152,2025-04-13,69
SKU0152,2025-04-20,51
SKU0152,2025-04-27,59
SKU0152,2025-05-04,58
SKU0152,2025-05-11,56
SKU0152,2025-05-18,44
SKU0152,2025-05-25,67
SKU0152,2025-06-01,60
SKU0152,2025-06-08,73
SKU0152,2025-06-15,40
SKU0152,2025-06-22,53
SKU0152,2025-06-29,49
SKU0152,2025-07-06,49
SKU0152,2025-07-13,49
SKU0152,2025-07-20,67
SKU0152,2025-07-27,44
SKU0152,2025-08-03,51
SKU0152,2025-08-10,54
SKU0152,2025-08-17,56
SKU0152,2025-08-24,66
SKU0152,2025-08-31,52
SKU0152,2025-09-07,51
SKU0152,2025-09-14,52
SKU0152,2025-09-21,63
SKU0152,2025-09-28,56
SKU0152,2025-10-05,19
SKU0153,2024-04-28,116
SKU0153,2024-05-05,92
SKU0153,2024-05-12,105
SKU0153,2024-05-19,118
SKU0153,2024-05-26,98
SKU0153,2024-06-02,129
SKU0153,2024-06-09,133
SKU0153,2024-06-16,109
SKU0153,2024-06-23,115
SKU0153,2024-06-30,114
SKU0153,2024-07-07,105
SKU0153,2024-07-14,129
SKU0153,2024-07-21,93
SKU0153,2024-07-28,103
SKU0153,2024-08-04,117
SKU0153,2024-08-11,109
SKU0153,2024-08-18,111
SKU0153,2024-08-25,111
SKU0153,2024-09-01,116
SKU0153,2024-09-08,128
SKU0153,2024-09-15,135
SKU0153,2024-09-22,131
SKU0153,2024-09-29,152
SKU0153,2024-10-06,120
SKU0153,2024-10-13,158
SKU0153,2024-10-20,155
SKU0153,2024-10-27,258
SKU0153,2024-11-03,170
SKU0153,2024-11-10,181
SKU0153,2024-11-17,170
SKU0153,2024-11-24,203
SKU0153,2024-12-01,226
SKU0153,2024-12-08,182
SKU0153,2024-12-15,188
SKU0153,2024-12-22,191
SKU0153,2024-12-29,170
SKU0153,2025-01-05,199
SKU0153,2025-01-12,156
SKU0153,2025-01-19,274
SKU0153,2025-01-26,176
SKU0153,2025-02-02,170
SKU0153,2025-02-09,145
SKU0153,2025-02-16,183
SKU0153,2025-02-23,180
SKU0153,2025-03-02,150
SKU0153,2025-03-09,153
SKU0153,2025-03-16,164
SKU0153,2025-03-23,164
SKU0153,2025-03-30,151
SKU0153,2025-04-06,146
SKU0153,2025-04-13,147
SKU0153,2025-04-20,138
SKU0153,2025-04-27,126
SKU0153,2025-05-04,157
SKU0153,2025-05-11,137
SKU0153,2025-05-18,149
SKU0153,2025-05-25,139
SKU0153,2025-06-01,153
SKU0153,2025-06-08,181
SKU0153,2025-06-15,137
SKU0153,2025-06-22,118
SKU0153,2025-06-29,153
SKU0153,2025-07-06,128
SKU0153,2025-07-13,142
SKU0153,2025-07-20,135
SKU0153,2025-07-27,138
SKU0153,2025-08-03,155
SKU0153,2025-08-10,129
SKU0153,2025-08-17,160
SKU0153,2025-08-24,164
SKU0153,2025-08-31,153
SKU0153,2025-09-07,157
SKU0153,2025-09-14,165
SKU0153,2025-09-21,175
SKU0153,2025-09-28,194
SKU0153,2025-10-05,45
SKU0154,2024-05-19,114
SKU0154,2024-05-26,119
SKU0154,2024-06-02,136
SKU0154,2024-06-09,128
SKU0154,2024-06-16,92
SKU0154,2024-06-23,106
SKU0154,2024-06-30,107
SKU0154,2024-07-07,107
SKU0154,2024-07-14,101
SKU0154,2024-07-21,118
SKU0154,2024-07-28,114
SKU0154,2024-08-04,97
SKU0154,2024-08-11,128
SKU0154,2024-08-18,148
SKU0154,2024-08-25,116
SKU0154,2024-09-01,145
SKU0154,2024-09-08,140
SKU0154,2024-09-15,148
SKU0154,2024-09-22,171
SKU0154,2024-09-29,157
SKU0154,2024-10-06,165
SKU0154,2024-10-13,159
SKU0154,2024-10-20,216
SKU0154,2024-10-27,251
SKU0154,2024-11-03,180
SKU0154,2024-11-10,169
SKU0154,2024-11-17,188
SKU0154,2024-11-24,231
SKU0154,2024-12-01,280
SKU0154,2024-12-08,218
SKU0154,2024-12-15,227
SKU0154,2024-12-22,199
SKU0154,2024-12-29,232
SKU0154,2025-01-05,207
SKU0154,2025-01-12,220
SKU0154,2025-01-19,314
SKU0154,2025-01-26,229
SKU0154,2025-02-02,237
SKU0154,2025-02-09,219
SKU0154,2025-02-16,202
SKU0154,2025-02-23,223
SKU0154,2025-03-02,197
SKU0154,2025-03-09,215
SKU0154,2025-03-16,205
SKU0154,2025-03-23,198
SKU0154,2025-03-30,199
SKU0154,2025-04-06,177
SKU0154,2025-04-13,186
SKU0154,2025-04-20,185
SKU0154,2025-04-27,199
SKU0154,2025-05-04,182
SKU0154,2025-05-11,160
SKU0154,2025-05-18,173
SKU0154,2025-05-25,173
SKU0154,2025-06-01,194
SKU0154,2025-06-08,264
SKU0154,2025-06-15,180
SKU0154,2025-06-22,178
SKU0154,2025-06-29,173
SKU0154,2025-07-06,215
SKU0154,2025-07-13,189
SKU0154,2025-07-20,201
SKU0154,2025-07-27,217
SKU0154,2025-08-03,200
SKU0154,2025-08-10,200
SKU0154,2025-08-17,237
SKU0154,2025-08-24,209
SKU0154,2025-08-31,228
SKU0154,2025-09-07,208
SKU0154,2025-09-14,242
SKU0154,2025-09-21,248
SKU0154,2025-09-28,259
SKU0154,2025-10-05,69
SKU0155,2024-01-07,230
SKU0155,2024-01-14,259
SKU0155,2024-01-21,312
SKU0155,2024-01-28,206
SKU0155,2024-02-04,184
SKU0155,2024-02-11,196
SKU0155,2024-02-18,200
SKU0155,2024-02-25,193
SKU0155,2024-03-03,196
SKU0155,2024-03-10,143
SKU0155,2024-03-17,152
SKU0155,2024-03-24,147
SKU0155,2024-03-31,161
SKU0155,2024-04-07,140
SKU0155,2024-04-14,141
SKU0155,2024-04-21,136
SKU0155,2024-04-28,109
SKU0155,2024-05-05,117
SKU0155,2024-05-12,139
SKU0155,2024-05-19,110
SKU0155,2024-05-26,99
SKU0155,2024-06-02,123
SKU0155,2024-06-09,134
SKU0155,2024-06-16,106
SKU0155,2024-06-23,88
SKU0155,2024-06-30,109
SKU0155,2024-07-07,92
SKU0155,2024-07-14,95
SKU0155,2024-07-21,113
SKU0155,2024-07-28,107
SKU0155,2024-08-04,106
SKU0155,2024-08-11,118
SKU0155,2024-08-18,123
SKU0155,2024-08-25,102
SKU0155,2024-09-01,121
SKU0155,2024-09-08,123
SKU0155,2024-09-15,140
SKU0155,2024-09-22,133
SKU0155,2024-09-29,124
SKU0155,2024-10-06,145
SKU0155,2024-10-13,169
SKU0155,2024-10-20,195
SKU0155,2024-10-27,230
SKU0155,2024-11-03,155
SKU0155,2024-11-10,133
SKU0155,2024-11-17,168
SKU0155,2024-11-24,184
SKU0155,2024-12-01,183
SKU0155,2024-12-08,171
SKU0155,2024-12-15,160
SKU0155,2024-12-22,171
SKU0155,2024-12-29,152
SKU0155,2025-01-05,149
SKU0155,2025-01-12,134
SKU0155,2025-01-19,206
SKU0155,2025-01-26,160
SKU0155,2025-02-02,150
SKU0155,2025-02-09,123
SKU0155,2025-02-16,118
SKU0155,2025-02-23,146
SKU0155,2025-03-02,119
SKU0155,2025-03-09,119
SKU0155,2025-03-16,106
SKU0155,2025-03-23,107
SKU0155,2025-03-30,101
SKU0155,2025-04-06,98
SKU0155,2025-04-13,91
SKU0155,2025-04-20,79
SKU0155,2025-04-27,71
SKU0155,2025-05-04,100
SKU0155,2025-05-11,62
SKU0155,2025-05-18,74
SKU0155,2025-05-25,53
SKU0155,2025-06-01,74
SKU0155,2025-06-08,73
SKU0155,2025-06-15,48
SKU0155,2025-06-22,66
SKU0155,2025-06-29,54
SKU0155,2025-07-06,61
SKU0155,2025-07-13,63
SKU0155,2025-07-20,65
SKU0155,2025-07-27,72
SKU0155,2025-08-03,73
SKU0155,2025-08-10,62
SKU0155,2025-08-17,83
SKU0155,2025-08-24,70
SKU0155,2025-08-31,65
SKU0155,2025-09-07,93
SKU0155,2025-09-14,79
SKU0155,2025-09-21,54
SKU0155,2025-09-28,75
SKU0155,2025-10-05,17
SKU0156,2024-01-07,39
SKU0156,2024-01-14,47
SKU0156,2024-01-21,55
SKU0156,2024-01-28,48
SKU0156,2024-02-04,44
SKU0156,2024-02-11,41
SKU0156,2024-02-18,48
SKU0156,2024-02-25,59
SKU0156,2024-03-03,37
SKU0156,2024-03-10,41
SKU0156,2024-03-17,38
SKU0156,2024-03-24,33
SKU0156,2024-03-31,43
SKU0156,2024-04-07,28
SKU0156,2024-04-14,32
SKU0156,2024-04-21,28
SKU0156,2024-04-28,39
SKU0156,2024-05-05,31
SKU0156,2024-05-12,33
SKU0156,2024-05-19,30
SKU0156,2024-05-26,32
SKU0156,2024-06-02,31
SKU0156,2024-06-09,36
SKU0156,2024-06-16,26
SKU0156,2024-06-23,33
SKU0156,2024-06-30,28
SKU0156,2024-07-07,31
SKU0156,2024-07-14,30
SKU0156,2024-07-21,24
SKU0156,2024-07-28,28
SKU0156,2024-08-04,22
SKU0156,2024-08-11,33
SKU0156,2024-08-18,22
SKU0156,2024-08-25,31
SKU0156,2024-09-01,35
SKU0156,2024-09-08,28
SKU0156,2024-09-15,34
SKU0156,2024-09-22,25
SKU0156,2024-09-29,27
SKU0156,2024-10-06,19
SKU0156,2024-10-13,39
SKU0156,2024-10-20,22
SKU0156,2024-10-27,42
SKU0156,2024-11-03,33
SKU0156,2024-11-10,37
SKU0156,2024-11-17,35
SKU0156,2024-11-24,31
SKU0156,2024-12-01,48
SKU0156,2024-12-08,30
SKU0156,2024-12-15,34
SKU0156,2024-12-22,32
SKU0156,2024-12-29,39
SKU0156,2025-01-05,33
SKU0156,2025-01-12,35
SKU0156,2025-01-19,48
SKU0156,2025-01-26,29
SKU0156,2025-02-02,39
SKU0156,2025-02-09,22
SKU0156,2025-02-16,31
SKU0156,2025-02-23,31
SKU0156,2025-03-02,13
SKU0156,2025-03-09,28
SKU0156,2025-03-16,28
SKU0156,2025-03-23,13
SKU0156,2025-03-30,22
SKU0156,2025-04-06,17
SKU0156,2025-04-13,23
SKU0156,2025-04-20,24
SKU0156,2025-04-27,18
SKU0156,2025-05-04,23
SKU0156,2025-05-11,24
SKU0156,2025-05-18,12
SKU0156,2025-05-25,20
SKU0156,2025-06-01,19
SKU0156,2025-06-08,18
SKU0156,2025-06-15,14
SKU0156,2025-06-22,21
SKU0156,2025-06-29,20
SKU0156,2025-07-06,13
SKU0156,2025-07-13,24
SKU0156,2025-07-20,17
SKU0156,2025-07-27,20
SKU0156,2025-08-03,20
SKU0156,2025-08-10,11
SKU0156,2025-08-17,14
SKU0156,2025-08-24,18
SKU0156,2025-08-31,15
SKU0156,2025-09-07,22
SKU0156,2025-09-14,13
SKU0156,2025-09-21,12
SKU0156,2025-09-28,15
SKU0156,2025-10-05,4
SKU0157,2024-01-07,42
SKU0157,2024-01-14,55
SKU0157,2024-01-21,60
SKU0157,2024-01-28,54
SKU0157,2024-02-04,45
SKU0157,2024-02-11,35
SKU0157,2024-02-18,35
SKU0157,2024-02-25,26
SKU0157,2024-03-03,30
SKU0157,2024-03-10,34
SKU0157,2024-03-17,16
SKU0157,2024-03-24,32
SKU0157,2024-03-31,23
SKU0157,2024-04-07,22
SKU0157,2024-04-14,19
SKU0157,2024-04-21,22
SKU0157,2024-04-28,14
SKU0157,2024-05-05,13
SKU0157,2024-05-12,16
SKU0157,2024-05-19,14
SKU0157,2024-05-26,16
SKU0157,2024-06-02,22
SKU0157,2024-06-09,22
SKU0157,2024-06-16,13
SKU0157,2024-06-23,15
SKU0157,2024-06-30,11
SKU0157,2024-07-07,9
SKU0157,2024-07-14,10
SKU0157,2024-07-21,11
SKU0157,2024-07-28,14
SKU0157,2024-08-04,16
SKU0157,2024-08-11,22
SKU0157,2024-08-18,19
SKU0157,2024-08-25,11
SKU0157,2024-09-01,15
SKU0157,2024-09-08,12
SKU0157,2024-09-15,23
SKU0157,2024-09-22,18
SKU0157,2024-09-29,23
SKU0157,2024-10-06,21
SKU0157,2024-10-13,18
SKU0157,2024-10-20,25
SKU0157,2024-10-27,29
SKU0157,2024-11-03,18
SKU0157,2024-11-10,14
SKU0157,2024-11-17,18
SKU0157,2024-11-24,15
SKU0157,2024-12-01,30
SKU0157,2024-12-08,21
SKU0157,2024-12-15,23
SKU0157,2024-12-22,17
SKU0157,2024-12-29,12
SKU0157,2025-01-05,14
SKU0157,2025-01-12,12
SKU0157,2025-01-19,21
SKU0157,2025-01-26,9
SKU0157,2025-02-02,12
SKU0157,2025-02-09,6
SKU0157,2025-02-16,11
SKU0157,2025-02-23,5
SKU0157,2025-03-02,7
SKU0157,2025-03-09,7
SKU0157,2025-03-16,8
SKU0157,2025-03-23,8
SKU0157,2025-03-30,4
SKU0157,2025-04-06,3
SKU0157,2025-04-13,5
SKU0157,2025-04-20,3
SKU0157,2025-04-27,2
SKU0157,2025-05-04,2
SKU0157,2025-05-11,1
SKU0157,2025-05-18,1
SKU0157,2025-05-25,0
SKU0157,2025-06-01,1
SKU0157,2025-06-08,1
SKU0157,2025-06-15,0
SKU0157,2025-06-22,0
SKU0157,2025-06-29,0
SKU0157,2025-07-06,0
SKU0157,2025-07-13,0
SKU0157,2025-07-20,0
SKU0157,2025-07-27,0
SKU0157,2025-08-03,0
SKU0157,2025-08-10,2
SKU0157,2025-08-17,0
SKU0157,2025-08-24,0
SKU0157,2025-08-31,0
SKU0157,2025-09-07,0
SKU0157,2025-09-14,0
SKU0157,2025-09-21,0
SKU0157,2025-09-28,1
SKU0157,2025-10-05,0
SKU0158,2024-01-07,5
SKU0158,2024-01-14,3
SKU0158,2024-01-21,3
SKU0158,2024-01-28,2
SKU0158,2024-02-04,3
SKU0158,2024-02-11,3
SKU0158,2024-02-18,2
SKU0158,2024-02-25,1
SKU0158,2024-03-03,1
SKU0158,2024-03-10,1
SKU0158,2024-03-17,4
SKU0158,2024-03-24,3
SKU0158,2024-03-31,0
SKU0158,2024-04-07,1
SKU0158,2024-04-14,3
SKU0158,2024-04-21,0
SKU0158,2024-04-28,3
SKU0158,2024-05-05,5
SKU0158,2024-05-12,1
SKU0158,2024-05-19,2
SKU0158,2024-05-26,1
SKU0158,2024-06-02,1
SKU0158,2024-06-09,3
SKU0158,2024-06-16,0
SKU0158,2024-06-23,0
SKU0158,2024-06-30,1
SKU0158,2024-07-07,2
SKU0158,2024-07-14,1
SKU0158,2024-07-21,0
SKU0158,2024-07-28,3
SKU0158,2024-08-04,2
SKU0158,2024-08-11,2
SKU0158,2024-08-18,1
SKU0158,2024-08-25,3
SKU0158,2024-09-01,1
SKU0158,2024-09-08,3
SKU0158,2024-09-15,1
SKU0158,2024-09-22,2
SKU0158,2024-09-29,2
SKU0158,2024-10-06,0
SKU0158,2024-10-13,2
SKU0158,2024-10-20,2
SKU0158,2024-10-27,4
SKU0158,2024-11-03,3
SKU0158,2024-11-10,1
SKU0158,2024-11-17,1
SKU0158,2024-11-24,2
SKU0158,2024-12-01,1
SKU0158,2024-12-08,4
SKU0158,2024-12-15,1
SKU0158,2024-12-22,0
SKU0158,2024-12-29,1
SKU0158,2025-01-05,0
SKU0158,2025-01-12,0
SKU0158,2025-01-19,1
SKU0158,2025-01-26,0
SKU0158,2025-02-02,0
SKU0158,2025-02-09,0
SKU0158,2025-02-16,0
SKU0158,2025-02-23,0
SKU0158,2025-03-02,2
SKU0158,2025-03-09,0
SKU0158,2025-03-16,0
SKU0158,2025-03-23,1
SKU0158,2025-03-30,0
SKU0158,2025-04-06,0
SKU0158,2025-04-13,0
SKU0158,2025-04-20,1
SKU0158,2025-04-27,0
SKU0158,2025-05-04,1
SKU0158,2025-05-11,0
SKU0158,2025-05-18,0
SKU0158,2025-05-25,1
SKU0158,2025-06-01,0
SKU0158,2025-06-08,0
SKU0158,2025-06-15,0
SKU0158,2025-06-22,0
SKU0158,2025-06-29,0
SKU0158,2025-07-06,2
SKU0158,2025-07-13,0
SKU0158,2025-07-20,2
SKU0158,2025-07-27,0
SKU0158,2025-08-03,0
SKU0158,2025-08-10,1
SKU0158,2025-08-17,0
SKU0158,2025-08-24,0
SKU0158,2025-08-31,0
SKU0158,2025-09-07,0
SKU0158,2025-09-14,1
SKU0158,2025-09-21,0
SKU0158,2025-09-28,0
SKU0158,2025-10-05,0
SKU0159,2024-01-07,12
SKU0159,2024-01-14,7
SKU0159,2024-01-21,5
SKU0159,2024-01-28,10
SKU0159,2024-02-04,8
SKU0159,2024-02-11,8
SKU0159,2024-02-18,6
SKU0159,2024-02-25,10
SKU0159,2024-03-03,9
SKU0159,2024-03-10,10
SKU0159,2024-03-17,7
SKU0159,2024-03-24,5
SKU0159,2024-03-31,15
SKU0159,2024-04-07,6
SKU0159,2024-04-14,4
SKU0159,2024-04-21,13
SKU0159,2024-04-28,6
SKU0159,2024-05-05,3
SKU0159,2024-05-12,9
SKU0159,2024-05-19,8
SKU0159,2024-05-26,7
SKU0159,2024-06-02,13
SKU0159,2024-06-09,7
SKU0159,2024-06-16,10
SKU0159,2024-06-23,9
SKU0159,2024-06-30,7
SKU0159,2024-07-07,6
SKU0159,2024-07-14,5
SKU0159,2024-07-21,3
SKU0159,2024-07-28,6
SKU0159,2024-08-04,9
SKU0159,2024-08-11,6
SKU0159,2024-08-18,6
SKU0159,2024-08-25,5
SKU0159,2024-09-01,9
SKU0159,2024-09-08,9
SKU0159,2024-09-15,7
SKU0159,2024-09-22,4
SKU0159,2024-09-29,9
SKU0159,2024-10-06,7
SKU0159,2024-10-13,8
SKU0159,2024-10-20,10
SKU0159,2024-10-27,23
SKU0159,2024-11-03,7
SKU0159,2024-11-10,8
SKU0159,2024-11-17,8
SKU0159,2024-11-24,11
SKU0159,2024-12-01,17
SKU0159,2024-12-08,10
SKU0159,2024-12-15,16
SKU0159,2024-12-22,8
SKU0159,2024-12-29,13
SKU0159,2025-01-05,1
SKU0159,2025-01-12,15
SKU0159,2025-01-19,18
SKU0159,2025-01-26,13
SKU0159,2025-02-02,6
SKU0159,2025-02-09,9
SKU0159,2025-02-16,10
SKU0159,2025-02-23,12
SKU0159,2025-03-02,12
SKU0159,2025-03-09,3
SKU0159,2025-03-16,13
SKU0159,2025-03-23,11
SKU0159,2025-03-30,8
SKU0159,2025-04-06,13
SKU0159,2025-04-13,8
SKU0159,2025-04-20,8
SKU0159,2025-04-27,5
SKU0159,2025-05-04,6
SKU0159,2025-05-11,9
SKU0159,2025-05-18,10
SKU0159,2025-05-25,7
SKU0159,2025-06-01,10
SKU0159,2025-06-08,4
SKU0159,2025-06-15,4
SKU0159,2025-06-22,9
SKU0159,2025-06-29,5
SKU0159,2025-07-06,6
SKU0159,2025-07-13,8
SKU0159,2025-07-20,7
SKU0159,2025-07-27,7
SKU0159,2025-08-03,7
SKU0159,2025-08-10,11
SKU0159,2025-08-17,6
SKU0159,2025-08-24,6
SKU0159,2025-08-31,8
SKU0159,2025-09-07,10
SKU0159,2025-09-14,8
SKU0159,2025-09-21,12
SKU0159,2025-09-28,7
SKU0159,2025-10-05,1
SKU0160,2024-01-07,111
SKU0160,2024-01-14,137
SKU0160,2024-01-21,169
SKU0160,2024-01-28,137
SKU0160,2024-02-04,135
SKU0160,2024-02-11,133
SKU0160,2024-02-18,123
SKU0160,2024-02-25,131
SKU0160,2024-03-03,145
SKU0160,2024-03-10,127
SKU0160,2024-03-17,132
SKU0160,2024-03-24,120
SKU0160,2024-03-31,145
SKU0160,2024-04-07,129
SKU0160,2024-04-14,137
SKU0160,2024-04-21,120
SKU0160,2024-04-28,127
SKU0160,2024-05-05,121
SKU0160,2024-05-12,124
SKU0160,2024-05-19,114
SKU0160,2024-05-26,107
SKU0160,2024-06-02,141
SKU0160,2024-06-09,165
SKU0160,2024-06-16,135
SKU0160,2024-06-23,118
SKU0160,2024-06-30,129
SKU0160,2024-07-07,131
SKU0160,2024-07-14,135
SKU0160,2024-07-21,129
SKU0160,2024-07-28,114
SKU0160,2024-08-04,156
SKU0160,2024-08-11,168
SKU0160,2024-08-18,153
SKU0160,2024-08-25,143
SKU0160,2024-09-01,187
SKU0160,2024-09-08,163
SKU0160,2024-09-15,174
SKU0160,2024-09-22,189
SKU0160,2024-09-29,207
SKU0160,2024-10-06,198
SKU0160,2024-10-13,221
SKU0160,2024-10-20,233
SKU0160,2024-10-27,325
SKU0160,2024-11-03,230
SKU0160,2024-11-10,202
SKU0160,2024-11-17,249
SKU0160,2024-11-24,251
SKU0160,2024-12-01,304
SKU0160,2024-12-08,253
SKU0160,2024-12-15,235
SKU0160,2024-12-22,222
SKU0160,2024-12-29,275
SKU0160,2025-01-05,256
SKU0160,2025-01-12,239
SKU0160,2025-01-19,342
SKU0160,2025-01-26,228
SKU0160,2025-02-02,262
SKU0160,2025-02-09,255
SKU0160,2025-02-16,268
SKU0160,2025-02-23,240
SKU0160,2025-03-02,265
SKU0160,2025-03-09,257
SKU0160,2025-03-16,242
SKU0160,2025-03-23,216
SKU0160,2025-03-30,258
SKU0160,2025-04-06,263
SKU0160,2025-04-13,231
SKU0160,2025-04-20,211
SKU0160,2025-04-27,217
SKU0160,2025-05-04,255
SKU0160,2025-05-11,182
SKU0160,2025-05-18,229
SKU0160,2025-05-25,218
SKU0160,2025-06-01,233
SKU0160,2025-06-08,329
SKU0160,2025-06-15,229
SKU0160,2025-06-22,197
SKU0160,2025-06-29,229
SKU0160,2025-07-06,210
SKU0160,2025-07-13,254
SKU0160,2025-07-20,204
SKU0160,2025-07-27,220
SKU0160,2025-08-03,217
SKU0160,2025-08-10,249
SKU0160,2025-08-17,254
SKU0160,2025-08-24,253
SKU0160,2025-08-31,273
SKU0160,2025-09-07,281
SKU0160,2025-09-14,265
SKU0160,2025-09-21,232
SKU0160,2025-09-28,328
SKU0160,2025-10-05,80
SKU0161,2024-01-07,116
SKU0161,2024-01-14,161
SKU0161,2024-01-21,167
SKU0161,2024-01-28,132
SKU0161,2024-02-04,111
SKU0161,2024-02-11,133
SKU0161,2024-02-18,142
SKU0161,2024-02-25,129
SKU0161,2024-03-03,118
SKU0161,2024-03-10,110
SKU0161,2024-03-17,110
SKU0161,2024-03-24,132
SKU0161,2024-03-31,106
SKU0161,2024-04-07,106
SKU0161,2024-04-14,106
SKU0161,2024-04-21,111
SKU0161,2024-04-28,81
SKU0161,2024-05-05,83
SKU0161,2024-05-12,95
SKU0161,2024-05-19,80
SKU0161,2024-05-26,93
SKU0161,2024-06-02,91
SKU0161,2024-06-09,113
SKU0161,2024-06-16,88
SKU0161,2024-06-23,89
SKU0161,2024-06-30,94
SKU0161,2024-07-07,74
SKU0161,2024-07-14,94
SKU0161,2024-07-21,103
SKU0161,2024-07-28,98
SKU0161,2024-08-04,128
SKU0161,2024-08-11,112
SKU0161,2024-08-18,119
SKU0161,2024-08-25,141
SKU0161,2024-09-01,122
SKU0161,2024-09-08,156
SKU0161,2024-09-15,178
SKU0161,2024-09-22,185
SKU0161,2024-09-29,173
SKU0161,2024-10-06,186
SKU0161,2024-10-13,166
SKU0161,2024-10-20,273
SKU0161,2024-10-27,317
SKU0161,2024-11-03,222
SKU0161,2024-11-10,204
SKU0161,2024-11-17,246
SKU0161,2024-11-24,287
SKU0161,2024-12-01,352
SKU0161,2024-12-08,266
SKU0161,2024-12-15,217
SKU0161,2024-12-22,242
SKU0161,2024-12-29,277
SKU0161,2025-01-05,269
SKU0161,2025-01-12,270
SKU0161,2025-01-19,384
SKU0161,2025-01-26,250
SKU0161,2025-02-02,271
SKU0161,2025-02-09,263
SKU0161,2025-02-16,247
SKU0161,2025-02-23,237
SKU0161,2025-03-02,239
SKU0161,2025-03-09,228
SKU0161,2025-03-16,206
SKU0161,2025-03-23,197
SKU0161,2025-03-30,189
SKU0161,2025-04-06,172
SKU0161,2025-04-13,217
SKU0161,2025-04-20,190
SKU0161,2025-04-27,179
SKU0161,2025-05-04,177
SKU0161,2025-05-11,166
SKU0161,2025-05-18,190
SKU0161,2025-05-25,146
SKU0161,2025-06-01,171
SKU0161,2025-06-08,254
SKU0161,2025-06-15,144
SKU0161,2025-06-22,167
SKU0161,2025-06-29,147
SKU0161,2025-07-06,174
SKU0161,2025-07-13,163
SKU0161,2025-07-20,173
SKU0161,2025-07-27,209
SKU0161,2025-08-03,205
SKU0161,2025-08-10,188
SKU0161,2025-08-17,205
SKU0161,2025-08-24,206
SKU0161,2025-08-31,256
SKU0161,2025-09-07,267
SKU0161,2025-09-14,259
SKU0161,2025-09-21,248
SKU0161,2025-09-28,259
SKU0161,2025-10-05,89
SKU0162,2024-01-07,50
SKU0162,2024-01-14,51
SKU0162,2024-01-21,60
SKU0162,2024-01-28,54
SKU0162,2024-02-04,48
SKU0162,2024-02-11,51
SKU0162,2024-02-18,52
SKU0162,2024-02-25,48
SKU0162,2024-03-03,41
SKU0162,2024-03-10,51
SKU0162,2024-03-17,47
SKU0162,2024-03-24,54
SKU0162,2024-03-31,50
SKU0162,2024-04-07,42
SKU0162,2024-04-14,43
SKU0162,2024-04-21,52
SKU0162,2024-04-28,42
SKU0162,2024-05-05,43
SKU0162,2024-05-12,44
SKU0162,2024-05-19,49
SKU0162,2024-05-26,44
SKU0162,2024-06-02,58
SKU0162,2024-06-09,50
SKU0162,2024-06-16,38
SKU0162,2024-06-23,45
SKU0162,2024-06-30,40
SKU0162,2024-07-07,41
SKU0162,2024-07-14,30
SKU0162,2024-07-21,41
SKU0162,2024-07-28,42
SKU0162,2024-08-04,41
SKU0162,2024-08-11,50
SKU0162,2024-08-18,52
SKU0162,2024-08-25,54
SKU0162,2024-09-01,50
SKU0162,2024-09-08,46
SKU0162,2024-09-15,69
SKU0162,2024-09-22,59
SKU0162,2024-09-29,50
SKU0162,2024-10-06,56
SKU0162,2024-10-13,61
SKU0162,2024-10-20,51
SKU0162,2024-10-27,88
SKU0162,2024-11-03,53
SKU0162,2024-11-10,61
SKU0162,2024-11-17,62
SKU0162,2024-11-24,68
SKU0162,2024-12-01,87
SKU0162,2024-12-08,65
SKU0162,2024-12-15,62
SKU0162,2024-12-22,63
SKU0162,2024-12-29,67
SKU0162,2025-01-05,68
SKU0162,2025-01-12,58
SKU0162,2025-01-19,90
SKU0162,2025-01-26,60
SKU0162,2025-02-02,54
SKU0162,2025-02-09,60
SKU0162,2025-02-16,58
SKU0162,2025-02-23,64
SKU0162,2025-03-02,67
SKU0162,2025-03-09,51
SKU0162,2025-03-16,59
SKU0162,2025-03-23,48
SKU0162,2025-03-30,58
SKU0162,2025-04-06,53
SKU0162,2025-04-13,56
SKU0162,2025-04-20,71
SKU0162,2025-04-27,44
SKU0162,2025-05-04,54
SKU0162,2025-05-11,45
SKU0162,2025-05-18,61
SKU0162,2025-05-25,47
SKU0162,2025-06-01,69
SKU0162,2025-06-08,77
SKU0162,2025-06-15,48
SKU0162,2025-06-22,49
SKU0162,2025-06-29,48
SKU0162,2025-07-06,64
SKU0162,2025-07-13,56
SKU0162,2025-07-20,56
SKU0162,2025-07-27,54
SKU0162,2025-08-03,44
SKU0162,2025-08-10,58
SKU0162,2025-08-17,67
SKU0162,2025-08-24,67
SKU0162,2025-08-31,63
SKU0162,2025-09-07,76
SKU0162,2025-09-14,66
SKU0162,2025-09-21,61
SKU0162,2025-09-28,52
SKU0162,2025-10-05,17
SKU0163,2024-01-07,7
SKU0163,2024-01-14,4
SKU0163,2024-01-21,14
SKU0163,2024-01-28,4
SKU0163,2024-02-04,7
SKU0163,2024-02-11,4
SKU0163,2024-02-18,5
SKU0163,2024-02-25,3
SKU0163,2024-03-03,4
SKU0163,2024-03-10,4
SKU0163,2024-03-17,3
SKU0163,2024-03-24,7
SKU0163,2024-03-31,6
SKU0163,2024-04-07,2
SKU0163,2024-04-14,2
SKU0163,2024-04-21,6
SKU0163,2024-04-28,2
SKU0163,2024-05-05,5
SKU0163,2024-05-12,7
SKU0163,2024-05-19,3
SKU0163,2024-05-26,3
SKU0163,2024-06-02,4
SKU0163,2024-06-09,4
SKU0163,2024-06-16,5
SKU0163,2024-06-23,5
SKU0163,2024-06-30,5
SKU0163,2024-07-07,5
SKU0163,2024-07-14,4
SKU0163,2024-07-21,5
SKU0163,2024-07-28,6
SKU0163,2024-08-04,3
SKU0163,2024-08-11,6
SKU0163,2024-08-18,4
SKU0163,2024-08-25,4
SKU0163,2024-09-01,4
SKU0163,2024-09-08,7
SKU0163,2024-09-15,3
SKU0163,2024-09-22,2
SKU0163,2024-09-29,1
SKU0163,2024-10-06,3
SKU0163,2024-10-13,1
SKU0163,2024-10-20,7
SKU0163,2024-10-27,6
SKU0163,2024-11-03,5
SKU0163,2024-11-10,7
SKU0163,2024-11-17,5
SKU0163,2024-11-24,4
SKU0163,2024-12-01,6
SKU0163,2024-12-08,8
SKU0163,2024-12-15,8
SKU0163,2024-12-22,6
SKU0163,2024-12-29,6
SKU0163,2025-01-05,0
SKU0163,2025-01-12,1
SKU0163,2025-01-19,4
SKU0163,2025-01-26,6
SKU0163,2025-02-02,5
SKU0163,2025-02-09,7
SKU0163,2025-02-16,7
SKU0163,2025-02-23,6
SKU0163,2025-03-02,12
SKU0163,2025-03-09,8
SKU0163,2025-03-16,6
SKU0163,2025-03-23,3
SKU0163,2025-03-30,3
SKU0163,2025-04-06,4
SKU0163,2025-04-13,8
SKU0163,2025-04-20,2
SKU0163,2025-04-27,2
SKU0163,2025-05-04,2
SKU0163,2025-05-11,2
SKU0163,2025-05-18,1
SKU0163,2025-05-25,5
SKU0163,2025-06-01,5
SKU0163,2025-06-08,2
SKU0163,2025-06-15,2
SKU0163,2025-06-22,6
SKU0163,2025-06-29,4
SKU0163,2025-07-06,1
SKU0163,2025-07-13,4
SKU0163,2025-07-20,3
SKU0163,2025-07-27,4
SKU0163,2025-08-03,3
SKU0163,2025-08-10,6
SKU0163,2025-08-17,2
SKU0163,2025-08-24,1
SKU0163,2025-08-31,3
SKU0163,2025-09-07,3
SKU0163,2025-09-14,5
SKU0163,2025-09-21,3
SKU0163,2025-09-28,4
SKU0163,2025-10-05,2
SKU0164,2024-01-07,51
SKU0164,2024-01-14,64
SKU0164,2024-01-21,69
SKU0164,2024-01-28,55
SKU0164,2024-02-04,40
SKU0164,2024-02-11,49
SKU0164,2024-02-18,52
SKU0164,2024-02-25,48
SKU0164,2024-03-03,50
SKU0164,2024-03-10,45
SKU0164,2024-03-17,49
SKU0164,2024-03-24,49
SKU0164,2024-03-31,52
SKU0164,2024-04-07,37
SKU0164,2024-04-14,38
SKU0164,2024-04-21,47
SKU0164,2024-04-28,52
SKU0164,2024-05-05,48
SKU0164,2024-05-12,33
SKU0164,2024-05-19,47
SKU0164,2024-05-26,45
SKU0164,2024-06-02,39
SKU0164,2024-06-09,58
SKU0164,2024-06-16,43
SKU0164,2024-06-23,32
SKU0164,2024-06-30,48
SKU0164,2024-07-07,45
SKU0164,2024-07-14,35
SKU0164,2024-07-21,45
SKU0164,2024-07-28,49
SKU0164,2024-08-04,55
SKU0164,2024-08-11,53
SKU0164,2024-08-18,43
SKU0164,2024-08-25,53
SKU0164,2024-09-01,46
SKU0164,2024-09-08,42
SKU0164,2024-09-15,50
SKU0164,2024-09-22,64
SKU0164,2024-09-29,63
SKU0164,2024-10-06,49
SKU0164,2024-10-13,72
SKU0164,2024-10-20,80
SKU0164,2024-10-27,113
SKU0164,2024-11-03,65
SKU0164,2024-11-10,78
SKU0164,2024-11-17,73
SKU0164,2024-11-24,94
SKU0164,2024-12-01,96
SKU0164,2024-12-08,70
SKU0164,2024-12-15,73
SKU0164,2024-12-22,92
SKU0164,2024-12-29,92
SKU0164,2025-01-05,70
SKU0164,2025-01-12,69
SKU0164,2025-01-19,104
SKU0164,2025-01-26,67
SKU0164,2025-02-02,87
SKU0164,2025-02-09,76
SKU0164,2025-02-16,77
SKU0164,2025-02-23,73
SKU0164,2025-03-02,64
SKU0164,2025-03-09,71
SKU0164,2025-03-16,56
SKU0164,2025-03-23,59
SKU0164,2025-03-30,67
SKU0164,2025-04-06,61
SKU0164,2025-04-13,49
SKU0164,2025-04-20,63
SKU0164,2025-04-27,49
SKU0164,2025-05-04,52
SKU0164,2025-05-11,43
SKU0164,2025-05-18,42
SKU0164,2025-05-25,68
SKU0164,2025-06-01,62
SKU0164,2025-06-08,63
SKU0164,2025-06-15,60
SKU0164,2025-06-22,57
SKU0164,2025-06-29,67
SKU0164,2025-07-06,51
SKU0164,2025-07-13,64
SKU0164,2025-07-20,57
SKU0164,2025-07-27,69
SKU0164,2025-08-03,56
SKU0164,2025-08-10,56
SKU0164,2025-08-17,61
SKU0164,2025-08-24,71
SKU0164,2025-08-31,58
SKU0164,2025-09-07,67
SKU0164,2025-09-14,69
SKU0164,2025-09-21,73
SKU0164,2025-09-28,83
SKU0164,2025-10-05,22
SKU0165,2024-01-07,7
SKU0165,2024-01-14,13
SKU0165,2024-01-21,6
SKU0165,2024-01-28,7
SKU0165,2024-02-04,9
SKU0165,2024-02-11,4
SKU0165,2024-02-18,9
SKU0165,2024-02-25,5
SKU0165,2024-03-03,7
SKU0165,2024-03-10,10
SKU0165,2024-03-17,6
SKU0165,2024-03-24,10
SKU0165,2024-03-31,8
SKU0165,2024-04-07,5
SKU0165,2024-04-14,10
SKU0165,2024-04-21,5
SKU0165,2024-04-28,0
SKU0165,2024-05-05,6
SKU0165,2024-05-12,5
SKU0165,2024-05-19,4
SKU0165,2024-05-26,2
SKU0165,2024-06-02,8
SKU0165,2024-06-09,7
SKU0165,2024-06-16,5
SKU0165,2024-06-23,5
SKU0165,2024-06-30,8
SKU0165,2024-07-07,9
SKU0165,2024-07-14,3
SKU0165,2024-07-21,6
SKU0165,2024-07-28,1
SKU0165,2024-08-04,9
SKU0165,2024-08-11,5
SKU0165,2024-08-18,4
SKU0165,2024-08-25,3
SKU0165,2024-09-01,6
SKU0165,2024-09-08,5
SKU0165,2024-09-15,8
SKU0165,2024-09-22,6
SKU0165,2024-09-29,9
SKU0165,2024-10-06,10
SKU0165,2024-10-13,5
SKU0165,2024-10-20,12
SKU0165,2024-10-27,15
SKU0165,2024-11-03,11
SKU0165,2024-11-10,14
SKU0165,2024-11-17,10
SKU0165,2024-11-24,13
SKU0165,2024-12-01,11
SKU0165,2024-12-08,13
SKU0165,2024-12-15,8
SKU0165,2024-12-22,10
SKU0165,2024-12-29,6
SKU0165,2025-01-05,9
SKU0165,2025-01-12,11
SKU0165,2025-01-19,17
SKU0165,2025-01-26,6
SKU0165,2025-02-02,12
SKU0165,2025-02-09,7
SKU0165,2025-02-16,9
SKU0165,2025-02-23,5
SKU0165,2025-03-02,8
SKU0165,2025-03-09,12
SKU0165,2025-03-16,8
SKU0165,2025-03-23,10
SKU0165,2025-03-30,12
SKU0165,2025-04-06,7
SKU0165,2025-04-13,3
SKU0165,2025-04-20,8
SKU0165,2025-04-27,6
SKU0165,2025-05-04,10
SKU0165,2025-05-11,5
SKU0165,2025-05-18,11
SKU0165,2025-05-25,9
SKU0165,2025-06-01,7
SKU0165,2025-06-08,6
SKU0165,2025-06-15,3
SKU0165,2025-06-22,7
SKU0165,2025-06-29,3
SKU0165,2025-07-06,2
SKU0165,2025-07-13,9
SKU0165,2025-07-20,6
SKU0165,2025-07-27,10
SKU0165,2025-08-03,4
SKU0165,2025-08-10,4
SKU0165,2025-08-17,3
SKU0165,2025-08-24,12
SKU0165,2025-08-31,13
SKU0165,2025-09-07,7
SKU0165,2025-09-14,7
SKU0165,2025-09-21,7
SKU0165,2025-09-28,4
SKU0165,2025-10-05,2
SKU0166,2024-01-07,218
SKU0166,2024-01-14,216
SKU0166,2024-01-21,286
SKU0166,2024-01-28,202
SKU0166,2024-02-04,223
SKU0166,2024-02-11,211
SKU0166,2024-02-18,227
SKU0166,2024-02-25,202
SKU0166,2024-03-03,224
SKU0166,2024-03-10,222
SKU0166,2024-03-17,191
SKU0166,2024-03-24,193
SKU0166,2024-03-31,202
SKU0166,2024-04-07,222
SKU0166,2024-04-14,217
SKU0166,2024-04-21,189
SKU0166,2024-04-28,187
SKU0166,2024-05-05,202
SKU0166,2024-05-12,172
SKU0166,2024-05-19,179
SKU0166,2024-05-26,176
SKU0166,2024-06-02,218
SKU0166,2024-06-09,243
SKU0166,2024-06-16,201
SKU0166,2024-06-23,201
SKU0166,2024-06-30,212
SKU0166,2024-07-07,232
SKU0166,2024-07-14,204
SKU0166,2024-07-21,246
SKU0166,2024-07-28,241
SKU0166,2024-08-04,245
SKU0166,2024-08-11,233
SKU0166,2024-08-18,239
SKU0166,2024-08-25,273
SKU0166,2024-09-01,260
SKU0166,2024-09-08,276
SKU0166,2024-09-15,269
SKU0166,2024-09-22,303
SKU0166,2024-09-29,333
SKU0166,2024-10-06,331
SKU0166,2024-10-13,329
SKU0166,2024-10-20,393
SKU0166,2024-10-27,600
SKU0166,2024-11-03,371
SKU0166,2024-11-10,380
SKU0166,2024-11-17,397
SKU0166,2024-11-24,456
SKU0166,2024-12-01,550
SKU0166,2024-12-08,425
SKU0166,2024-12-15,473
SKU0166,2024-12-22,415
SKU0166,2024-12-29,431
SKU0166,2025-01-05,441
SKU0166,2025-01-12,413
SKU0166,2025-01-19,681
SKU0166,2025-01-26,410
SKU0166,2025-02-02,454
SKU0166,2025-02-09,452
SKU0166,2025-02-16,445
SKU0166,2025-02-23,422
SKU0166,2025-03-02,398
SKU0166,2025-03-09,448
SKU0166,2025-03-16,406
SKU0166,2025-03-23,331
SKU0166,2025-03-30,397
SKU0166,2025-04-06,348
SKU0166,2025-04-13,361
SKU0166,2025-04-20,370
SKU0166,2025-04-27,363
SKU0166,2025-05-04,341
SKU0166,2025-05-11,338
SKU0166,2025-05-18,311
SKU0166,2025-05-25,338
SKU0166,2025-06-01,384
SKU0166,2025-06-08,493
SKU0166,2025-06-15,344
SKU0166,2025-06-22,310
SKU0166,2025-06-29,325
SKU0166,2025-07-06,324
SKU0166,2025-07-13,332
SKU0166,2025-07-20,352
SKU0166,2025-07-27,352
SKU0166,2025-08-03,405
SKU0166,2025-08-10,360
SKU0166,2025-08-17,425
SKU0166,2025-08-24,385
SKU0166,2025-08-31,435
SKU0166,2025-09-07,473
SKU0166,2025-09-14,486
SKU0166,2025-09-21,527
SKU0166,2025-09-28,542
SKU0166,2025-10-05,126
SKU0167,2024-01-07,160
SKU0167,2024-01-14,171
SKU0167,2024-01-21,198
SKU0167,2024-01-28,137
SKU0167,2024-02-04,125
SKU0167,2024-02-11,137
SKU0167,2024-02-18,142
SKU0167,2024-02-25,123
SKU0167,2024-03-03,151
SKU0167,2024-03-10,122
SKU0167,2024-03-17,110
SKU0167,2024-03-24,115
SKU0167,2024-03-31,111
SKU0167,2024-04-07,87
SKU0167,2024-04-14,113
SKU0167,2024-04-21,97
SKU0167,2024-04-28,96
SKU0167,2024-05-05,76
SKU0167,2024-05-12,120
SKU0167,2024-05-19,88
SKU0167,2024-05-26,120
SKU0167,2024-06-02,118
SKU0167,2024-06-09,116
SKU0167,2024-06-16,80
SKU0167,2024-06-23,97
SKU0167,2024-06-30,111
SKU0167,2024-07-07,94
SKU0167,2024-07-14,98
SKU0167,2024-07-21,87
SKU0167,2024-07-28,91
SKU0167,2024-08-04,122
SKU0167,2024-08-11,122
SKU0167,2024-08-18,103
SKU0167,2024-08-25,105
SKU0167,2024-09-01,120
SKU0167,2024-09-08,123
SKU0167,2024-09-15,126
SKU0167,2024-09-22,132
SKU0167,2024-09-29,151
SKU0167,2024-10-06,146
SKU0167,2024-10-13,150
SKU0167,2024-10-20,206
SKU0167,2024-10-27,260
SKU0167,2024-11-03,180
SKU0167,2024-11-10,183
SKU0167,2024-11-17,223
SKU0167,2024-11-24,230
SKU0167,2024-12-01,265
SKU0167,2024-12-08,197
SKU0167,2024-12-15,217
SKU0167,2024-12-22,189
SKU0167,2024-12-29,187
SKU0167,2025-01-05,218
SKU0167,2025-01-12,192
SKU0167,2025-01-19,288
SKU0167,2025-01-26,198
SKU0167,2025-02-02,203
SKU0167,2025-02-09,192
SKU0167,2025-02-16,178
SKU0167,2025-02-23,215
SKU0167,2025-03-02,174
SKU0167,2025-03-09,174
SKU0167,2025-03-16,182
SKU0167,2025-03-23,163
SKU0167,2025-03-30,172
SKU0167,2025-04-06,156
SKU0167,2025-04-13,159
SKU0167,2025-04-20,126
SKU0167,2025-04-27,144
SKU0167,2025-05-04,133
SKU0167,2025-05-11,128
SKU0167,2025-05-18,118
SKU0167,2025-05-25,113
SKU0167,2025-06-01,153
SKU0167,2025-06-08,194
SKU0167,2025-06-15,109
SKU0167,2025-06-22,129
SKU0167,2025-06-29,92
SKU0167,2025-07-06,126
SKU0167,2025-07-13,125
SKU0167,2025-07-20,114
SKU0167,2025-07-27,115
SKU0167,2025-08-03,144
SKU0167,2025-08-10,133
SKU0167,2025-08-17,132
SKU0167,2025-08-24,170
SKU0167,2025-08-31,151
SKU0167,2025-09-07,159
SKU0167,2025-09-14,158
SKU0167,2025-09-21,172
SKU0167,2025-09-28,206
SKU0167,2025-10-05,62
SKU0168,2024-01-07,189
SKU0168,2024-01-14,193
SKU0168,2024-01-21,259
SKU0168,2024-01-28,201
SKU0168,2024-02-04,183
SKU0168,2024-02-11,185
SKU0168,2024-02-18,169
SKU0168,2024-02-25,162
SKU0168,2024-03-03,189
SKU0168,2024-03-10,152
SKU0168,2024-03-17,157
SKU0168,2024-03-24,131
SKU0168,2024-03-31,126
SKU0168,2024-04-07,125
SKU0168,2024-04-14,120
SKU0168,2024-04-21,138
SKU0168,2024-04-28,111
SKU0168,2024-05-05,99
SKU0168,2024-05-12,94
SKU0168,2024-05-19,91
SKU0168,2024-05-26,92
SKU0168,2024-06-02,92
SKU0168,2024-06-09,110
SKU0168,2024-06-16,85
SKU0168,2024-06-23,89
SKU0168,2024-06-30,84
SKU0168,2024-07-07,87
SKU0168,2024-07-14,79
SKU0168,2024-07-21,104
SKU0168,2024-07-28,112
SKU0168,2024-08-04,95
SKU0168,2024-08-11,101
SKU0168,2024-08-18,104
SKU0168,2024-08-25,101
SKU0168,2024-09-01,109
SKU0168,2024-09-08,105
SKU0168,2024-09-15,133
SKU0168,2024-09-22,125
SKU0168,2024-09-29,116
SKU0168,2024-10-06,138
SKU0168,2024-10-13,149
SKU0168,2024-10-20,185
SKU0168,2024-10-27,227
SKU0168,2024-11-03,141
SKU0168,2024-11-10,154
SKU0168,2024-11-17,176
SKU0168,2024-11-24,202
SKU0168,2024-12-01,229
SKU0168,2024-12-08,160
SKU0168,2024-12-15,155
SKU0168,2024-12-22,152
SKU0168,2024-12-29,147
SKU0168,2025-01-05,155
SKU0168,2025-01-12,161
SKU0168,2025-01-19,208
SKU0168,2025-01-26,138
SKU0168,2025-02-02,149
SKU0168,2025-02-09,165
SKU0168,2025-02-16,125
SKU0168,2025-02-23,140
SKU0168,2025-03-02,115
SKU0168,2025-03-09,121
SKU0168,2025-03-16,133
SKU0168,2025-03-23,132
SKU0168,2025-03-30,105
SKU0168,2025-04-06,121
SKU0168,2025-04-13,101
SKU0168,2025-04-20,91
SKU0168,2025-04-27,95
SKU0168,2025-05-04,80
SKU0168,2025-05-11,74
SKU0168,2025-05-18,66
SKU0168,2025-05-25,74
SKU0168,2025-06-01,96
SKU0168,2025-06-08,98
SKU0168,2025-06-15,50
SKU0168,2025-06-22,65
SKU0168,2025-06-29,69
SKU0168,2025-07-06,77
SKU0168,2025-07-13,71
SKU0168,2025-07-20,65
SKU0168,2025-07-27,64
SKU0168,2025-08-03,82
SKU0168,2025-08-10,58
SKU0168,2025-08-17,86
SKU0168,2025-08-24,87
SKU0168,2025-08-31,89
SKU0168,2025-09-07,107
SKU0168,2025-09-14,102
SKU0168,2025-09-21,87
SKU0168,2025-09-28,111
SKU0168,2025-10-05,19
SKU0169,2024-01-07,79
SKU0169,2024-01-14,97
SKU0169,2024-01-21,110
SKU0169,2024-01-28,103
SKU0169,2024-02-04,79
SKU0169,2024-02-11,85
SKU0169,2024-02-18,86
SKU0169,2024-02-25,118
SKU0169,2024-03-03,117
SKU0169,2024-03-10,85
SKU0169,2024-03-17,100
SKU0169,2024-03-24,105
SKU0169,2024-03-31,104
SKU0169,2024-04-07,80
SKU0169,2024-04-14,92
SKU0169,2024-04-21,85
SKU0169,2024-04-28,84
SKU0169,2024-05-05,93
SKU0169,2024-05-12,87
SKU0169,2024-05-19,93
SKU0169,2024-05-26,71
SKU0169,2024-06-02,128
SKU0169,2024-06-09,126
SKU0169,2024-06-16,88
SKU0169,2024-06-23,96
SKU0169,2024-06-30,97
SKU0169,2024-07-07,102
SKU0169,2024-07-14,76
SKU0169,2024-07-21,109
SKU0169,2024-07-28,93
SKU0169,2024-08-04,104
SKU0169,2024-08-11,107
SKU0169,2024-08-18,102
SKU0169,2024-08-25,113
SKU0169,2024-09-01,113
SKU0169,2024-09-08,106
SKU0169,2024-09-15,120
SKU0169,2024-09-22,125
SKU0169,2024-09-29,126
SKU0169,2024-10-06,141
SKU0169,2024-10-13,139
SKU0169,2024-10-20,139
SKU0169,2024-10-27,204
SKU0169,2024-11-03,170
SKU0169,2024-11-10,157
SKU0169,2024-11-17,170
SKU0169,2024-11-24,171
SKU0169,2024-12-01,203
SKU0169,2024-12-08,149
SKU0169,2024-12-15,189
SKU0169,2024-12-22,165
SKU0169,2024-12-29,151
SKU0169,2025-01-05,143
SKU0169,2025-01-12,164
SKU0169,2025-01-19,237
SKU0169,2025-01-26,173
SKU0169,2025-02-02,165
SKU0169,2025-02-09,172
SKU0169,2025-02-16,161
SKU0169,2025-02-23,156
SKU0169,2025-03-02,154
SKU0169,2025-03-09,151
SKU0169,2025-03-16,153
SKU0169,2025-03-23,147
SKU0169,2025-03-30,150
SKU0169,2025-04-06,163
SKU0169,2025-04-13,146
SKU0169,2025-04-20,154
SKU0169,2025-04-27,134
SKU0169,2025-05-04,166
SKU0169,2025-05-11,138
SKU0169,2025-05-18,165
SKU0169,2025-05-25,142
SKU0169,2025-06-01,155
SKU0169,2025-06-08,238
SKU0169,2025-06-15,152
SKU0169,2025-06-22,155
SKU0169,2025-06-29,142
SKU0169,2025-07-06,159
SKU0169,2025-07-13,166
SKU0169,2025-07-20,168
SKU0169,2025-07-27,163
SKU0169,2025-08-03,167
SKU0169,2025-08-10,135
SKU0169,2025-08-17,167
SKU0169,2025-08-24,183
SKU0169,2025-08-31,175
SKU0169,2025-09-07,181
SKU0169,2025-09-14,197
SKU0169,2025-09-21,205
SKU0169,2025-09-28,214
SKU0169,2025-10-05,40
SKU0170,2024-01-07,90
SKU0170,2024-01-14,100
SKU0170,2024-01-21,154
SKU0170,2024-01-28,85
SKU0170,2024-02-04,87
SKU0170,2024-02-11,99
SKU0170,2024-02-18,87
SKU0170,2024-02-25,87
SKU0170,2024-03-03,71
SKU0170,2024-03-10,86
SKU0170,2024-03-17,84
SKU0170,2024-03-24,71
SKU0170,2024-03-31,73
SKU0170,2024-04-07,71
SKU0170,2024-04-14,84
SKU0170,2024-04-21,57
SKU0170,2024-04-28,69
SKU0170,2024-05-05,63
SKU0170,2024-05-12,58
SKU0170,2024-05-19,67
SKU0170,2024-05-26,63
SKU0170,2024-06-02,81
SKU0170,2024-06-09,91
SKU0170,2024-06-16,54
SKU0170,2024-06-23,56
SKU0170,2024-06-30,67
SKU0170,2024-07-07,56
SKU0170,2024-07-14,66
SKU0170,2024-07-21,73
SKU0170,2024-07-28,84
SKU0170,2024-08-04,86
SKU0170,2024-08-11,75
SKU0170,2024-08-18,96
SKU0170,2024-08-25,87
SKU0170,2024-09-01,100
SKU0170,2024-09-08,90
SKU0170,2024-09-15,78
SKU0170,2024-09-22,125
SKU0170,2024-09-29,125
SKU0170,2024-10-06,114
SKU0170,2024-10-13,114
SKU0170,2024-10-20,150
SKU0170,2024-10-27,180
SKU0170,2024-11-03,143
SKU0170,2024-11-10,131
SKU0170,2024-11-17,157
SKU0170,2024-11-24,180
SKU0170,2024-12-01,224
SKU0170,2024-12-08,158
SKU0170,2024-12-15,167
SKU0170,2024-12-22,159
SKU0170,2024-12-29,148
SKU0170,2025-01-05,138
SKU0170,2025-01-12,161
SKU0170,2025-01-19,222
SKU0170,2025-01-26,149
SKU0170,2025-02-02,147
SKU0170,2025-02-09,155
SKU0170,2025-02-16,156
SKU0170,2025-02-23,158
SKU0170,2025-03-02,130
SKU0170,2025-03-09,132
SKU0170,2025-03-16,131
SKU0170,2025-03-23,143
SKU0170,2025-03-30,108
SKU0170,2025-04-06,97
SKU0170,2025-04-13,120
SKU0170,2025-04-20,129
SKU0170,2025-04-27,105
SKU0170,2025-05-04,127
SKU0170,2025-05-11,113
SKU0170,2025-05-18,107
SKU0170,2025-05-25,85
SKU0170,2025-06-01,106
SKU0170,2025-06-08,154
SKU0170,2025-06-15,109
SKU0170,2025-06-22,95
SKU0170,2025-06-29,100
SKU0170,2025-07-06,82
SKU0170,2025-07-13,110
SKU0170,2025-07-20,109
SKU0170,2025-07-27,122
SKU0170,2025-08-03,92
SKU0170,2025-08-10,119
SKU0170,2025-08-17,140
SKU0170,2025-08-24,140
SKU0170,2025-08-31,173
SKU0170,2025-09-07,154
SKU0170,2025-09-14,137
SKU0170,2025-09-21,147
SKU0170,2025-09-28,173
SKU0170,2025-10-05,32
SKU0171,2024-01-07,125
SKU0171,2024-01-14,144
SKU0171,2024-01-21,165
SKU0171,2024-01-28,100
SKU0171,2024-02-04,123
SKU0171,2024-02-11,118
SKU0171,2024-02-18,101
SKU0171,2024-02-25,117
SKU0171,2024-03-03,97
SKU0171,2024-03-10,95
SKU0171,2024-03-17,96
SKU0171,2024-03-24,82
SKU0171,2024-03-31,87
SKU0171,2024-04-07,109
SKU0171,2024-04-14,92
SKU0171,2024-04-21,80
SKU0171,2024-04-28,76
SKU0171,2024-05-05,75
SKU0171,2024-05-12,90
SKU0171,2024-05-19,72
SKU0171,2024-05-26,68
SKU0171,2024-06-02,100
SKU0171,2024-06-09,72
SKU0171,2024-06-16,61
SKU0171,2024-06-23,61
SKU0171,2024-06-30,88
SKU0171,2024-07-07,94
SKU0171,2024-07-14,81
SKU0171,2024-07-21,73
SKU0171,2024-07-28,88
SKU0171,2024-08-04,85
SKU0171,2024-08-11,72
SKU0171,2024-08-18,97
SKU0171,2024-08-25,112
SKU0171,2024-09-01,85
SKU0171,2024-09-08,103
SKU0171,2024-09-15,133
SKU0171,2024-09-22,114
SKU0171,2024-09-29,138
SKU0171,2024-10-06,131
SKU0171,2024-10-13,147
SKU0171,2024-10-20,160
SKU0171,2024-10-27,275
SKU0171,2024-11-03,177
SKU0171,2024-11-10,162
SKU0171,2024-11-17,169
SKU0171,2024-11-24,201
SKU0171,2024-12-01,219
SKU0171,2024-12-08,159
SKU0171,2024-12-15,165
SKU0171,2024-12-22,183
SKU0171,2024-12-29,185
SKU0171,2025-01-05,195
SKU0171,2025-01-12,179
SKU0171,2025-01-19,262
SKU0171,2025-01-26,160
SKU0171,2025-02-02,176
SKU0171,2025-02-09,163
SKU0171,2025-02-16,208
SKU0171,2025-02-23,186
SKU0171,2025-03-02,139
SKU0171,2025-03-09,174
SKU0171,2025-03-16,157
SKU0171,2025-03-23,133
SKU0171,2025-03-30,136
SKU0171,2025-04-06,134
SKU0171,2025-04-13,147
SKU0171,2025-04-20,105
SKU0171,2025-04-27,108
SKU0171,2025-05-04,126
SKU0171,2025-05-11,106
SKU0171,2025-05-18,112
SKU0171,2025-05-25,90
SKU0171,2025-06-01,122
SKU0171,2025-06-08,137
SKU0171,2025-06-15,113
SKU0171,2025-06-22,121
SKU0171,2025-06-29,111
SKU0171,2025-07-06,107
SKU0171,2025-07-13,102
SKU0171,2025-07-20,112
SKU0171,2025-07-27,129
SKU0171,2025-08-03,112
SKU0171,2025-08-10,134
SKU0171,2025-08-17,127
SKU0171,2025-08-24,139
SKU0171,2025-08-31,169
SKU0171,2025-09-07,165
SKU0171,2025-09-14,160
SKU0171,2025-09-21,187
SKU0171,2025-09-28,209
SKU0171,2025-10-05,53
SKU0172,2024-01-07,98
SKU0172,2024-01-14,121
SKU0172,2024-01-21,143
SKU0172,2024-01-28,98
SKU0172,2024-02-04,97
SKU0172,2024-02-11,92
SKU0172,2024-02-18,101
SKU0172,2024-02-25,85
SKU0172,2024-03-03,101
SKU0172,2024-03-10,85
SKU0172,2024-03-17,93
SKU0172,2024-03-24,71
SKU0172,2024-03-31,71
SKU0172,2024-04-07,69
SKU0172,2024-04-14,68
SKU0172,2024-04-21,72
SKU0172,2024-04-28,71
SKU0172,2024-05-05,62
SKU0172,2024-05-12,70
SKU0172,2024-05-19,61
SKU0172,2024-05-26,67
SKU0172,2024-06-02,64
SKU0172,2024-06-09,83
SKU0172,2024-06-16,68
SKU0172,2024-06-23,64
SKU0172,2024-06-30,55
SKU0172,2024-07-07,50
SKU0172,2024-07-14,53
SKU0172,2024-07-21,58
SKU0172,2024-07-28,67
SKU0172,2024-08-04,63
SKU0172,2024-08-11,62
SKU0172,2024-08-18,56
SKU0172,2024-08-25,62
SKU0172,2024-09-01,49
SKU0172,2024-09-08,87
SKU0172,2024-09-15,67
SKU0172,2024-09-22,82
SKU0172,2024-09-29,92
SKU0172,2024-10-06,79
SKU0172,2024-10-13,73
SKU0172,2024-10-20,92
SKU0172,2024-10-27,131
SKU0172,2024-11-03,79
SKU0172,2024-11-10,98
SKU0172,2024-11-17,87
SKU0172,2024-11-24,95
SKU0172,2024-12-01,133
SKU0172,2024-12-08,83
SKU0172,2024-12-15,105
SKU0172,2024-12-22,80
SKU0172,2024-12-29,91
SKU0172,2025-01-05,90
SKU0172,2025-01-12,77
SKU0172,2025-01-19,105
SKU0172,2025-01-26,74
SKU0172,2025-02-02,81
SKU0172,2025-02-09,80
SKU0172,2025-02-16,80
SKU0172,2025-02-23,99
SKU0172,2025-03-02,77
SKU0172,2025-03-09,75
SKU0172,2025-03-16,75
SKU0172,2025-03-23,65
SKU0172,2025-03-30,57
SKU0172,2025-04-06,58
SKU0172,2025-04-13,49
SKU0172,2025-04-20,67
SKU0172,2025-04-27,58
SKU0172,2025-05-04,59
SKU0172,2025-05-11,55
SKU0172,2025-05-18,49
SKU0172,2025-05-25,41
SKU0172,2025-06-01,50
SKU0172,2025-06-08,72
SKU0172,2025-06-15,30
SKU0172,2025-06-22,44
SKU0172,2025-06-29,40
SKU0172,2025-07-06,42
SKU0172,2025-07-13,35
SKU0172,2025-07-20,51
SKU0172,2025-07-27,36
SKU0172,2025-08-03,52
SKU0172,2025-08-10,50
SKU0172,2025-08-17,61
SKU0172,2025-08-24,48
SKU0172,2025-08-31,66
SKU0172,2025-09-07,56
SKU0172,2025-09-14,45
SKU0172,2025-09-21,53
SKU0172,2025-09-28,49
SKU0172,2025-10-05,13
SKU0173,2024-01-07,31
SKU0173,2024-01-14,44
SKU0173,2024-01-21,52
SKU0173,2024-01-28,38
SKU0173,2024-02-04,25
SKU0173,2024-02-11,39
SKU0173,2024-02-18,33
SKU0173,2024-02-25,32
SKU0173,2024-03-03,32
SKU0173,2024-03-10,27
SKU0173,2024-03-17,27
SKU0173,2024-03-24,31
SKU0173,2024-03-31,16
SKU0173,2024-04-07,17
SKU0173,2024-04-14,22
SKU0173,2024-04-21,32
SKU0173,2024-04-28,27
SKU0173,2024-05-05,20
SKU0173,2024-05-12,21
SKU0173,2024-05-19,21
SKU0173,2024-05-26,20
SKU0173,2024-06-02,42
SKU0173,2024-06-09,28
SKU0173,2024-06-16,24
SKU0173,2024-06-23,24
SKU0173,2024-06-30,16
SKU0173,2024-07-07,27
SKU0173,2024-07-14,27
SKU0173,2024-07-21,17
SKU0173,2024-07-28,23
SKU0173,2024-08-04,27
SKU0173,2024-08-11,25
SKU0173,2024-08-18,22
SKU0173,2024-08-25,19
SKU0173,2024-09-01,30
SKU0173,2024-09-08,19
SKU0173,2024-09-15,16
SKU0173,2024-09-22,20
SKU0173,2024-09-29,18
SKU0173,2024-10-06,23
SKU0173,2024-10-13,15
SKU0173,2024-10-20,29
SKU0173,2024-10-27,29
SKU0173,2024-11-03,29
SKU0173,2024-11-10,18
SKU0173,2024-11-17,19
SKU0173,2024-11-24,28
SKU0173,2024-12-01,23
SKU0173,2024-12-08,19
SKU0173,2024-12-15,29
SKU0173,2024-12-22,23
SKU0173,2024-12-29,26
SKU0173,2025-01-05,24
SKU0173,2025-01-12,21
SKU0173,2025-01-19,33
SKU0173,2025-01-26,22
SKU0173,2025-02-02,14
SKU0173,2025-02-09,21
SKU0173,2025-02-16,12
SKU0173,2025-02-23,17
SKU0173,2025-03-02,17
SKU0173,2025-03-09,22
SKU0173,2025-03-16,9
SKU0173,2025-03-23,15
SKU0173,2025-03-30,15
SKU0173,2025-04-06,15
SKU0173,2025-04-13,12
SKU0173,2025-04-20,21
SKU0173,2025-04-27,8
SKU0173,2025-05-04,9
SKU0173,2025-05-11,13
SKU0173,2025-05-18,10
SKU0173,2025-05-25,11
SKU0173,2025-06-01,21
SKU0173,2025-06-08,16
SKU0173,2025-06-15,5
SKU0173,2025-06-22,15
SKU0173,2025-06-29,13
SKU0173,2025-07-06,12
SKU0173,2025-07-13,20
SKU0173,2025-07-20,14
SKU0173,2025-07-27,9
SKU0173,2025-08-03,9
SKU0173,2025-08-10,12
SKU0173,2025-08-17,5
SKU0173,2025-08-24,12
SKU0173,2025-08-31,10
SKU0173,2025-09-07,14
SKU0173,2025-09-14,6
SKU0173,2025-09-21,7
SKU0173,2025-09-28,13
SKU0173,2025-10-05,3
SKU0174,2024-01-07,5
SKU0174,2024-01-14,4
SKU0174,2024-01-21,10
SKU0174,2024-01-28,7
SKU0174,2024-02-04,5
SKU0174,2024-02-11,1
SKU0174,2024-02-18,2
SKU0174,2024-02-25,2
SKU0174,2024-03-03,4
SKU0174,2024-03-10,1
SKU0174,2024-03-17,3
SKU0174,2024-03-24,1
SKU0174,2024-03-31,5
SKU0174,2024-04-07,6
SKU0174,2024-04-14,3
SKU0174,2024-04-21,0
SKU0174,2024-04-28,2
SKU0174,2024-05-05,3
SKU0174,2024-05-12,1
SKU0174,2024-05-19,2
SKU0174,2024-05-26,2
SKU0174,2024-06-02,5
SKU0174,2024-06-09,6
SKU0174,2024-06-16,0
SKU0174,2024-06-23,1
SKU0174,2024-06-30,6
SKU0174,2024-07-07,2
SKU0174,2024-07-14,1
SKU0174,2024-07-21,1
SKU0174,2024-07-28,3
SKU0174,2024-08-04,3
SKU0174,2024-08-11,2
SKU0174,2024-08-18,4
SKU0174,2024-08-25,3
SKU0174,2024-09-01,1
SKU0174,2024-09-08,3
SKU0174,2024-09-15,3
SKU0174,2024-09-22,4
SKU0174,2024-09-29,4
SKU0174,2024-10-06,1
SKU0174,2024-10-13,2
SKU0174,2024-10-20,2
SKU0174,2024-10-27,4
SKU0174,2024-11-03,2
SKU0174,2024-11-10,2
SKU0174,2024-11-17,1
SKU0174,2024-11-24,3
SKU0174,2024-12-01,3
SKU0174,2024-12-08,3
SKU0174,2024-12-15,1
SKU0174,2024-12-22,7
SKU0174,2024-12-29,3
SKU0174,2025-01-05,2
SKU0174,2025-01-12,9
SKU0174,2025-01-19,9
SKU0174,2025-01-26,4
SKU0174,2025-02-02,5
SKU0174,2025-02-09,0
SKU0174,2025-02-16,5
SKU0174,2025-02-23,4
SKU0174,2025-03-02,1
SKU0174,2025-03-09,3
SKU0174,2025-03-16,6
SKU0174,2025-03-23,6
SKU0174,2025-03-30,2
SKU0174,2025-04-06,4
SKU0174,2025-04-13,9
SKU0174,2025-04-20,4
SKU0174,2025-04-27,1
SKU0174,2025-05-04,4
SKU0174,2025-05-11,4
SKU0174,2025-05-18,2
SKU0174,2025-05-25,2
SKU0174,2025-06-01,1
SKU0174,2025-06-08,1
SKU0174,2025-06-15,2
SKU0174,2025-06-22,1
SKU0174,2025-06-29,3
SKU0174,2025-07-06,2
SKU0174,2025-07-13,4
SKU0174,2025-07-20,1
SKU0174,2025-07-27,3
SKU0174,2025-08-03,3
SKU0174,2025-08-10,3
SKU0174,2025-08-17,4
SKU0174,2025-08-24,4
SKU0174,2025-08-31,3
SKU0174,2025-09-07,3
SKU0174,2025-09-14,1
SKU0174,2025-09-21,3
SKU0174,2025-09-28,4
SKU0174,2025-10-05,0
SKU0175,2024-01-07,124
SKU0175,2024-01-14,129
SKU0175,2024-01-21,152
SKU0175,2024-01-28,117
SKU0175,2024-02-04,120
SKU0175,2024-02-11,126
SKU0175,2024-02-18,108
SKU0175,2024-02-25,100
SKU0175,2024-03-03,107
SKU0175,2024-03-10,107
SKU0175,2024-03-17,97
SKU0175,2024-03-24,80
SKU0175,2024-03-31,103
SKU0175,2024-04-07,99
SKU0175,2024-04-14,97
SKU0175,2024-04-21,97
SKU0175,2024-04-28,79
SKU0175,2024-05-05,75
SKU0175,2024-05-12,76
SKU0175,2024-05-19,70
SKU0175,2024-05-26,77
SKU0175,2024-06-02,81
SKU0175,2024-06-09,96
SKU0175,2024-06-16,70
SKU0175,2024-06-23,66
SKU0175,2024-06-30,53
SKU0175,2024-07-07,76
SKU0175,2024-07-14,72
SKU0175,2024-07-21,67
SKU0175,2024-07-28,83
SKU0175,2024-08-04,69
SKU0175,2024-08-11,89
SKU0175,2024-08-18,89
SKU0175,2024-08-25,75
SKU0175,2024-09-01,93
SKU0175,2024-09-08,88
SKU0175,2024-09-15,96
SKU0175,2024-09-22,101
SKU0175,2024-09-29,103
SKU0175,2024-10-06,116
SKU0175,2024-10-13,127
SKU0175,2024-10-20,152
SKU0175,2024-10-27,213
SKU0175,2024-11-03,143
SKU0175,2024-11-10,145
SKU0175,2024-11-17,138
SKU0175,2024-11-24,150
SKU0175,2024-12-01,154
SKU0175,2024-12-08,143
SKU0175,2024-12-15,135
SKU0175,2024-12-22,157
SKU0175,2024-12-29,126
SKU0175,2025-01-05,134
SKU0175,2025-01-12,155
SKU0175,2025-01-19,174
SKU0175,2025-01-26,120
SKU0175,2025-02-02,134
SKU0175,2025-02-09,135
SKU0175,2025-02-16,106
SKU0175,2025-02-23,117
SKU0175,2025-03-02,97
SKU0175,2025-03-09,106
SKU0175,2025-03-16,138
SKU0175,2025-03-23,109
SKU0175,2025-03-30,111
SKU0175,2025-04-06,108
SKU0175,2025-04-13,78
SKU0175,2025-04-20,87
SKU0175,2025-04-27,81
SKU0175,2025-05-04,81
SKU0175,2025-05-11,82
SKU0175,2025-05-18,79
SKU0175,2025-05-25,82
SKU0175,2025-06-01,98
SKU0175,2025-06-08,107
SKU0175,2025-06-15,73
SKU0175,2025-06-22,67
SKU0175,2025-06-29,70
SKU0175,2025-07-06,64
SKU0175,2025-07-13,75
SKU0175,2025-07-20,81
SKU0175,2025-07-27,91
SKU0175,2025-08-03,81
SKU0175,2025-08-10,88
SKU0175,2025-08-17,97
SKU0175,2025-08-24,96
SKU0175,2025-08-31,103
SKU0175,2025-09-07,86
SKU0175,2025-09-14,101
SKU0175,2025-09-21,113
SKU0175,2025-09-28,124
SKU0175,2025-10-05,27
SKU0176,2024-01-07,52
SKU0176,2024-01-14,72
SKU0176,2024-01-21,82
SKU0176,2024-01-28,58
SKU0176,2024-02-04,63
SKU0176,2024-02-11,49
SKU0176,2024-02-18,52
SKU0176,2024-02-25,62
SKU0176,2024-03-03,66
SKU0176,2024-03-10,66
SKU0176,2024-03-17,61
SKU0176,2024-03-24,59
SKU0176,2024-03-31,49
SKU0176,2024-04-07,55
SKU0176,2024-04-14,65
SKU0176,2024-04-21,55
SKU0176,2024-04-28,54
SKU0176,2024-05-05,74
SKU0176,2024-05-12,51
SKU0176,2024-05-19,46
SKU0176,2024-05-26,57
SKU0176,2024-06-02,82
SKU0176,2024-06-09,77
SKU0176,2024-06-16,54
SKU0176,2024-06-23,57
SKU0176,2024-06-30,55
SKU0176,2024-07-07,48
SKU0176,2024-07-14,52
SKU0176,2024-07-21,71
SKU0176,2024-07-28,63
SKU0176,2024-08-04,62
SKU0176,2024-08-11,77
SKU0176,2024-08-18,84
SKU0176,2024-08-25,72
SKU0176,2024-09-01,80
SKU0176,2024-09-08,96
SKU0176,2024-09-15,80
SKU0176,2024-09-22,89
SKU0176,2024-09-29,100
SKU0176,2024-10-06,100
SKU0176,2024-10-13,91
SKU0176,2024-10-20,136
SKU0176,2024-10-27,177
SKU0176,2024-11-03,120
SKU0176,2024-11-10,118
SKU0176,2024-11-17,125
SKU0176,2024-11-24,120
SKU0176,2024-12-01,160
SKU0176,2024-12-08,129
SKU0176,2024-12-15,118
SKU0176,2024-12-22,132
SKU0176,2024-12-29,150
SKU0176,2025-01-05,129
SKU0176,2025-01-12,160
SKU0176,2025-01-19,226
SKU0176,2025-01-26,139
SKU0176,2025-02-02,128
SKU0176,2025-02-09,131
SKU0176,2025-02-16,130
SKU0176,2025-02-23,148
SKU0176,2025-03-02,144
SKU0176,2025-03-09,121
SKU0176,2025-03-16,107
SKU0176,2025-03-23,129
SKU0176,2025-03-30,127
SKU0176,2025-04-06,109
SKU0176,2025-04-13,118
SKU0176,2025-04-20,118
SKU0176,2025-04-27,105
SKU0176,2025-05-04,123
SKU0176,2025-05-11,101
SKU0176,2025-05-18,111
SKU0176,2025-05-25,124
SKU0176,2025-06-01,116
SKU0176,2025-06-08,143
SKU0176,2025-06-15,104
SKU0176,2025-06-22,99
SKU0176,2025-06-29,105
SKU0176,2025-07-06,100
SKU0176,2025-07-13,96
SKU0176,2025-07-20,104
SKU0176,2025-07-27,132
SKU0176,2025-08-03,140
SKU0176,2025-08-10,114
SKU0176,2025-08-17,118
SKU0176,2025-08-24,146
SKU0176,2025-08-31,139
SKU0176,2025-09-07,145
SKU0176,2025-09-14,165
SKU0176,2025-09-21,135
SKU0176,2025-09-28,147
SKU0176,2025-10-05,44
SKU0177,2024-01-07,119
SKU0177,2024-01-14,167
SKU0177,2024-01-21,159
SKU0177,2024-01-28,128
SKU0177,2024-02-04,123
SKU0177,2024-02-11,115
SKU0177,2024-02-18,104
SKU0177,2024-02-25,98
SKU0177,2024-03-03,95
SKU0177,2024-03-10,101
SKU0177,2024-03-17,93
SKU0177,2024-03-24,92
SKU0177,2024-03-31,84
SKU0177,2024-04-07,95
SKU0177,2024-04-14,73
SKU0177,2024-04-21,81
SKU0177,2024-04-28,76
SKU0177,2024-05-05,56
SKU0177,2024-05-12,80
SKU0177,2024-05-19,88
SKU0177,2024-05-26,61
SKU0177,2024-06-02,88
SKU0177,2024-06-09,74
SKU0177,2024-06-16,68
SKU0177,2024-06-23,76
SKU0177,2024-06-30,66
SKU0177,2024-07-07,57
SKU0177,2024-07-14,73
SKU0177,2024-07-21,74
SKU0177,2024-07-28,71
SKU0177,2024-08-04,71
SKU0177,2024-08-11,65
SKU0177,2024-08-18,76
SKU0177,2024-08-25,80
SKU0177,2024-09-01,81
SKU0177,2024-09-08,103
SKU0177,2024-09-15,109
SKU0177,2024-09-22,115
SKU0177,2024-09-29,118
SKU0177,2024-10-06,115
SKU0177,2024-10-13,108
SKU0177,2024-10-20,149
SKU0177,2024-10-27,195
SKU0177,2024-11-03,159
SKU0177,2024-11-10,139
SKU0177,2024-11-17,134
SKU0177,2024-11-24,177
SKU0177,2024-12-01,190
SKU0177,2024-12-08,164
SKU0177,2024-12-15,158
SKU0177,2024-12-22,169
SKU0177,2024-12-29,152
SKU0177,2025-01-05,174
SKU0177,2025-01-12,175
SKU0177,2025-01-19,240
SKU0177,2025-01-26,136
SKU0177,2025-02-02,146
SKU0177,2025-02-09,130
SKU0177,2025-02-16,126
SKU0177,2025-02-23,126
SKU0177,2025-03-02,123
SKU0177,2025-03-09,133
SKU0177,2025-03-16,115
SKU0177,2025-03-23,92
SKU0177,2025-03-30,117
SKU0177,2025-04-06,120
SKU0177,2025-04-13,81
SKU0177,2025-04-20,98
SKU0177,2025-04-27,84
SKU0177,2025-05-04,98
SKU0177,2025-05-11,76
SKU0177,2025-05-18,88
SKU0177,2025-05-25,70
SKU0177,2025-06-01,93
SKU0177,2025-06-08,119
SKU0177,2025-06-15,82
SKU0177,2025-06-22,63
SKU0177,2025-06-29,80
SKU0177,2025-07-06,66
SKU0177,2025-07-13,94
SKU0177,2025-07-20,87
SKU0177,2025-07-27,92
SKU0177,2025-08-03,77
SKU0177,2025-08-10,65
SKU0177,2025-08-17,110
SKU0177,2025-08-24,110
SKU0177,2025-08-31,104
SKU0177,2025-09-07,125
SKU0177,2025-09-14,114
SKU0177,2025-09-21,125
SKU0177,2025-09-28,120
SKU0177,2025-10-05,38
SKU0178,2024-01-07,84
SKU0178,2024-01-14,104
SKU0178,2024-01-21,104
SKU0178,2024-01-28,77
SKU0178,2024-02-04,74
SKU0178,2024-02-11,78
SKU0178,2024-02-18,73
SKU0178,2024-02-25,68
SKU0178,2024-03-03,85
SKU0178,2024-03-10,69
SKU0178,2024-03-17,76
SKU0178,2024-03-24,75
SKU0178,2024-03-31,76
SKU0178,2024-04-07,72
SKU0178,2024-04-14,76
SKU0178,2024-04-21,75
SKU0178,2024-04-28,53
SKU0178,2024-05-05,59
SKU0178,2024-05-12,67
SKU0178,2024-05-19,62
SKU0178,2024-05-26,71
SKU0178,2024-06-02,72
SKU0178,2024-06-09,71
SKU0178,2024-06-16,60
SKU0178,2024-06-23,65
SKU0178,2024-06-30,51
SKU0178,2024-07-07,51
SKU0178,2024-07-14,70
SKU0178,2024-07-21,50
SKU0178,2024-07-28,64
SKU0178,2024-08-04,68
SKU0178,2024-08-11,47
SKU0178,2024-08-18,60
SKU0178,2024-08-25,63
SKU0178,2024-09-01,60
SKU0178,2024-09-08,58
SKU0178,2024-09-15,76
SKU0178,2024-09-22,75
SKU0178,2024-09-29,67
SKU0178,2024-10-06,73
SKU0178,2024-10-13,76
SKU0178,2024-10-20,102
SKU0178,2024-10-27,115
SKU0178,2024-11-03,77
SKU0178,2024-11-10,87
SKU0178,2024-11-17,72
SKU0178,2024-11-24,61
SKU0178,2024-12-01,118
SKU0178,2024-12-08,79
SKU0178,2024-12-15,98
SKU0178,2024-12-22,91
SKU0178,2024-12-29,102
SKU0178,2025-01-05,64
SKU0178,2025-01-12,78
SKU0178,2025-01-19,103
SKU0178,2025-01-26,83
SKU0178,2025-02-02,85
SKU0178,2025-02-09,84
SKU0178,2025-02-16,85
SKU0178,2025-02-23,85
SKU0178,2025-03-02,90
SKU0178,2025-03-09,79
SKU0178,2025-03-16,88
SKU0178,2025-03-23,74
SKU0178,2025-03-30,78
SKU0178,2025-04-06,67
SKU0178,2025-04-13,78
SKU0178,2025-04-20,80
SKU0178,2025-04-27,75
SKU0178,2025-05-04,72
SKU0178,2025-05-11,71
SKU0178,2025-05-18,72
SKU0178,2025-05-25,62
SKU0178,2025-06-01,76
SKU0178,2025-06-08,92
SKU0178,2025-06-15,81
SKU0178,2025-06-22,67
SKU0178,2025-06-29,70
SKU0178,2025-07-06,71
SKU0178,2025-07-13,79
SKU0178,2025-07-20,57
SKU0178,2025-07-27,63
SKU0178,2025-08-03,67
SKU0178,2025-08-10,84
SKU0178,2025-08-17,61
SKU0178,2025-08-24,67
SKU0178,2025-08-31,63
SKU0178,2025-09-07,84
SKU0178,2025-09-14,84
SKU0178,2025-09-21,102
SKU0178,2025-09-28,69
SKU0178,2025-10-05,18
SKU0179,2024-01-07,155
SKU0179,2024-01-14,177
SKU0179,2024-01-21,222
SKU0179,2024-01-28,159
SKU0179,2024-02-04,184
SKU0179,2024-02-11,170
SKU0179,2024-02-18,168
SKU0179,2024-02-25,144
SKU0179,2024-03-03,150
SKU0179,2024-03-10,165
SKU0179,2024-03-17,141
SKU0179,2024-03-24,148
SKU0179,2024-03-31,173
SKU0179,2024-04-07,158
SKU0179,2024-04-14,160
SKU0179,2024-04-21,148
SKU0179,2024-04-28,133
SKU0179,2024-05-05,169
SKU0179,2024-05-12,136
SKU0179,2024-05-19,129
SKU0179,2024-05-26,138
SKU0179,2024-06-02,187
SKU0179,2024-06-09,200
SKU0179,2024-06-16,143
SKU0179,2024-06-23,145
SKU0179,2024-06-30,174
SKU0179,2024-07-07,149
SKU0179,2024-07-14,173
SKU0179,2024-07-21,143
SKU0179,2024-07-28,146
SKU0179,2024-08-04,126
SKU0179,2024-08-11,143
SKU0179,2024-08-18,137
SKU0179,2024-08-25,146
SKU0179,2024-09-01,179
SKU0179,2024-09-08,159
SKU0179,2024-09-15,182
SKU0179,2024-09-22,166
SKU0179,2024-09-29,168
SKU0179,2024-10-06,164
SKU0179,2024-10-13,182
SKU0179,2024-10-20,207
SKU0179,2024-10-27,319
SKU0179,2024-11-03,194
SKU0179,2024-11-10,187
SKU0179,2024-11-17,211
SKU0179,2024-11-24,223
SKU0179,2024-12-01,234
SKU0179,2024-12-08,195
SKU0179,2024-12-15,192
SKU0179,2024-12-22,192
SKU0179,2024-12-29,209
SKU0179,2025-01-05,190
SKU0179,2025-01-12,200
SKU0179,2025-01-19,312
SKU0179,2025-01-26,214
SKU0179,2025-02-02,204
SKU0179,2025-02-09,215
SKU0179,2025-02-16,193
SKU0179,2025-02-23,216
SKU0179,2025-03-02,241
SKU0179,2025-03-09,174
SKU0179,2025-03-16,195
SKU0179,2025-03-23,224
SKU0179,2025-03-30,186
SKU0179,2025-04-06,188
SKU0179,2025-04-13,187
SKU0179,2025-04-20,180
SKU0179,2025-04-27,166
SKU0179,2025-05-04,170
SKU0179,2025-05-11,169
SKU0179,2025-05-18,168
SKU0179,2025-05-25,176
SKU0179,2025-06-01,213
SKU0179,2025-06-08,275
SKU0179,2025-06-15,173
SKU0179,2025-06-22,174
SKU0179,2025-06-29,162
SKU0179,2025-07-06,171
SKU0179,2025-07-13,173
SKU0179,2025-07-20,216
SKU0179,2025-07-27,187
SKU0179,2025-08-03,188
SKU0179,2025-08-10,183
SKU0179,2025-08-17,200
SKU0179,2025-08-24,172
SKU0179,2025-08-31,196
SKU0179,2025-09-07,195
SKU0179,2025-09-14,206
SKU0179,2025-09-21,216
SKU0179,2025-09-28,234
SKU0179,2025-10-05,69
SKU0180,2024-01-07,14
SKU0180,2024-01-14,27
SKU0180,2024-01-21,27
SKU0180,2024-01-28,22
SKU0180,2024-02-04,16
SKU0180,2024-02-11,21
SKU0180,2024-02-18,13
SKU0180,2024-02-25,14
SKU0180,2024-03-03,12
SKU0180,2024-03-10,18
SKU0180,2024-03-17,12
SKU0180,2024-03-24,9
SKU0180,2024-03-31,10
SKU0180,2024-04-07,12
SKU0180,2024-04-14,11
SKU0180,2024-04-21,13
SKU0180,2024-04-28,16
SKU0180,2024-05-05,5
SKU0180,2024-05-12,6
SKU0180,2024-05-19,9
SKU0180,2024-05-26,16
SKU0180,2024-06-02,12
SKU0180,2024-06-09,13
SKU0180,2024-06-16,9
SKU0180,2024-06-23,7
SKU0180,2024-06-30,2
SKU0180,2024-07-07,7
SKU0180,2024-07-14,8
SKU0180,2024-07-21,8
SKU0180,2024-07-28,3
SKU0180,2024-08-04,6
SKU0180,2024-08-11,12
SKU0180,2024-08-18,5
SKU0180,2024-08-25,10
SKU0180,2024-09-01,8
SKU0180,2024-09-08,8
SKU0180,2024-09-15,13
SKU0180,2024-09-22,10
SKU0180,2024-09-29,10
SKU0180,2024-10-06,7
SKU0180,2024-10-13,9
SKU0180,2024-10-20,11
SKU0180,2024-10-27,20
SKU0180,2024-11-03,9
SKU0180,2024-11-10,5
SKU0180,2024-11-17,4
SKU0180,2024-11-24,13
SKU0180,2024-12-01,10
SKU0180,2024-12-08,4
SKU0180,2024-12-15,10
SKU0180,2024-12-22,5
SKU0180,2024-12-29,7
SKU0180,2025-01-05,6
SKU0180,2025-01-12,5
SKU0180,2025-01-19,10
SKU0180,2025-01-26,4
SKU0180,2025-02-02,10
SKU0180,2025-02-09,4
SKU0180,2025-02-16,6
SKU0180,2025-02-23,5
SKU0180,2025-03-02,6
SKU0180,2025-03-09,6
SKU0180,2025-03-16,7
SKU0180,2025-03-23,2
SKU0180,2025-03-30,3
SKU0180,2025-04-06,6
SKU0180,2025-04-13,3
SKU0180,2025-04-20,2
SKU0180,2025-04-27,5
SKU0180,2025-05-04,3
SKU0180,2025-05-11,3
SKU0180,2025-05-18,2
SKU0180,2025-05-25,3
SKU0180,2025-06-01,3
SKU0180,2025-06-08,3
SKU0180,2025-06-15,1
SKU0180,2025-06-22,2
SKU0180,2025-06-29,0
SKU0180,2025-07-06,3
SKU0180,2025-07-13,0
SKU0180,2025-07-20,1
SKU0180,2025-07-27,1
SKU0180,2025-08-03,2
SKU0180,2025-08-10,0
SKU0180,2025-08-17,2
SKU0180,2025-08-24,0
SKU0180,2025-08-31,1
SKU0180,2025-09-07,1
SKU0180,2025-09-14,2
SKU0180,2025-09-21,0
SKU0180,2025-09-28,1
SKU0180,2025-10-05,0
SKU0181,2024-06-23,50
SKU0181,2024-06-30,97
SKU0181,2024-07-07,90
SKU0181,2024-07-14,129
SKU0181,2024-07-21,100
SKU0181,2024-07-28,107
SKU0181,2024-08-04,104
SKU0181,2024-08-11,111
SKU0181,2024-08-18,130
SKU0181,2024-08-25,119
SKU0181,2024-09-01,138
SKU0181,2024-09-08,141
SKU0181,2024-09-15,181
SKU0181,2024-09-22,155
SKU0181,2024-09-29,156
SKU0181,2024-10-06,164
SKU0181,2024-10-13,166
SKU0181,2024-10-20,190
SKU0181,2024-10-27,278
SKU0181,2024-11-03,184
SKU0181,2024-11-10,187
SKU0181,2024-11-17,199
SKU0181,2024-11-24,258
SKU0181,2024-12-01,260
SKU0181,2024-12-08,207
SKU0181,2024-12-15,197
SKU0181,2024-12-22,212
SKU0181,2024-12-29,235
SKU0181,2025-01-05,208
SKU0181,2025-01-12,230
SKU0181,2025-01-19,301
SKU0181,2025-01-26,183
SKU0181,2025-02-02,207
SKU0181,2025-02-09,205
SKU0181,2025-02-16,180
SKU0181,2025-02-23,204
SKU0181,2025-03-02,195
SKU0181,2025-03-09,186
SKU0181,2025-03-16,186
SKU0181,2025-03-23,167
SKU0181,2025-03-30,160
SKU0181,2025-04-06,165
SKU0181,2025-04-13,167
SKU0181,2025-04-20,150
SKU0181,2025-04-27,152
SKU0181,2025-05-04,168
SKU0181,2025-05-11,147
SKU0181,2025-05-18,142
SKU0181,2025-05-25,153
SKU0181,2025-06-01,183
SKU0181,2025-06-08,208
SKU0181,2025-06-15,165
SKU0181,2025-06-22,158
SKU0181,2025-06-29,165
SKU0181,2025-07-06,183
SKU0181,2025-07-13,158
SKU0181,2025-07-20,174
SKU0181,2025-07-27,160
SKU0181,2025-08-03,159
SKU0181,2025-08-10,217
SKU0181,2025-08-17,214
SKU0181,2025-08-24,179
SKU0181,2025-08-31,170
SKU0181,2025-09-07,197
SKU0181,2025-09-14,182
SKU0181,2025-09-21,174
SKU0181,2025-09-28,220
SKU0181,2025-10-05,64
SKU0182,2024-11-03,359
SKU0182,2024-11-10,403
SKU0182,2024-11-17,417
SKU0182,2024-11-24,481
SKU0182,2024-12-01,522
SKU0182,2024-12-08,440
SKU0182,2024-12-15,468
SKU0182,2024-12-22,429
SKU0182,2024-12-29,500
SKU0182,2025-01-05,492
SKU0182,2025-01-12,457
SKU0182,2025-01-19,706
SKU0182,2025-01-26,433
SKU0182,2025-02-02,434
SKU0182,2025-02-09,424
SKU0182,2025-02-16,392
SKU0182,2025-02-23,411
SKU0182,2025-03-02,419
SKU0182,2025-03-09,415
SKU0182,2025-03-16,391
SKU0182,2025-03-23,389
SKU0182,2025-03-30,338
SKU0182,2025-04-06,385
SKU0182,2025-04-13,347
SKU0182,2025-04-20,310
SKU0182,2025-04-27,329
SKU0182,2025-05-04,304
SKU0182,2025-05-11,273
SKU0182,2025-05-18,253
SKU0182,2025-05-25,285
SKU0182,2025-06-01,348
SKU0182,2025-06-08,348
SKU0182,2025-06-15,270
SKU0182,2025-06-22,260
SKU0182,2025-06-29,270
SKU0182,2025-07-06,278
SKU0182,2025-07-13,287
SKU0182,2025-07-20,302
SKU0182,2025-07-27,282
SKU0182,2025-08-03,321
SKU0182,2025-08-10,341
SKU0182,2025-08-17,371
SKU0182,2025-08-24,385
SKU0182,2025-08-31,395
SKU0182,2025-09-07,387
SKU0182,2025-09-14,458
SKU0182,2025-09-21,484
SKU0182,2025-09-28,523
SKU0182,2025-10-05,147
SKU0183,2024-01-07,86
SKU0183,2024-01-14,73
SKU0183,2024-01-21,100
SKU0183,2024-01-28,66
SKU0183,2024-02-04,69
SKU0183,2024-02-11,70
SKU0183,2024-02-18,60
SKU0183,2024-02-25,65
SKU0183,2024-03-03,70
SKU0183,2024-03-10,76
SKU0183,2024-03-17,76
SKU0183,2024-03-24,69
SKU0183,2024-03-31,78
SKU0183,2024-04-07,66
SKU0183,2024-04-14,77
SKU0183,2024-04-21,75
SKU0183,2024-04-28,67
SKU0183,2024-05-05,60
SKU0183,2024-05-12,62
SKU0183,2024-05-19,51
SKU0183,2024-05-26,65
SKU0183,2024-06-02,69
SKU0183,2024-06-09,91
SKU0183,2024-06-16,68
SKU0183,2024-06-23,69
SKU0183,2024-06-30,80
SKU0183,2024-07-07,70
SKU0183,2024-07-14,88
SKU0183,2024-07-21,85
SKU0183,2024-07-28,74
SKU0183,2024-08-04,77
SKU0183,2024-08-11,90
SKU0183,2024-08-18,94
SKU0183,2024-08-25,79
SKU0183,2024-09-01,101
SKU0183,2024-09-08,87
SKU0183,2024-09-15,102
SKU0183,2024-09-22,100
SKU0183,2024-09-29,113
SKU0183,2024-10-06,104
SKU0183,2024-10-13,100
SKU0183,2024-10-20,145
SKU0183,2024-10-27,220
SKU0183,2024-11-03,143
SKU0183,2024-11-10,140
SKU0183,2024-11-17,135
SKU0183,2024-11-24,140
SKU0183,2024-12-01,172
SKU0183,2024-12-08,155
SKU0183,2024-12-15,145
SKU0183,2024-12-22,140
SKU0183,2024-12-29,138
SKU0183,2025-01-05,166
SKU0183,2025-01-12,141
SKU0183,2025-01-19,219
SKU0183,2025-01-26,141
SKU0183,2025-02-02,155
SKU0183,2025-02-09,148
SKU0183,2025-02-16,163
SKU0183,2025-02-23,137
SKU0183,2025-03-02,161
SKU0183,2025-03-09,134
SKU0183,2025-03-16,131
SKU0183,2025-03-23,147
SKU0183,2025-03-30,145
SKU0183,2025-04-06,125
SKU0183,2025-04-13,130
SKU0183,2025-04-20,144
SKU0183,2025-04-27,127
SKU0183,2025-05-04,150
SKU0183,2025-05-11,121
SKU0183,2025-05-18,141
SKU0183,2025-05-25,115
SKU0183,2025-06-01,136
SKU0183,2025-06-08,197
SKU0183,2025-06-15,132
SKU0183,2025-06-22,100
SKU0183,2025-06-29,131
SKU0183,2025-07-06,138
SKU0183,2025-07-13,138
SKU0183,2025-07-20,132
SKU0183,2025-07-27,140
SKU0183,2025-08-03,133
SKU0183,2025-08-10,133
SKU0183,2025-08-17,158
SKU0183,2025-08-24,145
SKU0183,2025-08-31,133
SKU0183,2025-09-07,179
SKU0183,2025-09-14,198
SKU0183,2025-09-21,173
SKU0183,2025-09-28,184
SKU0183,2025-10-05,43
SKU0184,2024-01-07,118
SKU0184,2024-01-14,144
SKU0184,2024-01-21,144
SKU0184,2024-01-28,128
SKU0184,2024-02-04,128
SKU0184,2024-02-11,117
SKU0184,2024-02-18,121
SKU0184,2024-02-25,130
SKU0184,2024-03-03,131
SKU0184,2024-03-10,116
SKU0184,2024-03-17,116
SKU0184,2024-03-24,104
SKU0184,2024-03-31,113
SKU0184,2024-04-07,122
SKU0184,2024-04-14,108
SKU0184,2024-04-21,97
SKU0184,2024-04-28,81
SKU0184,2024-05-05,95
SKU0184,2024-05-12,86
SKU0184,2024-05-19,98
SKU0184,2024-05-26,105
SKU0184,2024-06-02,120
SKU0184,2024-06-09,125
SKU0184,2024-06-16,82
SKU0184,2024-06-23,88
SKU0184,2024-06-30,101
SKU0184,2024-07-07,104
SKU0184,2024-07-14,95
SKU0184,2024-07-21,113
SKU0184,2024-07-28,124
SKU0184,2024-08-04,126
SKU0184,2024-08-11,127
SKU0184,2024-08-18,123
SKU0184,2024-08-25,134
SKU0184,2024-09-01,146
SKU0184,2024-09-08,161
SKU0184,2024-09-15,175
SKU0184,2024-09-22,172
SKU0184,2024-09-29,178
SKU0184,2024-10-06,188
SKU0184,2024-10-13,176
SKU0184,2024-10-20,245
SKU0184,2024-10-27,290
SKU0184,2024-11-03,227
SKU0184,2024-11-10,211
SKU0184,2024-11-17,233
SKU0184,2024-11-24,298
SKU0184,2024-12-01,315
SKU0184,2024-12-08,254
SKU0184,2024-12-15,246
SKU0184,2024-12-22,305
SKU0184,2024-12-29,276
SKU0184,2025-01-05,271
SKU0184,2025-01-12,267
SKU0184,2025-01-19,445
SKU0184,2025-01-26,286
SKU0184,2025-02-02,266
SKU0184,2025-02-09,274
SKU0184,2025-02-16,259
SKU0184,2025-02-23,229
SKU0184,2025-03-02,277
SKU0184,2025-03-09,251
SKU0184,2025-03-16,241
SKU0184,2025-03-23,231
SKU0184,2025-03-30,238
SKU0184,2025-04-06,190
SKU0184,2025-04-13,206
SKU0184,2025-04-20,190
SKU0184,2025-04-27,207
SKU0184,2025-05-04,172
SKU0184,2025-05-11,172
SKU0184,2025-05-18,160
SKU0184,2025-05-25,181
SKU0184,2025-06-01,212
SKU0184,2025-06-08,226
SKU0184,2025-06-15,165
SKU0184,2025-06-22,163
SKU0184,2025-06-29,197
SKU0184,2025-07-06,191
SKU0184,2025-07-13,159
SKU0184,2025-07-20,163
SKU0184,2025-07-27,208
SKU0184,2025-08-03,195
SKU0184,2025-08-10,213
SKU0184,2025-08-17,197
SKU0184,2025-08-24,205
SKU0184,2025-08-31,261
SKU0184,2025-09-07,277
SKU0184,2025-09-14,312
SKU0184,2025-09-21,288
SKU0184,2025-09-28,329
SKU0184,2025-10-05,82
SKU0185,2024-01-07,121
SKU0185,2024-01-14,107
SKU0185,2024-01-21,122
SKU0185,2024-01-28,130
SKU0185,2024-02-04,133
SKU0185,2024-02-11,128
SKU0185,2024-02-18,138
SKU0185,2024-02-25,134
SKU0185,2024-03-03,134
SKU0185,2024-03-10,128
SKU0185,2024-03-17,142
SKU0185,2024-03-24,116
SKU0185,2024-03-31,104
SKU0185,2024-04-07,115
SKU0185,2024-04-14,120
SKU0185,2024-04-21,129
SKU0185,2024-04-28,115
SKU0185,2024-05-05,125
SKU0185,2024-05-12,106
SKU0185,2024-05-19,117
SKU0185,2024-05-26,123
SKU0185,2024-06-02,153
SKU0185,2024-06-09,167
SKU0185,2024-06-16,146
SKU0185,2024-06-23,134
SKU0185,2024-06-30,147
SKU0185,2024-07-07,151
SKU0185,2024-07-14,141
SKU0185,2024-07-21,147
SKU0185,2024-07-28,164
SKU0185,2024-08-04,146
SKU0185,2024-08-11,161
SKU0185,2024-08-18,160
SKU0185,2024-08-25,147
SKU0185,2024-09-01,166
SKU0185,2024-09-08,174
SKU0185,2024-09-15,196
SKU0185,2024-09-22,180
SKU0185,2024-09-29,161
SKU0185,2024-10-06,167
SKU0185,2024-10-13,202
SKU0185,2024-10-20,195
SKU0185,2024-10-27,288
SKU0185,2024-11-03,209
SKU0185,2024-11-10,206
SKU0185,2024-11-17,190
SKU0185,2024-11-24,224
SKU0185,2024-12-01,293
SKU0185,2024-12-08,251
SKU0185,2024-12-15,216
SKU0185,2024-12-22,231
SKU0185,2024-12-29,237
SKU0185,2025-01-05,213
SKU0185,2025-01-12,243
SKU0185,2025-01-19,307
SKU0185,2025-01-26,241
SKU0185,2025-02-02,247
SKU0185,2025-02-09,216
SKU0185,2025-02-16,239
SKU0185,2025-02-23,233
SKU0185,2025-03-02,244
SKU0185,2025-03-09,231
SKU0185,2025-03-16,205
SKU0185,2025-03-23,246
SKU0185,2025-03-30,251
SKU0185,2025-04-06,219
SKU0185,2025-04-13,242
SKU0185,2025-04-20,228
SKU0185,2025-04-27,207
SKU0185,2025-05-04,224
SKU0185,2025-05-11,244
SKU0185,2025-05-18,194
SKU0185,2025-05-25,224
SKU0185,2025-06-01,270
SKU0185,2025-06-08,311
SKU0185,2025-06-15,225
SKU0185,2025-06-22,240
SKU0185,2025-06-29,222
SKU0185,2025-07-06,205
SKU0185,2025-07-13,229
SKU0185,2025-07-20,244
SKU0185,2025-07-27,234
SKU0185,2025-08-03,227
SKU0185,2025-08-10,236
SKU0185,2025-08-17,260
SKU0185,2025-08-24,263
SKU0185,2025-08-31,247
SKU0185,2025-09-07,275
SKU0185,2025-09-14,288
SKU0185,2025-09-21,277
SKU0185,2025-09-28,278
SKU0185,2025-10-05,87
SKU0186,2024-01-07,117
SKU0186,2024-01-14,123
SKU0186,2024-01-21,150
SKU0186,2024-01-28,101
SKU0186,2024-02-04,97
SKU0186,2024-02-11,109
SKU0186,2024-02-18,94
SKU0186,2024-02-25,76
SKU0186,2024-03-03,96
SKU0186,2024-03-10,71
SKU0186,2024-03-17,85
SKU0186,2024-03-24,83
SKU0186,2024-03-31,71
SKU0186,2024-04-07,69
SKU0186,2024-04-14,70
SKU0186,2024-04-21,66
SKU0186,2024-04-28,60
SKU0186,2024-05-05,67
SKU0186,2024-05-12,67
SKU0186,2024-05-19,58
SKU0186,2024-05-26,48
SKU0186,2024-06-02,74
SKU0186,2024-06-09,66
SKU0186,2024-06-16,34
SKU0186,2024-06-23,47
SKU0186,2024-06-30,58
SKU0186,2024-07-07,47
SKU0186,2024-07-14,63
SKU0186,2024-07-21,58
SKU0186,2024-07-28,49
SKU0186,2024-08-04,60
SKU0186,2024-08-11,47
SKU0186,2024-08-18,63
SKU0186,2024-08-25,69
SKU0186,2024-09-01,71
SKU0186,2024-09-08,45
SKU0186,2024-09-15,57
SKU0186,2024-09-22,70
SKU0186,2024-09-29,64
SKU0186,2024-10-06,58
SKU0186,2024-10-13,71
SKU0186,2024-10-20,66
SKU0186,2024-10-27,101
SKU0186,2024-11-03,63
SKU0186,2024-11-10,63
SKU0186,2024-11-17,73
SKU0186,2024-11-24,60
SKU0186,2024-12-01,81
SKU0186,2024-12-08,59
SKU0186,2024-12-15,73
SKU0186,2024-12-22,52
SKU0186,2024-12-29,65
SKU0186,2025-01-05,59
SKU0186,2025-01-12,62
SKU0186,2025-01-19,100
SKU0186,2025-01-26,50
SKU0186,2025-02-02,48
SKU0186,2025-02-09,50
SKU0186,2025-02-16,56
SKU0186,2025-02-23,49
SKU0186,2025-03-02,53
SKU0186,2025-03-09,44
SKU0186,2025-03-16,35
SKU0186,2025-03-23,29
SKU0186,2025-03-30,40
SKU0186,2025-04-06,48
SKU0186,2025-04-13,40
SKU0186,2025-04-20,47
SKU0186,2025-04-27,33
SKU0186,2025-05-04,25
SKU0186,2025-05-11,37
SKU0186,2025-05-18,34
SKU0186,2025-05-25,38
SKU0186,2025-06-01,29
SKU0186,2025-06-08,37
SKU0186,2025-06-15,27
SKU0186,2025-06-22,22
SKU0186,2025-06-29,18
SKU0186,2025-07-06,22
SKU0186,2025-07-13,28
SKU0186,2025-07-20,19
SKU0186,2025-07-27,22
SKU0186,2025-08-03,17
SKU0186,2025-08-10,15
SKU0186,2025-08-17,15
SKU0186,2025-08-24,21
SKU0186,2025-08-31,28
SKU0186,2025-09-07,18
SKU0186,2025-09-14,19
SKU0186,2025-09-21,33
SKU0186,2025-09-28,15
SKU0186,2025-10-05,10
SKU0187,2024-01-07,62
SKU0187,2024-01-14,65
SKU0187,2024-01-21,94
SKU0187,2024-01-28,56
SKU0187,2024-02-04,55
SKU0187,2024-02-11,64
SKU0187,2024-02-18,56
SKU0187,2024-02-25,63
SKU0187,2024-03-03,66
SKU0187,2024-03-10,50
SKU0187,2024-03-17,60
SKU0187,2024-03-24,52
SKU0187,2024-03-31,60
SKU0187,2024-04-07,44
SKU0187,2024-04-14,63
SKU0187,2024-04-21,47
SKU0187,2024-04-28,58
SKU0187,2024-05-05,43
SKU0187,2024-05-12,41
SKU0187,2024-05-19,46
SKU0187,2024-05-26,55
SKU0187,2024-06-02,78
SKU0187,2024-06-09,63
SKU0187,2024-06-16,62
SKU0187,2024-06-23,51
SKU0187,2024-06-30,39
SKU0187,2024-07-07,54
SKU0187,2024-07-14,38
SKU0187,2024-07-21,45
SKU0187,2024-07-28,55
SKU0187,2024-08-04,40
SKU0187,2024-08-11,74
SKU0187,2024-08-18,56
SKU0187,2024-08-25,43
SKU0187,2024-09-01,49
SKU0187,2024-09-08,56
SKU0187,2024-09-15,51
SKU0187,2024-09-22,68
SKU0187,2024-09-29,55
SKU0187,2024-10-06,59
SKU0187,2024-10-13,58
SKU0187,2024-10-20,71
SKU0187,2024-10-27,108
SKU0187,2024-11-03,71
SKU0187,2024-11-10,62
SKU0187,2024-11-17,66
SKU0187,2024-11-24,81
SKU0187,2024-12-01,88
SKU0187,2024-12-08,75
SKU0187,2024-12-15,74
SKU0187,2024-12-22,87
SKU0187,2024-12-29,68
SKU0187,2025-01-05,62
SKU0187,2025-01-12,53
SKU0187,2025-01-19,101
SKU0187,2025-01-26,73
SKU0187,2025-02-02,70
SKU0187,2025-02-09,78
SKU0187,2025-02-16,46
SKU0187,2025-02-23,68
SKU0187,2025-03-02,71
SKU0187,2025-03-09,55
SKU0187,2025-03-16,69
SKU0187,2025-03-23,52
SKU0187,2025-03-30,76
SKU0187,2025-04-06,55
SKU0187,2025-04-13,65
SKU0187,2025-04-20,54
SKU0187,2025-04-27,61
SKU0187,2025-05-04,63
SKU0187,2025-05-11,46
SKU0187,2025-05-18,56
SKU0187,2025-05-25,46
SKU0187,2025-06-01,71
SKU0187,2025-06-08,90
SKU0187,2025-06-15,47
SKU0187,2025-06-22,55
SKU0187,2025-06-29,45
SKU0187,2025-07-06,64
SKU0187,2025-07-13,75
SKU0187,2025-07-20,52
SKU0187,2025-07-27,62
SKU0187,2025-08-03,56
SKU0187,2025-08-10,74
SKU0187,2025-08-17,70
SKU0187,2025-08-24,65
SKU0187,2025-08-31,70
SKU0187,2025-09-07,57
SKU0187,2025-09-14,59
SKU0187,2025-09-21,63
SKU0187,2025-09-28,65
SKU0187,2025-10-05,15
SKU0188,2024-01-07,4
SKU0188,2024-01-14,3
SKU0188,2024-01-21,5
SKU0188,2024-01-28,4
SKU0188,2024-02-04,4
SKU0188,2024-02-11,4
SKU0188,2024-02-18,2
SKU0188,2024-02-25,2
SKU0188,2024-03-03,3
SKU0188,2024-03-10,1
SKU0188,2024-03-17,1
SKU0188,2024-03-24,5
SKU0188,2024-03-31,4
SKU0188,2024-04-07,2
SKU0188,2024-04-14,3
SKU0188,2024-04-21,7
SKU0188,2024-04-28,5
SKU0188,2024-05-05,2
SKU0188,2024-05-12,1
SKU0188,2024-05-19,1
SKU0188,2024-05-26,4
SKU0188,2024-06-02,6
SKU0188,2024-06-09,2
SKU0188,2024-06-16,4
SKU0188,2024-06-23,3
SKU0188,2024-06-30,5
SKU0188,2024-07-07,2
SKU0188,2024-07-14,3
SKU0188,2024-07-21,0
SKU0188,2024-07-28,1
SKU0188,2024-08-04,2
SKU0188,2024-08-11,5
SKU0188,2024-08-18,0
SKU0188,2024-08-25,1
SKU0188,2024-09-01,1
SKU0188,2024-09-08,1
SKU0188,2024-09-15,3
SKU0188,2024-09-22,2
SKU0188,2024-09-29,3
SKU0188,2024-10-06,1
SKU0188,2024-10-13,0
SKU0188,2024-10-20,0
SKU0188,2024-10-27,3
SKU0188,2024-11-03,1
SKU0188,2024-11-10,2
SKU0188,2024-11-17,3
SKU0188,2024-11-24,0
SKU0188,2024-12-01,1
SKU0188,2024-12-08,2
SKU0188,2024-12-15,2
SKU0188,2024-12-22,1
SKU0188,2024-12-29,0
SKU0188,2025-01-05,4
SKU0188,2025-01-12,1
SKU0188,2025-01-19,3
SKU0188,2025-01-26,2
SKU0188,2025-02-02,3
SKU0188,2025-02-09,4
SKU0188,2025-02-16,1
SKU0188,2025-02-23,1
SKU0188,2025-03-02,2
SKU0188,2025-03-09,3
SKU0188,2025-03-16,0
SKU0188,2025-03-23,0
SKU0188,2025-03-30,0
SKU0188,2025-04-06,0
SKU0188,2025-04-13,1
SKU0188,2025-04-20,0
SKU0188,2025-04-27,1
SKU0188,2025-05-04,1
SKU0188,2025-05-11,1
SKU0188,2025-05-18,3
SKU0188,2025-05-25,0
SKU0188,2025-06-01,0
SKU0188,2025-06-08,2
SKU0188,2025-06-15,0
SKU0188,2025-06-22,0
SKU0188,2025-06-29,0
SKU0188,2025-07-06,0
SKU0188,2025-07-13,0
SKU0188,2025-07-20,0
SKU0188,2025-07-27,0
SKU0188,2025-08-03,0
SKU0188,2025-08-10,0
SKU0188,2025-08-17,0
SKU0188,2025-08-24,0
SKU0188,2025-08-31,1
SKU0188,2025-09-07,1
SKU0188,2025-09-14,1
SKU0188,2025-09-21,0
SKU0188,2025-09-28,0
SKU0188,2025-10-05,0
SKU0189,2024-01-07,138
SKU0189,2024-01-14,131
SKU0189,2024-01-21,178
SKU0189,2024-01-28,122
SKU0189,2024-02-04,122
SKU0189,2024-02-11,120
SKU0189,2024-02-18,117
SKU0189,2024-02-25,139
SKU0189,2024-03-03,117
SKU0189,2024-03-10,121
SKU0189,2024-03-17,123
SKU0189,2024-03-24,148
SKU0189,2024-03-31,138
SKU0189,2024-04-07,151
SKU0189,2024-04-14,137
SKU0189,2024-04-21,136
SKU0189,2024-04-28,147
SKU0189,2024-05-05,153
SKU0189,2024-05-12,120
SKU0189,2024-05-19,143
SKU0189,2024-05-26,146
SKU0189,2024-06-02,190
SKU0189,2024-06-09,180
SKU0189,2024-06-16,155
SKU0189,2024-06-23,126
SKU0189,2024-06-30,140
SKU0189,2024-07-07,154
SKU0189,2024-07-14,183
SKU0189,2024-07-21,161
SKU0189,2024-07-28,178
SKU0189,2024-08-04,186
SKU0189,2024-08-11,179
SKU0189,2024-08-18,162
SKU0189,2024-08-25,182
SKU0189,2024-09-01,179
SKU0189,2024-09-08,240
SKU0189,2024-09-15,217
SKU0189,2024-09-22,194
SKU0189,2024-09-29,232
SKU0189,2024-10-06,209
SKU0189,2024-10-13,226
SKU0189,2024-10-20,255
SKU0189,2024-10-27,377
SKU0189,2024-11-03,228
SKU0189,2024-11-10,236
SKU0189,2024-11-17,244
SKU0189,2024-11-24,330
SKU0189,2024-12-01,348
SKU0189,2024-12-08,268
SKU0189,2024-12-15,299
SKU0189,2024-12-22,267
SKU0189,2024-12-29,293
SKU0189,2025-01-05,260
SKU0189,2025-01-12,300
SKU0189,2025-01-19,415
SKU0189,2025-01-26,280
SKU0189,2025-02-02,282
SKU0189,2025-02-09,262
SKU0189,2025-02-16,277
SKU0189,2025-02-23,258
SKU0189,2025-03-02,328
SKU0189,2025-03-09,281
SKU0189,2025-03-16,310
SKU0189,2025-03-23,290
SKU0189,2025-03-30,270
SKU0189,2025-04-06,265
SKU0189,2025-04-13,262
SKU0189,2025-04-20,268
SKU0189,2025-04-27,297
SKU0189,2025-05-04,281
SKU0189,2025-05-11,269
SKU0189,2025-05-18,279
SKU0189,2025-05-25,255
SKU0189,2025-06-01,311
SKU0189,2025-06-08,345
SKU0189,2025-06-15,268
SKU0189,2025-06-22,263
SKU0189,2025-06-29,223
SKU0189,2025-07-06,269
SKU0189,2025-07-13,308
SKU0189,2025-07-20,280
SKU0189,2025-07-27,305
SKU0189,2025-08-03,304
SKU0189,2025-08-10,308
SKU0189,2025-08-17,340
SKU0189,2025-08-24,311
SKU0189,2025-08-31,343
SKU0189,2025-09-07,322
SKU0189,2025-09-14,356
SKU0189,2025-09-21,376
SKU0189,2025-09-28,370
SKU0189,2025-10-05,83
SKU0190,2024-01-07,88
SKU0190,2024-01-14,112
SKU0190,2024-01-21,125
SKU0190,2024-01-28,106
SKU0190,2024-02-04,94
SKU0190,2024-02-11,103
SKU0190,2024-02-18,116
SKU0190,2024-02-25,96
SKU0190,2024-03-03,111
SKU0190,2024-03-10,96
SKU0190,2024-03-17,106
SKU0190,2024-03-24,123
SKU0190,2024-03-31,105
SKU0190,2024-04-07,104
SKU0190,2024-04-14,109
SKU0190,2024-04-21,122
SKU0190,2024-04-28,106
SKU0190,2024-05-05,115
SKU0190,2024-05-12,103
SKU0190,2024-05-19,114
SKU0190,2024-05-26,103
SKU0190,2024-06-02,171
SKU0190,2024-06-09,132
SKU0190,2024-06-16,113
SKU0190,2024-06-23,106
SKU0190,2024-06-30,150
SKU0190,2024-07-07,89
SKU0190,2024-07-14,137
SKU0190,2024-07-21,126
SKU0190,2024-07-28,125
SKU0190,2024-08-04,133
SKU0190,2024-08-11,136
SKU0190,2024-08-18,135
SKU0190,2024-08-25,131
SKU0190,2024-09-01,161
SKU0190,2024-09-08,150
SKU0190,2024-09-15,148
SKU0190,2024-09-22,178
SKU0190,2024-09-29,156
SKU0190,2024-10-06,193
SKU0190,2024-10-13,151
SKU0190,2024-10-20,190
SKU0190,2024-10-27,249
SKU0190,2024-11-03,180
SKU0190,2024-11-10,180
SKU0190,2024-11-17,196
SKU0190,2024-11-24,194
SKU0190,2024-12-01,281
SKU0190,2024-12-08,194
SKU0190,2024-12-15,222
SKU0190,2024-12-22,208
SKU0190,2024-12-29,208
SKU0190,2025-01-05,211
SKU0190,2025-01-12,193
SKU0190,2025-01-19,337
SKU0190,2025-01-26,224
SKU0190,2025-02-02,195
SKU0190,2025-02-09,219
SKU0190,2025-02-16,232
SKU0190,2025-02-23,224
SKU0190,2025-03-02,206
SKU0190,2025-03-09,234
SKU0190,2025-03-16,230
SKU0190,2025-03-23,235
SKU0190,2025-03-30,200
SKU0190,2025-04-06,216
SKU0190,2025-04-13,216
SKU0190,2025-04-20,190
SKU0190,2025-04-27,184
SKU0190,2025-05-04,214
SKU0190,2025-05-11,201
SKU0190,2025-05-18,229
SKU0190,2025-05-25,212
SKU0190,2025-06-01,263
SKU0190,2025-06-08,318
SKU0190,2025-06-15,223
SKU0190,2025-06-22,220
SKU0190,2025-06-29,197
SKU0190,2025-07-06,235
SKU0190,2025-07-13,240
SKU0190,2025-07-20,228
SKU0190,2025-07-27,229
SKU0190,2025-08-03,268
SKU0190,2025-08-10,258
SKU0190,2025-08-17,223
SKU0190,2025-08-24,240
SKU0190,2025-08-31,221
SKU0190,2025-09-07,250
SKU0190,2025-09-14,277
SKU0190,2025-09-21,304
SKU0190,2025-09-28,271
SKU0190,2025-10-05,83
SKU0191,2024-01-07,126
SKU0191,2024-01-14,134
SKU0191,2024-01-21,139
SKU0191,2024-01-28,109
SKU0191,2024-02-04,111
SKU0191,2024-02-11,117
SKU0191,2024-02-18,116
SKU0191,2024-02-25,96
SKU0191,2024-03-03,110
SKU0191,2024-03-10,90
SKU0191,2024-03-17,99
SKU0191,2024-03-24,90
SKU0191,2024-03-31,102
SKU0191,2024-04-07,96
SKU0191,2024-04-14,68
SKU0191,2024-04-21,75
SKU0191,2024-04-28,87
SKU0191,2024-05-05,66
SKU0191,2024-05-12,85
SKU0191,2024-05-19,56
SKU0191,2024-05-26,64
SKU0191,2024-06-02,77
SKU0191,2024-06-09,92
SKU0191,2024-06-16,89
SKU0191,2024-06-23,74
SKU0191,2024-06-30,60
SKU0191,2024-07-07,71
SKU0191,2024-07-14,71
SKU0191,2024-07-21,74
SKU0191,2024-07-28,61
SKU0191,2024-08-04,70
SKU0191,2024-08-11,69
SKU0191,2024-08-18,72
SKU0191,2024-08-25,94
SKU0191,2024-09-01,79
SKU0191,2024-09-08,109
SKU0191,2024-09-15,80
SKU0191,2024-09-22,117
SKU0191,2024-09-29,106
SKU0191,2024-10-06,108
SKU0191,2024-10-13,115
SKU0191,2024-10-20,150
SKU0191,2024-10-27,216
SKU0191,2024-11-03,138
SKU0191,2024-11-10,153
SKU0191,2024-11-17,122
SKU0191,2024-11-24,166
SKU0191,2024-12-01,209
SKU0191,2024-12-08,139
SKU0191,2024-12-15,154
SKU0191,2024-12-22,155
SKU0191,2024-12-29,145
SKU0191,2025-01-05,161
SKU0191,2025-01-12,170
SKU0191,2025-01-19,197
SKU0191,2025-01-26,150
SKU0191,2025-02-02,141
SKU0191,2025-02-09,144
SKU0191,2025-02-16,133
SKU0191,2025-02-23,124
SKU0191,2025-03-02,121
SKU0191,2025-03-09,117
SKU0191,2025-03-16,135
SKU0191,2025-03-23,108
SKU0191,2025-03-30,121
SKU0191,2025-04-06,110
SKU0191,2025-04-13,93
SKU0191,2025-04-20,112
SKU0191,2025-04-27,101
SKU0191,2025-05-04,89
SKU0191,2025-05-11,83
SKU0191,2025-05-18,84
SKU0191,2025-05-25,67
SKU0191,2025-06-01,78
SKU0191,2025-06-08,107
SKU0191,2025-06-15,72
SKU0191,2025-06-22,93
SKU0191,2025-06-29,80
SKU0191,2025-07-06,72
SKU0191,2025-07-13,83
SKU0191,2025-07-20,83
SKU0191,2025-07-27,85
SKU0191,2025-08-03,92
SKU0191,2025-08-10,72
SKU0191,2025-08-17,103
SKU0191,2025-08-24,98
SKU0191,2025-08-31,93
SKU0191,2025-09-07,126
SKU0191,2025-09-14,140
SKU0191,2025-09-21,129
SKU0191,2025-09-28,127
SKU0191,2025-10-05,43
SKU0192,2024-01-07,244
SKU0192,2024-01-14,283
SKU0192,2024-01-21,248
SKU0192,2024-01-28,218
SKU0192,2024-02-04,222
SKU0192,2024-02-11,207
SKU0192,2024-02-18,197
SKU0192,2024-02-25,200
SKU0192,2024-03-03,190
SKU0192,2024-03-10,165
SKU0192,2024-03-17,167
SKU0192,2024-03-24,180
SKU0192,2024-03-31,141
SKU0192,2024-04-07,157
SKU0192,2024-04-14,165
SKU0192,2024-04-21,133
SKU0192,2024-04-28,120
SKU0192,2024-05-05,131
SKU0192,2024-05-12,121
SKU0192,2024-05-19,121
SKU0192,2024-05-26,107
SKU0192,2024-06-02,134
SKU0192,2024-06-09,139
SKU0192,2024-06-16,104
SKU0192,2024-06-23,112
SKU0192,2024-06-30,100
SKU0192,2024-07-07,109
SKU0192,2024-07-14,104
SKU0192,2024-07-21,124
SKU0192,2024-07-28,115
SKU0192,2024-08-04,109
SKU0192,2024-08-11,123
SKU0192,2024-08-18,122
SKU0192,2024-08-25,120
SKU0192,2024-09-01,111
SKU0192,2024-09-08,106
SKU0192,2024-09-15,132
SKU0192,2024-09-22,125
SKU0192,2024-09-29,122
SKU0192,2024-10-06,119
SKU0192,2024-10-13,121
SKU0192,2024-10-20,130
SKU0192,2024-10-27,186
SKU0192,2024-11-03,124
SKU0192,2024-11-10,128
SKU0192,2024-11-17,117
SKU0192,2024-11-24,138
SKU0192,2024-12-01,158
SKU0192,2024-12-08,113
SKU0192,2024-12-15,128
SKU0192,2024-12-22,89
SKU0192,2024-12-29,106
SKU0192,2025-01-05,97
SKU0192,2025-01-12,114
SKU0192,2025-01-19,152
SKU0192,2025-01-26,99
SKU0192,2025-02-02,90
SKU0192,2025-02-09,95
SKU0192,2025-02-16,82
SKU0192,2025-02-23,80
SKU0192,2025-03-02,83
SKU0192,2025-03-09,62
SKU0192,2025-03-16,66
SKU0192,2025-03-23,62
SKU0192,2025-03-30,55
SKU0192,2025-04-06,77
SKU0192,2025-04-13,56
SKU0192,2025-04-20,51
SKU0192,2025-04-27,52
SKU0192,2025-05-04,49
SKU0192,2025-05-11,47
SKU0192,2025-05-18,41
SKU0192,2025-05-25,43
SKU0192,2025-06-01,38
SKU0192,2025-06-08,59
SKU0192,2025-06-15,32
SKU0192,2025-06-22,29
SKU0192,2025-06-29,26
SKU0192,2025-07-06,27
SKU0192,2025-07-13,33
SKU0192,2025-07-20,28
SKU0192,2025-07-27,37
SKU0192,2025-08-03,31
SKU0192,2025-08-10,29
SKU0192,2025-08-17,18
SKU0192,2025-08-24,18
SKU0192,2025-08-31,21
SKU0192,2025-09-07,22
SKU0192,2025-09-14,14
SKU0192,2025-09-21,21
SKU0192,2025-09-28,12
SKU0192,2025-10-05,3
SKU0193,2024-01-07,53
SKU0193,2024-01-14,67
SKU0193,2024-01-21,49
SKU0193,2024-01-28,46
SKU0193,2024-02-04,38
SKU0193,2024-02-11,41
SKU0193,2024-02-18,47
SKU0193,2024-02-25,37
SKU0193,2024-03-03,39
SKU0193,2024-03-10,24
SKU0193,2024-03-17,33
SKU0193,2024-03-24,19
SKU0193,2024-03-31,34
SKU0193,2024-04-07,26
SKU0193,2024-04-14,32
SKU0193,2024-04-21,27
SKU0193,2024-04-28,27
SKU0193,2024-05-05,16
SKU0193,2024-05-12,33
SKU0193,2024-05-19,21
SKU0193,2024-05-26,27
SKU0193,2024-06-02,24
SKU0193,2024-06-09,27
SKU0193,2024-06-16,18
SKU0193,2024-06-23,24
SKU0193,2024-06-30,20
SKU0193,2024-07-07,26
SKU0193,2024-07-14,25
SKU0193,2024-07-21,27
SKU0193,2024-07-28,23
SKU0193,2024-08-04,24
SKU0193,2024-08-11,23
SKU0193,2024-08-18,21
SKU0193,2024-08-25,19
SKU0193,2024-09-01,16
SKU0193,2024-09-08,25
SKU0193,2024-09-15,29
SKU0193,2024-09-22,24
SKU0193,2024-09-29,19
SKU0193,2024-10-06,27
SKU0193,2024-10-13,25
SKU0193,2024-10-20,27
SKU0193,2024-10-27,34
SKU0193,2024-11-03,34
SKU0193,2024-11-10,35
SKU0193,2024-11-17,33
SKU0193,2024-11-24,32
SKU0193,2024-12-01,45
SKU0193,2024-12-08,41
SKU0193,2024-12-15,32
SKU0193,2024-12-22,31
SKU0193,2024-12-29,40
SKU0193,2025-01-05,22
SKU0193,2025-01-12,24
SKU0193,2025-01-19,42
SKU0193,2025-01-26,29
SKU0193,2025-02-02,35
SKU0193,2025-02-09,32
SKU0193,2025-02-16,18
SKU0193,2025-02-23,32
SKU0193,2025-03-02,33
SKU0193,2025-03-09,19
SKU0193,2025-03-16,23
SKU0193,2025-03-23,21
SKU0193,2025-03-30,19
SKU0193,2025-04-06,19
SKU0193,2025-04-13,17
SKU0193,2025-04-20,15
SKU0193,2025-04-27,15
SKU0193,2025-05-04,13
SKU0193,2025-05-11,15
SKU0193,2025-05-18,12
SKU0193,2025-05-25,19
SKU0193,2025-06-01,12
SKU0193,2025-06-08,15
SKU0193,2025-06-15,12
SKU0193,2025-06-22,16
SKU0193,2025-06-29,13
SKU0193,2025-07-06,11
SKU0193,2025-07-13,12
SKU0193,2025-07-20,17
SKU0193,2025-07-27,7
SKU0193,2025-08-03,13
SKU0193,2025-08-10,16
SKU0193,2025-08-17,13
SKU0193,2025-08-24,15
SKU0193,2025-08-31,7
SKU0193,2025-09-07,18
SKU0193,2025-09-14,10
SKU0193,2025-09-21,11
SKU0193,2025-09-28,13
SKU0193,2025-10-05,5
SKU0194,2024-01-07,101
SKU0194,2024-01-14,100
SKU0194,2024-01-21,145
SKU0194,2024-01-28,111
SKU0194,2024-02-04,113
SKU0194,2024-02-11,95
SKU0194,2024-02-18,77
SKU0194,2024-02-25,90
SKU0194,2024-03-03,91
SKU0194,2024-03-10,82
SKU0194,2024-03-17,87
SKU0194,2024-03-24,72
SKU0194,2024-03-31,76
SKU0194,2024-04-07,79
SKU0194,2024-04-14,60
SKU0194,2024-04-21,92
SKU0194,2024-04-28,84
SKU0194,2024-05-05,74
SKU0194,2024-05-12,62
SKU0194,2024-05-19,74
SKU0194,2024-05-26,61
SKU0194,2024-06-02,91
SKU0194,2024-06-09,105
SKU0194,2024-06-16,63
SKU0194,2024-06-23,80
SKU0194,2024-06-30,76
SKU0194,2024-07-07,69
SKU0194,2024-07-14,67
SKU0194,2024-07-21,71
SKU0194,2024-07-28,58
SKU0194,2024-08-04,84
SKU0194,2024-08-11,69
SKU0194,2024-08-18,86
SKU0194,2024-08-25,91
SKU0194,2024-09-01,101
SKU0194,2024-09-08,72
SKU0194,2024-09-15,91
SKU0194,2024-09-22,95
SKU0194,2024-09-29,106
SKU0194,2024-10-06,109
SKU0194,2024-10-13,82
SKU0194,2024-10-20,137
SKU0194,2024-10-27,161
SKU0194,2024-11-03,120
SKU0194,2024-11-10,111
SKU0194,2024-11-17,124
SKU0194,2024-11-24,119
SKU0194,2024-12-01,159
SKU0194,2024-12-08,126
SKU0194,2024-12-15,123
SKU0194,2024-12-22,112
SKU0194,2024-12-29,123
SKU0194,2025-01-05,132
SKU0194,2025-01-12,118
SKU0194,2025-01-19,167
SKU0194,2025-01-26,115
SKU0194,2025-02-02,114
SKU0194,2025-02-09,126
SKU0194,2025-02-16,110
SKU0194,2025-02-23,125
SKU0194,2025-03-02,104
SKU0194,2025-03-09,111
SKU0194,2025-03-16,89
SKU0194,2025-03-23,92
SKU0194,2025-03-30,102
SKU0194,2025-04-06,103
SKU0194,2025-04-13,96
SKU0194,2025-04-20,87
SKU0194,2025-04-27,99
SKU0194,2025-05-04,95
SKU0194,2025-05-11,75
SKU0194,2025-05-18,92
SKU0194,2025-05-25,95
SKU0194,2025-06-01,107
SKU0194,2025-06-08,103
SKU0194,2025-06-15,82
SKU0194,2025-06-22,79
SKU0194,2025-06-29,69
SKU0194,2025-07-06,71
SKU0194,2025-07-13,69
SKU0194,2025-07-20,87
SKU0194,2025-07-27,98
SKU0194,2025-08-03,92
SKU0194,2025-08-10,91
SKU0194,2025-08-17,97
SKU0194,2025-08-24,99
SKU0194,2025-08-31,108
SKU0194,2025-09-07,110
SKU0194,2025-09-14,106
SKU0194,2025-09-21,115
SKU0194,2025-09-28,121
SKU0194,2025-10-05,32
SKU0195,2024-02-18,8
SKU0195,2024-02-25,6
SKU0195,2024-03-03,8
SKU0195,2024-03-10,6
SKU0195,2024-03-17,10
SKU0195,2024-03-24,13
SKU0195,2024-03-31,8
SKU0195,2024-04-07,7
SKU0195,2024-04-14,5
SKU0195,2024-04-21,2
SKU0195,2024-04-28,6
SKU0195,2024-05-05,9
SKU0195,2024-05-12,5
SKU0195,2024-05-19,4
SKU0195,2024-05-26,4
SKU0195,2024-06-02,5
SKU0195,2024-06-09,10
SKU0195,2024-06-16,5
SKU0195,2024-06-23,4
SKU0195,2024-06-30,8
SKU0195,2024-07-07,10
SKU0195,2024-07-14,9
SKU0195,2024-07-21,7
SKU0195,2024-07-28,3
SKU0195,2024-08-04,13
SKU0195,2024-08-11,5
SKU0195,2024-08-18,4
SKU0195,2024-08-25,7
SKU0195,2024-09-01,7
SKU0195,2024-09-08,9
SKU0195,2024-09-15,11
SKU0195,2024-09-22,9
SKU0195,2024-09-29,5
SKU0195,2024-10-06,3
SKU0195,2024-10-13,10
SKU0195,2024-10-20,8
SKU0195,2024-10-27,7
SKU0195,2024-11-03,6
SKU0195,2024-11-10,5
SKU0195,2024-11-17,7
SKU0195,2024-11-24,6
SKU0195,2024-12-01,11
SKU0195,2024-12-08,6
SKU0195,2024-12-15,8
SKU0195,2024-12-22,8
SKU0195,2024-12-29,7
SKU0195,2025-01-05,10
SKU0195,2025-01-12,9
SKU0195,2025-01-19,14
SKU0195,2025-01-26,15
SKU0195,2025-02-02,10
SKU0195,2025-02-09,6
SKU0195,2025-02-16,5
SKU0195,2025-02-23,11
SKU0195,2025-03-02,3
SKU0195,2025-03-09,8
SKU0195,2025-03-16,8
SKU0195,2025-03-23,8
SKU0195,2025-03-30,8
SKU0195,2025-04-06,4
SKU0195,2025-04-13,3
SKU0195,2025-04-20,6
SKU0195,2025-04-27,2
SKU0195,2025-05-04,6
SKU0195,2025-05-11,6
SKU0195,2025-05-18,3
SKU0195,2025-05-25,3
SKU0195,2025-06-01,3
SKU0195,2025-06-08,4
SKU0195,2025-06-15,5
SKU0195,2025-06-22,5
SKU0195,2025-06-29,4
SKU0195,2025-07-06,2
SKU0195,2025-07-13,3
SKU0195,2025-07-20,4
SKU0195,2025-07-27,7
SKU0195,2025-08-03,2
SKU0195,2025-08-10,7
SKU0195,2025-08-17,5
SKU0195,2025-08-24,6
SKU0195,2025-08-31,7
SKU0195,2025-09-07,2
SKU0195,2025-09-14,5
SKU0195,2025-09-21,5
SKU0195,2025-09-28,3
SKU0195,2025-10-05,0
SKU0196,2024-01-07,7
SKU0196,2024-01-14,10
SKU0196,2024-01-21,7
SKU0196,2024-01-28,5
SKU0196,2024-02-04,11
SKU0196,2024-02-11,9
SKU0196,2024-02-18,6
SKU0196,2024-02-25,13
SKU0196,2024-03-03,4
SKU0196,2024-03-10,3
SKU0196,2024-03-17,3
SKU0196,2024-03-24,5
SKU0196,2024-03-31,5
SKU0196,2024-04-07,10
SKU0196,2024-04-14,3
SKU0196,2024-04-21,6
SKU0196,2024-04-28,10
SKU0196,2024-05-05,7
SKU0196,2024-05-12,6
SKU0196,2024-05-19,9
SKU0196,2024-05-26,7
SKU0196,2024-06-02,7
SKU0196,2024-06-09,10
SKU0196,2024-06-16,8
SKU0196,2024-06-23,8
SKU0196,2024-06-30,5
SKU0196,2024-07-07,8
SKU0196,2024-07-14,7
SKU0196,2024-07-21,2
SKU0196,2024-07-28,11
SKU0196,2024-08-04,6
SKU0196,2024-08-11,7
SKU0196,2024-08-18,9
SKU0196,2024-08-25,7
SKU0196,2024-09-01,6
SKU0196,2024-09-08,5
SKU0196,2024-09-15,6
SKU0196,2024-09-22,9
SKU0196,2024-09-29,12
SKU0196,2024-10-06,9
SKU0196,2024-10-13,18
SKU0196,2024-10-20,16
SKU0196,2024-10-27,22
SKU0196,2024-11-03,13
SKU0196,2024-11-10,13
SKU0196,2024-11-17,12
SKU0196,2024-11-24,14
SKU0196,2024-12-01,18
SKU0196,2024-12-08,15
SKU0196,2024-12-15,5
SKU0196,2024-12-22,13
SKU0196,2024-12-29,15
SKU0196,2025-01-05,17
SKU0196,2025-01-12,11
SKU0196,2025-01-19,25
SKU0196,2025-01-26,8
SKU0196,2025-02-02,11
SKU0196,2025-02-09,12
SKU0196,2025-02-16,9
SKU0196,2025-02-23,14
SKU0196,2025-03-02,14
SKU0196,2025-03-09,15
SKU0196,2025-03-16,10
SKU0196,2025-03-23,7
SKU0196,2025-03-30,18
SKU0196,2025-04-06,6
SKU0196,2025-04-13,12
SKU0196,2025-04-20,12
SKU0196,2025-04-27,18
SKU0196,2025-05-04,4
SKU0196,2025-05-11,16
SKU0196,2025-05-18,11
SKU0196,2025-05-25,6
SKU0196,2025-06-01,12
SKU0196,2025-06-08,13
SKU0196,2025-06-15,13
SKU0196,2025-06-22,10
SKU0196,2025-06-29,14
SKU0196,2025-07-06,11
SKU0196,2025-07-13,14
SKU0196,2025-07-20,11
SKU0196,2025-07-27,16
SKU0196,2025-08-03,10
SKU0196,2025-08-10,9
SKU0196,2025-08-17,9
SKU0196,2025-08-24,18
SKU0196,2025-08-31,11
SKU0196,2025-09-07,15
SKU0196,2025-09-14,11
SKU0196,2025-09-21,20
SKU0196,2025-09-28,11
SKU0196,2025-10-05,1
SKU0197,2024-01-07,177
SKU0197,2024-01-14,201
SKU0197,2024-01-21,298
SKU0197,2024-01-28,192
SKU0197,2024-02-04,179
SKU0197,2024-02-11,205
SKU0197,2024-02-18,205
SKU0197,2024-02-25,160
SKU0197,2024-03-03,201
SKU0197,2024-03-10,191
SKU0197,2024-03-17,209
SKU0197,2024-03-24,184
SKU0197,2024-03-31,192
SKU0197,2024-04-07,196
SKU0197,2024-04-14,164
SKU0197,2024-04-21,168
SKU0197,2024-04-28,148
SKU0197,2024-05-05,175
SKU0197,2024-05-12,159
SKU0197,2024-05-19,164
SKU0197,2024-05-26,165
SKU0197,2024-06-02,206
SKU0197,2024-06-09,201
SKU0197,2024-06-16,156
SKU0197,2024-06-23,150
SKU0197,2024-06-30,193
SKU0197,2024-07-07,151
SKU0197,2024-07-14,163
SKU0197,2024-07-21,163
SKU0197,2024-07-28,214
SKU0197,2024-08-04,206
SKU0197,2024-08-11,193
SKU0197,2024-08-18,234
SKU0197,2024-08-25,220
SKU0197,2024-09-01,238
SKU0197,2024-09-08,268
SKU0197,2024-09-15,262
SKU0197,2024-09-22,286
SKU0197,2024-09-29,257
SKU0197,2024-10-06,255
SKU0197,2024-10-13,290
SKU0197,2024-10-20,319
SKU0197,2024-10-27,473
SKU0197,2024-11-03,268
SKU0197,2024-11-10,340
SKU0197,2024-11-17,302
SKU0197,2024-11-24,345
SKU0197,2024-12-01,432
SKU0197,2024-12-08,343
SKU0197,2024-12-15,350
SKU0197,2024-12-22,352
SKU0197,2024-12-29,378
SKU0197,2025-01-05,325
SKU0197,2025-01-12,361
SKU0197,2025-01-19,499
SKU0197,2025-01-26,398
SKU0197,2025-02-02,341
SKU0197,2025-02-09,366
SKU0197,2025-02-16,321
SKU0197,2025-02-23,345
SKU0197,2025-03-02,358
SKU0197,2025-03-09,315
SKU0197,2025-03-16,380
SKU0197,2025-03-23,341
SKU0197,2025-03-30,343
SKU0197,2025-04-06,289
SKU0197,2025-04-13,323
SKU0197,2025-04-20,322
SKU0197,2025-04-27,315
SKU0197,2025-05-04,284
SKU0197,2025-05-11,318
SKU0197,2025-05-18,279
SKU0197,2025-05-25,294
SKU0197,2025-06-01,315
SKU0197,2025-06-08,392
SKU0197,2025-06-15,254
SKU0197,2025-06-22,266
SKU0197,2025-06-29,304
SKU0197,2025-07-06,263
SKU0197,2025-07-13,288
SKU0197,2025-07-20,303
SKU0197,2025-07-27,294
SKU0197,2025-08-03,313
SKU0197,2025-08-10,306
SKU0197,2025-08-17,336
SKU0197,2025-08-24,351
SKU0197,2025-08-31,336
SKU0197,2025-09-07,388
SKU0197,2025-09-14,395
SKU0197,2025-09-21,381
SKU0197,2025-09-28,397
SKU0197,2025-10-05,116
SKU0198,2024-08-11,111
SKU0198,2024-08-18,109
SKU0198,2024-08-25,114
SKU0198,2024-09-01,121
SKU0198,2024-09-08,101
SKU0198,2024-09-15,101
SKU0198,2024-09-22,101
SKU0198,2024-09-29,107
SKU0198,2024-10-06,100
SKU0198,2024-10-13,102
SKU0198,2024-10-20,121
SKU0198,2024-10-27,157
SKU0198,2024-11-03,102
SKU0198,2024-11-10,93
SKU0198,2024-11-17,98
SKU0198,2024-11-24,101
SKU0198,2024-12-01,120
SKU0198,2024-12-08,59
SKU0198,2024-12-15,83
SKU0198,2024-12-22,67
SKU0198,2024-12-29,74
SKU0198,2025-01-05,67
SKU0198,2025-01-12,55
SKU0198,2025-01-19,66
SKU0198,2025-01-26,58
SKU0198,2025-02-02,47
SKU0198,2025-02-09,55
SKU0198,2025-02-16,52
SKU0198,2025-02-23,38
SKU0198,2025-03-02,41
SKU0198,2025-03-09,31
SKU0198,2025-03-16,17
SKU0198,2025-03-23,26
SKU0198,2025-03-30,18
SKU0198,2025-04-06,16
SKU0198,2025-04-13,13
SKU0198,2025-04-20,6
SKU0198,2025-04-27,10
SKU0198,2025-05-04,7
SKU0198,2025-05-11,4
SKU0198,2025-05-18,3
SKU0198,2025-05-25,0
SKU0198,2025-06-01,0
SKU0198,2025-06-08,0
SKU0198,2025-06-15,2
SKU0198,2025-06-22,0
SKU0198,2025-06-29,0
SKU0198,2025-07-06,0
SKU0198,2025-07-13,0
SKU0198,2025-07-20,1
SKU0198,2025-07-27,0
SKU0198,2025-08-03,0
SKU0198,2025-08-10,1
SKU0198,2025-08-17,1
SKU0198,2025-08-24,0
SKU0198,2025-08-31,0
SKU0198,2025-09-07,0
SKU0198,2025-09-14,0
SKU0198,2025-09-21,0
SKU0198,2025-09-28,0
SKU0198,2025-10-05,0
SKU0199,2024-01-07,82
SKU0199,2024-01-14,103
SKU0199,2024-01-21,128
SKU0199,2024-01-28,93
SKU0199,2024-02-04,96
SKU0199,2024-02-11,89
SKU0199,2024-02-18,85
SKU0199,2024-02-25,64
SKU0199,2024-03-03,104
SKU0199,2024-03-10,73
SKU0199,2024-03-17,72
SKU0199,2024-03-24,94
SKU0199,2024-03-31,80
SKU0199,2024-04-07,93
SKU0199,2024-04-14,71
SKU0199,2024-04-21,61
SKU0199,2024-04-28,79
SKU0199,2024-05-05,64
SKU0199,2024-05-12,84
SKU0199,2024-05-19,69
SKU0199,2024-05-26,56
SKU0199,2024-06-02,97
SKU0199,2024-06-09,95
SKU0199,2024-06-16,57
SKU0199,2024-06-23,75
SKU0199,2024-06-30,71
SKU0199,2024-07-07,70
SKU0199,2024-07-14,74
SKU0199,2024-07-21,63
SKU0199,2024-07-28,67
SKU0199,2024-08-04,63
SKU0199,2024-08-11,74
SKU0199,2024-08-18,78
SKU0199,2024-08-25,81
SKU0199,2024-09-01,95
SKU0199,2024-09-08,106
SKU0199,2024-09-15,108
SKU0199,2024-09-22,112
SKU0199,2024-09-29,123
SKU0199,2024-10-06,110
SKU0199,2024-10-13,118
SKU0199,2024-10-20,148
SKU0199,2024-10-27,245
SKU0199,2024-11-03,136
SKU0199,2024-11-10,111
SKU0199,2024-11-17,133
SKU0199,2024-11-24,139
SKU0199,2024-12-01,218
SKU0199,2024-12-08,151
SKU0199,2024-12-15,148
SKU0199,2024-12-22,165
SKU0199,2024-12-29,155
SKU0199,2025-01-05,159
SKU0199,2025-01-12,155
SKU0199,2025-01-19,215
SKU0199,2025-01-26,141
SKU0199,2025-02-02,159
SKU0199,2025-02-09,124
SKU0199,2025-02-16,131
SKU0199,2025-02-23,144
SKU0199,2025-03-02,153
SKU0199,2025-03-09,160
SKU0199,2025-03-16,129
SKU0199,2025-03-23,124
SKU0199,2025-03-30,120
SKU0199,2025-04-06,103
SKU0199,2025-04-13,130
SKU0199,2025-04-20,129
SKU0199,2025-04-27,124
SKU0199,2025-05-04,105
SKU0199,2025-05-11,110
SKU0199,2025-05-18,106
SKU0199,2025-05-25,104
SKU0199,2025-06-01,118
SKU0199,2025-06-08,138
SKU0199,2025-06-15,111
SKU0199,2025-06-22,102
SKU0199,2025-06-29,93
SKU0199,2025-07-06,98
SKU0199,2025-07-13,115
SKU0199,2025-07-20,92
SKU0199,2025-07-27,116
SKU0199,2025-08-03,101
SKU0199,2025-08-10,115
SKU0199,2025-08-17,136
SKU0199,2025-08-24,126
SKU0199,2025-08-31,141
SKU0199,2025-09-07,130
SKU0199,2025-09-14,165
SKU0199,2025-09-21,132
SKU0199,2025-09-28,168
SKU0199,2025-10-05,47
SKU0200,2025-01-19,19
SKU0200,2025-01-26,23
SKU0200,2025-02-02,11
SKU0200,2025-02-09,11
SKU0200,2025-02-16,24
SKU0200,2025-02-23,17
SKU0200,2025-03-02,21
SKU0200,2025-03-09,21
SKU0200,2025-03-16,13
SKU0200,2025-03-23,7
SKU0200,2025-03-30,9
SKU0200,2025-04-06,11
SKU0200,2025-04-13,9
SKU0200,2025-04-20,7
SKU0200,2025-04-27,10
SKU0200,2025-05-04,12
SKU0200,2025-05-11,9
SKU0200,2025-05-18,12
SKU0200,2025-05-25,8
SKU0200,2025-06-01,16
SKU0200,2025-06-08,8
SKU0200,2025-06-15,4
SKU0200,2025-06-22,4
SKU0200,2025-06-29,9
SKU0200,2025-07-06,3
SKU0200,2025-07-13,0
SKU0200,2025-07-20,6
SKU0200,2025-07-27,2
SKU0200,2025-08-03,5
SKU0200,2025-08-10,8
SKU0200,2025-08-17,2
SKU0200,2025-08-24,3
SKU0200,2025-08-31,4
SKU0200,2025-09-07,2
SKU0200,2025-09-14,1
SKU0200,2025-09-21,0
SKU0200,2025-09-28,0
SKU0200,2025-10-05,0
